Team,Player,Experience,DPM,DPM Improvement,O-DPM,D-DPM,Box DPM,Box O-DPM,Box D-DPM,FGA/100,FG2%,FG3A/100,FG3%,FG3ARate%,FTA/100,FT%,FTARate%,Usg%,Reb/100,Ast/100,Ast%,Blk/100,Blk%,Stl/100,Stl%,Tov/100
Milwaukee Bucks,Giannis Antetokounmpo,Vet,7.3,-0.2,4.5,2.8,4.5,3.4,1.1,28.2,62.40%,3.8,27.20%,19.60%,13.9,67.60%,56.50%,33.30%,17.5,7.7,28.20%,1.8,2.00%,1.5,1.50%,4.9
Philadelphia 76ers,Joel Embiid,Vet,6.3,0.5,3.9,2.4,3.8,3.4,0.4,27.8,54.50%,5.1,31.80%,20.90%,14.9,81.90%,61.30%,33.50%,17.4,4.9,16.30%,2.2,2.20%,1.4,1.40%,4.3
Boston Celtics,Jayson Tatum,Vet,5.5,2.6,4.8,0.6,4.6,4.6,0,27.2,52.40%,10.9,35.60%,43.80%,9.8,85.00%,35.60%,29.20%,9.9,6.2,21.70%,0.9,1.00%,1.5,1.50%,4.2
Los Angeles Lakers,LeBron James,Vet,5.5,-0.8,5.1,0.4,6.9,6.8,0.1,29.6,59.30%,10.5,32.90%,36.90%,8.2,70.50%,33.50%,33.10%,11.3,8.2,27.00%,1.2,1.40%,1.6,1.50%,5
Denver Nuggets,Nikola Jokic,Vet,5.4,0.8,3.7,1.8,4.1,3.3,0.8,27,60.10%,4.5,35.60%,19.10%,10.5,82.40%,39.20%,33.90%,20.1,9.7,35.70%,1.4,1.50%,2,1.90%,5.5
Los Angeles Clippers,Kawhi Leonard,Vet,5,-1.6,3.5,1.5,5.7,3.9,1.8,23.8,53.20%,7.5,35.60%,36.20%,7.5,86.30%,34.60%,27.40%,9.8,5.6,19.70%,0.8,0.90%,2.4,2.30%,2.7
Brooklyn Nets,Kevin Durant,Vet,5,-0.7,5.1,-0.1,3.8,4,-0.2,24.8,53.60%,7.1,38.30%,29.60%,9.9,89.70%,38.10%,29.20%,9.2,8,26.10%,1.3,1.40%,1.2,1.20%,4.5
Phoenix Suns,Chris Paul,Vet,4.9,0.9,3.2,1.7,2.9,1.1,1.8,18.3,54.50%,5.5,34.10%,28.20%,5.4,87.50%,29.30%,20.50%,6.5,13.6,42.00%,0.4,0.50%,2.5,2.40%,3.4
Golden State Warriors,Stephen Curry,Vet,4.7,0.4,4.5,0.1,3.2,4.3,-1.1,25.6,50.70%,15.8,39.10%,57.30%,7.3,89.70%,27.50%,28.60%,6.7,8.1,24.80%,0.5,0.50%,1.7,1.70%,4.3
Los Angeles Clippers,Paul George,Vet,4.4,-0.7,2.5,1.9,3.5,2.6,0.9,26.3,47.60%,12,35.80%,50.10%,7.8,83.70%,31.10%,31.60%,9.8,7.6,25.80%,0.7,0.70%,2.2,2.10%,5.3
Minnesota Timberwolves,Karl-Anthony Towns,Vet,4.2,0.9,3.7,0.5,2,1.9,0.1,21.2,57.10%,6.3,37.90%,30.20%,9.5,82.40%,44.60%,26.30%,14.6,4.5,13.70%,1.7,1.80%,1.3,1.30%,4.1
Portland Trail Blazers,Damian Lillard,Vet,4.2,0,5.3,-1.1,4.6,5.2,-0.5,24.1,48.60%,13.3,34.30%,55.40%,9.4,89.00%,37.30%,27.90%,5.7,8.9,30.60%,0.5,0.60%,1.1,1.10%,3.6
Brooklyn Nets,Kyrie Irving,Vet,3.9,0,4.4,-0.5,3.2,3,0.2,23,51.50%,9.6,37.90%,40.50%,5.6,90.50%,24.40%,25.30%,5.9,7.1,21.20%,0.8,0.90%,1.9,1.80%,3
Phoenix Suns,Devin Booker,Vet,3.9,1.2,4.9,-1,3.6,4.7,-1,28.3,52.20%,9.8,34.80%,36.10%,8.3,87.40%,32.10%,29.40%,6.8,6.7,20.50%,0.5,0.60%,1.3,1.30%,3.5
Miami Heat,Jimmy Butler,Vet,3.9,0.4,2.6,1.2,2.4,2.3,0.1,22.6,51.10%,4.2,28.70%,22.00%,11.2,85.80%,52.60%,25.50%,9.3,7.1,22.00%,0.7,0.80%,2.4,2.50%,2.8
Utah Jazz,Rudy Gobert,Vet,3.8,-1,0,3.8,2.1,0.6,1.5,10.7,67.10%,0.6,12.40%,4.20%,10.5,65.30%,85.20%,17.10%,20.6,1.6,4.60%,2.6,3.00%,0.9,0.90%,2.5
Milwaukee Bucks,Jrue Holiday,Vet,3.8,0.4,2.8,1,1.9,2,-0.1,21.1,51.80%,7.9,33.50%,39.40%,4.2,75.60%,20.80%,23.70%,6.6,8.8,27.60%,0.7,0.80%,2.2,2.20%,3.7
Dallas Mavericks,Luka Doncic,Vet,3.8,0.8,4.3,-0.5,4.1,4.6,-0.5,30.4,53.60%,13.6,33.10%,44.70%,12,73.30%,41.20%,33.60%,12.9,11.1,40.40%,0.9,1.00%,1.5,1.50%,5.5
Philadelphia 76ers,James Harden,Vet,3.8,-0.9,3.6,0.2,4.3,4,0.3,18.2,50.70%,8.2,34.60%,49.00%,10.1,86.30%,51.30%,23.10%,9.6,11.5,36.10%,0.7,0.80%,1.7,1.60%,5.1
Utah Jazz,Donovan Mitchell,Vet,3.6,0.7,4.6,-1,3.3,4.6,-1.2,29.1,50.30%,12.2,34.80%,43.90%,8.3,84.80%,29.50%,32.90%,6.3,7.9,26.40%,0.4,0.40%,1.7,1.70%,4.3
Boston Celtics,Jaylen Brown,Vet,3.5,1.6,3.4,0.1,2.2,3,-0.8,25.9,54.40%,8.2,34.30%,36.20%,7.6,75.30%,29.90%,28.50%,8.9,4.9,17.70%,0.5,0.60%,1.7,1.60%,3.9
Toronto Raptors,Pascal Siakam,Vet,2.9,1.2,2,0.8,1.6,2,-0.4,23.9,51.50%,4.2,31.40%,21.00%,8,77.60%,32.70%,26.10%,10.8,7.1,23.80%,0.9,1.00%,1.6,1.60%,3.5
Miami Heat,Bam Adebayo,Vet,2.8,0.8,1,1.8,1.9,0.4,1.5,17.7,58.80%,0.6,16.70%,4.10%,8.7,76.30%,50.90%,23.00%,15.2,5.1,15.70%,1.4,1.50%,1.9,1.90%,3.7
Phoenix Suns,Deandre Ayton,Vet,2.8,0.8,1.2,1.6,2.8,1.4,1.4,21.2,62.10%,1.1,27.40%,5.60%,4.1,77.30%,20.50%,22.80%,16.3,2.4,7.80%,1.3,1.50%,1,1.10%,2.1
Boston Celtics,Robert Williams III,Vet,2.8,0.9,0.6,2.1,2.6,0.9,1.7,10.2,63.40%,0.6,13.40%,5.00%,3.1,70.10%,30.60%,12.10%,16.3,2.7,8.10%,4.2,4.50%,1.6,1.60%,1.6
Atlanta Hawks,Trae Young,Vet,2.8,-0.2,5.1,-2.4,2.4,4.9,-2.5,25.2,50.00%,10.8,34.90%,44.00%,10.1,87.80%,39.30%,31.30%,5.5,11.9,39.80%,0.3,0.30%,1.2,1.30%,5.1
Milwaukee Bucks,Khris Middleton,Vet,2.6,0.1,2.4,0.2,1.7,2,-0.2,23.7,46.60%,10.6,34.90%,47.00%,6.5,85.70%,27.60%,26.40%,8,8.1,26.50%,0.4,0.60%,1.7,1.60%,3.6
Minnesota Timberwolves,Anthony Edwards,Sophomore,2.5,1.8,2.6,-0.1,3,3.2,-0.2,23,51.50%,11.8,35.30%,51.80%,6,79.40%,26.90%,26.10%,6.4,5,17.20%,0.9,1.00%,1.8,1.80%,3.3
New Orleans Pelicans,Brandon Ingram,Vet,2.5,0.9,2.7,-0.2,1.8,3,-1.2,25.1,51.30%,5.6,35.80%,22.70%,9.4,83.40%,38.40%,28.50%,8.3,8,25.70%,0.6,0.80%,1,0.90%,3.9
Boston Celtics,Marcus Smart,Vet,2.5,0.9,0.9,1.6,0.3,0,0.3,16.8,49.70%,9.3,32.40%,55.30%,4.6,79.50%,30.10%,19.30%,5.8,8.6,26.10%,0.4,0.50%,2.3,2.30%,3.6
Los Angeles Clippers,Robert Covington,Vet,2.4,0.5,-0.2,2.6,2,-0.3,2.3,14.5,48.90%,10,34.70%,68.60%,3,81.90%,21.90%,16.10%,10.2,2.2,6.50%,2.1,2.40%,2.5,2.40%,1.7
Golden State Warriors,Otto Porter Jr.,Vet,2.4,1.6,0.6,1.9,2.2,0.7,1.5,12.5,53.00%,6,37.60%,46.40%,2.4,77.70%,19.90%,12.90%,12.6,3.3,9.20%,0.9,1.00%,2,2.00%,1.5
Utah Jazz,Mike Conley,Vet,2.4,-1,1,1.4,0.8,0,0.8,17.9,46.30%,9.4,36.60%,50.90%,4.3,80.90%,22.50%,19.10%,5.4,9.1,28.10%,0.6,0.60%,2.1,2.00%,3.2
Toronto Raptors,Fred VanVleet,Vet,2.4,0.6,1.3,1,1.2,0.8,0.3,20.8,45.80%,13.9,35.60%,64.90%,4.3,84.50%,22.00%,21.30%,5.6,7.8,24.30%,0.8,0.90%,2.2,2.10%,2.9
Los Angeles Lakers,Anthony Davis,Vet,2.3,-1.3,0.5,1.8,2.3,1.2,1.1,22.7,53.30%,2.2,30.50%,10.90%,9,74.00%,41.50%,26.40%,13.4,4.2,13.90%,3,3.20%,1.7,1.70%,2.9
Portland Trail Blazers,Jusuf Nurkic,Vet,2.3,-0.1,0.2,2.1,0.7,-0.3,1,19.9,51.20%,2.4,28.50%,10.90%,9,64.40%,48.00%,24.40%,19.1,4.7,14.50%,1.4,1.50%,1.8,1.70%,4.6
Golden State Warriors,Draymond Green,Vet,2.3,0.1,-1.3,3.6,1.4,-1.1,2.5,9.5,54.10%,3.2,25.90%,23.90%,3.4,70.90%,31.70%,13.00%,11.6,10.3,29.10%,1.7,1.90%,2.3,2.30%,4
Los Angeles Clippers,Isaiah Hartenstein,Vet,2.3,1.7,0.4,1.8,2.5,0.6,1.9,14.1,62.40%,3.3,27.70%,17.90%,5.5,67.30%,38.50%,18.50%,14,6.4,19.80%,2.8,3.10%,1.7,1.70%,3.9
Atlanta Hawks,Bogdan Bogdanovic,Vet,2.3,1.4,2.2,0.1,1.7,1.7,0,22,49.80%,13,36.60%,57.30%,4.1,82.40%,18.60%,22.10%,6.9,4.8,15.70%,0.5,0.50%,1.9,1.80%,2
Memphis Grizzlies,Steven Adams,Vet,2.3,1,-0.4,2.6,2.7,-0.1,2.8,9.3,56.70%,0.7,15.60%,5.70%,6.2,49.10%,49.30%,14.00%,17.2,6.2,18.60%,1.7,1.70%,1.6,1.60%,2.6
Memphis Grizzlies,Ja Morant,Vet,2,2.2,3.2,-1.1,0.7,2.8,-2.1,26.4,51.80%,6,30.40%,24.20%,11.5,71.50%,42.10%,31.10%,8.5,10.2,31.00%,0.6,0.60%,1.5,1.50%,5.1
Charlotte Hornets,LaMelo Ball,Sophomore,2,1.6,1.6,0.4,2.8,1.8,1,24.8,48.90%,12.5,33.90%,50.50%,5.7,82.50%,26.20%,28.10%,8.8,10.1,32.40%,0.6,0.60%,2.2,2.20%,4.8
Milwaukee Bucks,Brook Lopez,Vet,2,-0.8,-0.6,2.6,0.9,0.3,0.5,17.8,57.50%,7,33.00%,36.80%,4.6,82.50%,23.90%,19.30%,9.6,1.2,3.70%,2.6,2.80%,1.1,1.10%,1.8
Miami Heat,Kyle Lowry,Vet,2,0.2,0.8,1.1,0.4,-0.2,0.6,13.4,48.30%,9.8,34.30%,69.00%,4.7,81.10%,31.10%,16.30%,6.6,9.7,28.30%,0.4,0.50%,1.5,1.50%,3.4
Cleveland Cavaliers,Darius Garland,Vet,1.9,3.4,3,-1,1.4,3,-1.6,26.2,49.50%,8.9,35.30%,33.50%,6.8,86.40%,27.40%,28.10%,4.5,10.4,34.60%,0.3,0.30%,1.8,1.80%,5.1
Golden State Warriors,Kevon Looney,Vet,1.9,1.4,-0.6,2.5,1.6,-0.6,2.2,9.1,59.70%,0.7,19.90%,4.70%,3.5,56.90%,37.00%,11.10%,16.3,4.4,13.00%,1.2,1.30%,1.3,1.30%,1.8
Memphis Grizzlies,Brandon Clarke,Vet,1.8,0.8,0.9,0.9,2.3,1.2,1.1,15.8,63.00%,0.7,28.80%,4.60%,5.8,68.10%,38.60%,18.10%,13.3,3,9.70%,2.3,2.60%,1.5,1.50%,1.8
Washington Wizards,Kristaps Porzingis,Vet,1.8,0.5,1.1,0.7,1.9,0.8,1.1,26.7,49.90%,8.8,34.40%,32.60%,10.5,83.30%,41.00%,31.40%,14.5,4.1,13.80%,2.6,2.80%,1.1,1.10%,3.1
San Antonio Spurs,Dejounte Murray,Vet,1.8,1.6,1.7,0.2,1.9,1.9,0,25.5,49.20%,7.3,32.50%,30.00%,6.4,79.00%,27.40%,28.10%,11,10.1,33.40%,0.5,0.50%,2.5,2.50%,3.7
Memphis Grizzlies,Desmond Bane,Sophomore,1.8,2.5,1.5,0.3,1.6,1.3,0.2,21,50.90%,11.2,38.10%,53.40%,3.8,87.30%,19.70%,21.40%,6.7,3.6,11.00%,0.8,0.80%,1.8,1.70%,2.1
Golden State Warriors,Gary Payton II,Vet,1.8,2.2,0,1.8,2.4,0.1,2.4,12.1,65.00%,4.3,31.00%,34.50%,2.3,64.90%,18.80%,13.50%,9.5,2.8,8.20%,1,1.10%,3.1,3.10%,1.7
San Antonio Spurs,Jakob Poeltl,Vet,1.8,0.3,-0.2,2,0.6,-0.9,1.5,16.4,63.90%,0.7,15.40%,4.30%,5.4,48.90%,34.00%,18.70%,15.5,3.7,11.40%,2.7,3.10%,1.1,1.10%,2.7
Philadelphia 76ers,Danny Green,Vet,1.8,-0.5,-0.3,2,1.4,1,0.4,12.1,46.70%,10.1,36.60%,83.00%,1,75.30%,9.00%,11.50%,6.3,2.3,6.60%,1.1,1.20%,2,2.00%,1.3
Atlanta Hawks,Clint Capela,Vet,1.7,-0.6,0.2,1.5,0.7,0,0.7,13.2,64.00%,0.7,14.70%,4.10%,4.5,48.00%,32.50%,15.00%,22.2,1.8,5.40%,2.1,2.50%,1.2,1.20%,1.4
New Orleans Pelicans,CJ McCollum,Vet,1.7,-0.9,2.2,-0.4,0.8,2,-1.2,26.4,50.10%,9.9,36.10%,38.90%,5.1,72.00%,20.10%,26.90%,6.2,7,21.70%,0.6,0.70%,1.3,1.30%,2.8
Cleveland Cavaliers,Jarrett Allen,Vet,1.7,1.8,0.3,1.4,1.9,0.8,1.1,14.8,62.90%,0.8,26.10%,4.50%,6.3,67.80%,47.40%,18.00%,16.1,2.3,6.70%,2,2.20%,1,1.00%,2.3
Memphis Grizzlies,Jaren Jackson Jr.,Vet,1.7,1.1,0.3,1.4,1.2,0,1.2,21.5,49.80%,9.5,33.90%,41.70%,8.3,80.40%,37.70%,23.70%,11.1,1.7,5.40%,4.5,5.00%,1.5,1.50%,2.8
Memphis Grizzlies,De'Anthony Melton,Vet,1.7,0.5,0.3,1.4,1.8,0.2,1.6,19.7,46.20%,12.7,32.80%,63.20%,3.7,74.60%,20.80%,20.80%,9.1,5,15.30%,1,1.20%,2.7,2.70%,2.9
Minnesota Timberwolves,Patrick Beverley,Vet,1.7,0.4,-0.3,2,2.6,0.1,2.5,12.9,48.90%,7.6,35.00%,58.80%,5,72.30%,34.80%,15.20%,7.3,7.4,20.20%,1.5,1.80%,1.9,1.90%,2.4
New York Knicks,Mitchell Robinson,Vet,1.7,0.4,0.1,1.5,2.7,1,1.7,9.4,66.40%,0.7,15.30%,4.50%,5.3,49.20%,52.20%,13.00%,14.3,1.4,4.00%,4.1,4.30%,1.7,1.70%,1.8
Brooklyn Nets,Ben Simmons,Vet,1.6,-0.5,0.6,1,2.9,1.4,1.5,15.2,57.60%,4.3,16.70%,22.40%,6.5,52.10%,48.10%,18.20%,10.7,8,24.20%,1,1.10%,2.2,2.10%,3.4
Utah Jazz,Jordan Clarkson,Vet,1.6,1.2,2.5,-0.9,2,2.4,-0.4,23.2,52.20%,11.2,33.80%,46.80%,4.5,83.90%,20.70%,23.50%,6.4,4.2,13.70%,0.4,0.50%,1.4,1.40%,2.9
New Orleans Pelicans,Zion Williamson,Vet,1.6,-0.1,2.1,-0.5,1.8,2.6,-0.8,24,56.50%,4,27.40%,16.50%,11.2,65.30%,47.20%,28.80%,10.4,5.3,17.50%,0.9,1.00%,1.5,1.30%,3.7
Houston Rockets,Christian Wood,Vet,1.6,0.4,1.2,0.4,3.8,2.3,1.5,19.8,57.50%,8.9,35.10%,46.60%,8.4,59.40%,41.20%,23.90%,15.5,3.6,12.30%,1.5,1.70%,1.2,1.20%,3
Denver Nuggets,Michael Porter Jr.,Vet,1.6,-0.6,1.2,0.4,0.9,1.1,-0.2,19.1,56.70%,9.2,37.20%,46.60%,3.5,76.60%,19.90%,21.00%,11,2.6,8.20%,0.9,1.10%,1.5,1.30%,2.1
Oklahoma City Thunder,Shai Gilgeous-Alexander,Vet,1.6,0.9,2.7,-1.1,2.6,3.7,-1.1,27.3,50.00%,6.4,35.60%,25.10%,10.8,77.30%,43.00%,31.50%,7.1,8.2,31.20%,1.1,1.20%,1.7,1.60%,4.2
Minnesota Timberwolves,Jarred Vanderbilt,Vet,1.6,0.4,-0.2,1.8,1,-0.5,1.6,8.6,61.70%,0.7,26.80%,4.60%,3.9,61.60%,40.80%,11.20%,15.9,2.1,6.00%,1.1,1.40%,2.3,2.40%,1.7
Boston Celtics,Al Horford,Vet,1.6,2.6,-0.8,2.4,1.2,0.4,0.9,12.3,55.00%,6.8,36.80%,54.00%,2.1,81.80%,17.50%,13.50%,13.2,4.2,11.80%,2.1,2.30%,1.2,1.20%,1.3
Orlando Magic,Jonathan Isaac,Vet,1.4,-0.1,0,1.4,1.5,0.1,1.4,16.2,51.90%,5.5,32.00%,30.90%,4.3,78.10%,26.80%,18.10%,11.6,2.8,8.30%,2.2,2.80%,1.8,2.00%,1.9
Toronto Raptors,Chris Boucher,Vet,1.4,0.2,0.7,0.7,0,0.4,-0.4,16.4,58.90%,7.4,33.00%,41.60%,6,78.50%,36.00%,17.70%,14.4,1.3,3.80%,2.2,2.50%,1.2,1.20%,1.3
Washington Wizards,Bradley Beal,Vet,1.4,-0.9,2.5,-1.2,0.5,2.1,-1.6,23.8,50.00%,6.8,34.30%,29.90%,8,82.80%,34.40%,27.90%,6.4,8.5,29.40%,0.5,0.60%,1.3,1.30%,4.4
Denver Nuggets,Jamal Murray,Vet,1.4,-0.7,2.1,-0.7,-0.1,0.8,-0.9,23.5,48.40%,8.8,36.10%,43.60%,4.3,84.30%,22.70%,24.70%,6.4,6.1,21.50%,0.5,0.50%,1.7,1.70%,2.9
Phoenix Suns,Jae Crowder,Vet,1.3,-0.2,-0.5,1.9,-0.5,-1.4,0.9,13.7,49.30%,9.2,35.20%,66.90%,2.6,76.50%,20.70%,14.80%,9.1,3.1,9.60%,0.9,1.00%,1.9,1.90%,1.6
Philadelphia 76ers,Tobias Harris,Vet,1.3,-0.8,0.9,0.4,0.3,0.7,-0.4,18.3,54.20%,6.2,36.50%,34.20%,3.6,83.90%,21.30%,19.10%,10,4,11.70%,0.9,1.00%,1,1.00%,1.9
Dallas Mavericks,Dorian Finney-Smith,Vet,1.2,0.6,0.3,0.9,0,-0.3,0.4,12.6,59.90%,9,35.90%,69.40%,1.8,74.00%,15.90%,13.40%,7.4,2.9,8.00%,0.7,0.80%,1.4,1.40%,1.3
Charlotte Hornets,Montrezl Harrell,Vet,1.2,1.5,1.1,0.2,1.8,1.4,0.4,16.2,67.90%,0.8,15.20%,4.40%,8.9,65.90%,54.90%,19.80%,12.7,3.9,12.00%,1.4,1.60%,1.1,1.10%,2.3
New York Knicks,Immanuel Quickley,Sophomore,1.2,0.7,1,0.2,0.8,1.2,-0.4,21.6,45.70%,11.3,34.20%,51.70%,6.7,83.80%,32.80%,23.80%,7.7,8.3,28.20%,0.2,0.30%,1.4,1.40%,3.6
New Orleans Pelicans,Jonas Valanciunas,Vet,1.2,-0.1,0.2,1,0.5,0.4,0.2,19.8,59.30%,2.9,31.40%,15.20%,6.9,77.70%,35.80%,23.50%,20.8,4.3,13.70%,1.2,1.40%,0.9,0.90%,3.7
Oklahoma City Thunder,Mike Muscala,Vet,1.2,0.9,0.4,0.8,-0.3,0.2,-0.5,18.5,49.60%,13.4,35.40%,63.50%,3.8,82.20%,21.40%,19.30%,10.6,2,5.80%,1.6,1.80%,1,1.00%,1.2
Miami Heat,Caleb Martin,Vet,1.1,2.2,-0.1,1.2,1.3,0,1.3,15.1,52.50%,6.7,34.40%,42.60%,3.6,72.60%,23.30%,15.90%,8.1,1.9,6.10%,0.9,1.00%,2.1,2.10%,1.9
Houston Rockets,David Nwaba,Vet,1.1,0.3,0.3,0.8,1.4,0.3,1,12.7,54.80%,4.7,31.50%,35.40%,5,68.30%,34.60%,14.90%,11,2.6,7.60%,1.5,1.70%,1.9,1.90%,1.7
Golden State Warriors,Andrew Wiggins,Vet,1.1,1.4,0.4,0.8,-0.1,0.1,-0.2,19.3,51.10%,7.4,35.40%,37.40%,5.2,64.00%,27.90%,21.00%,7.6,3.1,8.90%,1.1,1.20%,1.4,1.40%,2.1
New Orleans Pelicans,Jared Harper,Vet,1.1,2.9,1.1,0,1.1,1.1,0,22.3,50.10%,13.7,32.70%,51.50%,4.9,80.70%,22.60%,22.00%,4.5,9.9,36.00%,0.6,0.70%,2.1,2.10%,3.5
New York Knicks,Alec Burks,Vet,1.1,0.2,0.3,0.8,0.5,0,0.5,14.5,45.70%,8.9,36.90%,57.40%,5.5,80.20%,34.70%,16.60%,8.8,4.8,14.40%,0.6,0.70%,1.6,1.50%,2.1
New Orleans Pelicans,Larry Nance Jr.,Vet,1,0.2,-0.2,1.3,1.2,-0.6,1.8,13.3,58.00%,3.2,30.50%,17.40%,3.9,71.50%,31.20%,15.20%,13.2,3.4,10.70%,1,1.20%,2.1,2.00%,2
Charlotte Hornets,Miles Bridges,Vet,1,0.9,1.4,-0.4,0.4,1.4,-1,20.6,57.80%,8.1,35.10%,39.50%,6.1,80.10%,31.20%,23.00%,9.5,4.8,14.60%,1.1,1.30%,1.1,1.10%,2.7
Milwaukee Bucks,Bobby Portis,Vet,1,0.9,0.4,0.7,-0.5,0.2,-0.7,19.5,52.50%,8.6,36.50%,43.70%,2.7,73.00%,14.90%,20.20%,15.9,1.9,5.60%,1,1.20%,1.3,1.30%,1.7
Chicago Bulls,Zach LaVine,Vet,1,-0.7,2,-1,1.4,2.4,-0.9,22,52.80%,9.1,36.60%,39.30%,8.4,83.20%,35.60%,26.30%,6.4,6.6,22.60%,0.5,0.60%,1,1.00%,3.8
Golden State Warriors,Jordan Poole,Vet,1,1.5,1.8,-0.8,0.2,1.8,-1.6,23.1,53.60%,12.6,35.40%,55.00%,7.2,89.40%,31.70%,26.30%,6,7.5,24.70%,0.6,0.70%,1.3,1.30%,4.3
Dallas Mavericks,Dwight Powell,Vet,1,-0.9,-0.3,1.3,0.9,0.2,0.7,11.2,67.60%,0.7,26.80%,4.20%,6.5,75.80%,55.80%,14.50%,12.2,2.4,7.00%,1.2,1.40%,1.2,1.20%,1.7
Charlotte Hornets,Terry Rozier,Vet,0.9,1.5,1.6,-0.7,1,2.2,-1.2,23,50.20%,11.6,36.30%,49.80%,4.2,82.90%,20.80%,23.60%,6.2,6.2,19.90%,0.5,0.60%,1.7,1.70%,2.4
Utah Jazz,Hassan Whiteside,Vet,0.9,2.3,-0.4,1.3,1.9,0.3,1.5,12.8,62.80%,0.7,11.20%,4.40%,6.5,57.70%,50.60%,16.10%,22,1.3,3.70%,4.5,5.40%,1,0.90%,2.4
Dallas Mavericks,Jalen Brunson,Vet,0.9,-0.1,1.6,-0.7,0.1,1.4,-1.3,23.1,53.70%,6,37.30%,26.30%,6.3,83.80%,27.40%,24.30%,6.4,6.1,19.50%,0.2,0.20%,1.2,1.20%,2.4
Indiana Pacers,Myles Turner,Vet,0.9,-0.1,-0.7,1.5,1.2,-0.3,1.5,16.2,56.20%,7.1,34.40%,41.40%,4.6,73.80%,31.00%,18.30%,11.5,2,5.50%,4.6,5.00%,1.2,1.20%,2.1
Phoenix Suns,Mikal Bridges,Vet,0.9,-0.5,0.8,0.1,-0.1,0.5,-0.6,14.6,61.00%,4.5,35.10%,29.80%,3.8,84.10%,26.60%,16.00%,6.3,2.9,8.50%,0.9,1.00%,1.6,1.60%,1.4
Denver Nuggets,Aaron Gordon,Vet,0.9,1,0.9,-0.1,-0.5,-0.1,-0.4,16.9,56.00%,5.3,32.40%,31.00%,5.7,70.20%,32.90%,19.60%,9.7,3.4,10.30%,1.1,1.20%,0.9,1.00%,2.7
Indiana Pacers,Ricky Rubio,Vet,0.8,0.4,-0.1,1,1.3,0.1,1.2,18.5,44.40%,8.1,32.60%,41.50%,5,83.60%,28.80%,20.60%,7.2,10.4,31.00%,0.4,0.40%,2.4,2.30%,3.3
Toronto Raptors,OG Anunoby,Vet,0.8,-0.4,0.2,0.6,0.5,0.2,0.3,17.9,54.50%,9.3,36.40%,51.70%,3.4,76.00%,19.40%,19.20%,7.5,3.4,10.20%,0.7,0.80%,1.9,1.90%,2.3
Dallas Mavericks,Reggie Bullock,Vet,0.8,1.2,0.3,0.5,0.5,0.4,0.1,11.5,53.20%,9.7,38.60%,82.70%,1.5,85.80%,14.40%,11.40%,6.7,2.3,6.40%,0.5,0.50%,1.2,1.20%,0.9
Sacramento Kings,Domantas Sabonis,Vet,0.8,0,0.6,0.1,1.7,0.9,0.8,18.8,56.50%,2.4,31.70%,12.10%,8.6,69.70%,44.60%,24.20%,17.4,7.9,25.20%,0.8,0.90%,1.3,1.30%,4.8
Los Angeles Clippers,Nicolas Batum,Vet,0.8,-0.5,-0.4,1.2,0.9,0,1,12.3,52.60%,8.7,36.00%,68.50%,1.7,75.30%,14.60%,12.90%,8.9,3.4,10.10%,1.2,1.30%,1.8,1.80%,1.3
Detroit Pistons,Kelly Olynyk,Vet,0.7,-0.6,0.3,0.4,2.3,1.6,0.6,16.4,55.50%,7.2,32.00%,44.80%,5.8,78.20%,34.30%,19.20%,12,6.4,18.80%,1.3,1.40%,1.8,1.80%,3.6
Milwaukee Bucks,George Hill,Vet,0.7,2.3,0.2,0.6,-1.6,-1.4,-0.2,13.5,50.50%,5.6,32.50%,47.10%,3.2,79.60%,24.00%,12.70%,6,4.9,16.90%,0.4,0.40%,1.7,1.60%,1.7
Chicago Bulls,Lonzo Ball,Vet,0.7,0.7,-0.4,1.1,0.9,-0.5,1.3,16.2,44.80%,11.2,35.10%,71.00%,2.3,70.90%,15.40%,18.60%,7.4,7,20.70%,1,1.10%,2.3,2.20%,3.3
Memphis Grizzlies,Tyus Jones,Vet,0.7,2.3,0.6,0.1,1,1.2,-0.2,17.5,48.10%,7.8,34.80%,45.00%,2.6,82.40%,16.40%,17.60%,5.4,9.4,26.60%,0.1,0.10%,2.2,2.10%,1.9
New Orleans Pelicans,Herbert Jones,Rookie,0.7,2.7,-0.9,1.6,1,-1.2,2.3,11.1,54.00%,4.3,31.90%,38.20%,3.8,81.50%,33.30%,12.70%,6.3,3.2,8.70%,1.2,1.30%,2.5,2.50%,2
Golden State Warriors,Klay Thompson,Vet,0.7,0.2,0.8,-0.1,0.7,1.7,-0.9,27.6,48.90%,15.4,41.00%,54.80%,2.7,83.80%,11.90%,26.40%,5.8,3.5,10.70%,0.8,0.90%,1.1,1.10%,1.6
Dallas Mavericks,Maxi Kleber,Vet,0.7,1.3,-0.7,1.3,-0.1,-0.8,0.7,12.7,55.10%,10.4,34.90%,80.10%,2.7,73.80%,23.10%,14.80%,11.3,2.3,6.90%,1.6,1.80%,0.9,0.90%,1.4
Denver Nuggets,Monte Morris,Vet,0.7,0.6,1.4,-0.8,0.4,1.1,-0.7,15,53.00%,7.4,39.10%,46.30%,2.5,82.40%,16.80%,16.40%,4.9,7.4,19.90%,0.4,0.40%,1.3,1.30%,1.9
Atlanta Hawks,Delon Wright,Vet,0.6,0.7,-0.1,0.8,1,-0.3,1.3,9,52.70%,4.7,32.60%,45.10%,2.5,78.30%,27.30%,10.50%,7.7,5.2,15.50%,0.7,0.80%,2.7,2.60%,1.6
Phoenix Suns,Cameron Johnson,Vet,0.6,0.1,0.6,0,0.7,0.6,0.1,16.9,53.10%,10.6,38.00%,60.80%,4.2,83.30%,24.30%,18.00%,7.7,2.7,7.60%,0.4,0.50%,1.4,1.40%,1.4
Atlanta Hawks,Onyeka Okongwu,Sophomore,0.6,1.1,-0.3,0.9,0.9,-0.2,1.1,9.6,66.00%,0.7,15.10%,4.40%,5.2,70.70%,49.80%,12.20%,14.6,2.2,6.20%,2.5,2.70%,1.5,1.60%,2
Boston Celtics,Derrick White,Vet,0.6,-1.3,0.2,0.4,-0.3,-0.4,0.2,15.4,50.30%,7.3,32.60%,48.80%,5.4,83.00%,31.40%,17.40%,6.3,6,17.00%,1.1,1.20%,1.3,1.30%,2.1
Brooklyn Nets,Bruce Brown,Vet,0.6,0.3,-0.1,0.7,1.4,-0.1,1.6,14.7,54.90%,4.2,33.80%,28.80%,4.1,76.20%,27.40%,16.40%,9.5,4.4,12.80%,1.3,1.50%,1.9,1.90%,2.1
Sacramento Kings,Richaun Holmes,Vet,0.6,-0.9,-0.2,0.8,1.5,0.1,1.4,12.8,63.20%,0.8,21.80%,4.40%,4.6,75.10%,34.30%,14.90%,13.5,2.1,6.40%,2.1,2.50%,1,1.00%,2.3
Chicago Bulls,Alex Caruso,Vet,0.6,0.4,-1,1.6,-0.2,-1.6,1.4,10.1,47.60%,6.1,33.80%,60.20%,2.5,72.10%,24.80%,11.00%,6.3,6.8,17.90%,0.8,1.00%,2.6,2.50%,2.3
New York Knicks,Obi Toppin,Sophomore,0.6,1.1,0.6,0,0,0.7,-0.7,20.6,61.00%,9.9,33.90%,47.10%,4.5,75.60%,24.40%,23.10%,10.3,3.1,10.10%,1.2,1.30%,1.1,1.10%,2.4
Brooklyn Nets,Seth Curry,Vet,0.6,0,0.9,-0.4,1,1.5,-0.4,15.3,53.50%,10,40.10%,61.00%,2.1,83.70%,14.30%,16.30%,4.7,4.4,11.40%,0.5,0.50%,1.2,1.20%,1.8
Charlotte Hornets,Mason Plumlee,Vet,0.5,0,-1.5,2.1,2,-0.6,2.6,8.7,65.80%,0.7,14.50%,4.30%,5.6,44.40%,56.80%,12.80%,16.1,5.9,16.30%,1.5,1.70%,1.6,1.50%,3.2
Chicago Bulls,Derrick Jones Jr.,Vet,0.5,1.2,-0.6,1.2,-0.4,-1.1,0.7,10.7,60.00%,4.7,32.90%,43.40%,3.9,72.30%,32.70%,12.50%,8.6,1.8,4.80%,1.5,1.70%,1.4,1.40%,1.5
Oklahoma City Thunder,Kenrich Williams,Vet,0.5,1.7,-0.8,1.3,-0.1,-0.7,0.6,14.9,52.40%,6.6,32.30%,42.10%,2.9,54.30%,20.80%,16.30%,9.7,4.8,15.50%,0.6,0.70%,1.9,1.80%,2.2
Brooklyn Nets,Nicolas Claxton,Vet,0.5,0.4,0,0.6,0.6,0,0.5,12.1,67.60%,0.7,20.90%,4.70%,5.7,49.60%,48.70%,15.70%,13.9,2.4,6.70%,3,3.40%,1.4,1.40%,1.9
Indiana Pacers,Tyrese Haliburton,Sophomore,0.5,1.3,1.3,-0.8,3.4,2.4,1,15.9,52.70%,7,37.90%,40.70%,4.4,82.50%,28.40%,19.90%,5.7,10.8,34.40%,0.7,0.90%,2.2,2.20%,4
Denver Nuggets,Nah'Shon Hyland,Rookie,0.5,3,1.3,-0.8,1.1,1.6,-0.5,20.3,48.10%,13.2,34.60%,64.60%,5.5,82.40%,26.50%,23.00%,6.4,7.8,24.50%,0.6,0.80%,1.5,1.50%,3.6
Charlotte Hornets,P.J. Washington,Vet,0.5,0.9,-0.2,0.7,-0.4,-0.4,0.1,13.1,55.60%,7,35.50%,48.00%,2.5,71.90%,18.80%,13.90%,9,3.5,9.90%,1.5,1.80%,1.5,1.50%,2
Charlotte Hornets,Cody Martin,Vet,0.4,0.5,-0.6,1,0.8,-0.8,1.7,10.2,55.10%,4,31.50%,39.00%,3,66.80%,30.50%,11.40%,8.1,4,11.10%,0.7,0.80%,2.2,2.10%,1.6
Portland Trail Blazers,Joe Ingles,Vet,0.4,-1,0.6,-0.1,0.3,0.9,-0.6,12.4,50.30%,10.3,35.20%,75.90%,1.8,78.30%,14.10%,13.20%,6,6.5,18.60%,0.3,0.40%,1.2,1.20%,2.3
Orlando Magic,Wendell Carter Jr.,Vet,0.4,1.6,-0.7,1.1,1.4,0,1.4,19.9,57.00%,5.3,31.30%,26.80%,7.4,66.80%,40.30%,24.00%,17.1,4.2,14.10%,1.2,1.40%,1,1.00%,3.4
Milwaukee Bucks,Grayson Allen,Vet,0.4,0.8,0.4,0.1,0.4,0.6,-0.2,13.6,52.00%,10.1,37.30%,67.80%,2.5,84.20%,19.50%,14.20%,6,2.3,7.30%,0.5,0.60%,1.3,1.30%,1.2
New York Knicks,Derrick Rose,Vet,0.4,0.1,0.6,-0.2,-0.4,0,-0.5,18.9,48.60%,7,33.80%,33.80%,3.2,86.10%,19.00%,19.30%,5.8,7.7,23.80%,0.7,0.80%,1.5,1.40%,2.9
Cleveland Cavaliers,Lauri Markkanen,Vet,0.4,1.1,0.5,-0.1,-0.4,0.7,-1.1,19.7,53.80%,11.4,35.80%,58.40%,4.5,83.80%,24.30%,20.10%,9.5,1.7,4.90%,0.8,0.80%,1.2,1.20%,1.4
Denver Nuggets,DeMarcus Cousins,Vet,0.3,1.6,-0.1,0.4,2.8,0.5,2.3,23.8,52.60%,8.4,30.20%,34.00%,8.8,73.20%,39.30%,29.70%,18.2,5.1,16.50%,1.6,1.70%,2.2,2.20%,5.5
Minnesota Timberwolves,D'Angelo Russell,Vet,0.3,1.1,1.5,-1.1,-0.8,0.8,-1.6,19,48.40%,9.4,35.10%,51.00%,5.7,79.70%,27.90%,21.80%,4.9,9.7,29.00%,0.3,0.40%,1.6,1.60%,3.7
Chicago Bulls,DeMar DeRozan,Vet,0.3,0.9,1.6,-1.2,1.2,2.1,-0.9,26.2,50.30%,1.6,30.40%,10.10%,9.8,85.40%,38.20%,28.70%,6.8,6.2,19.60%,0.5,0.60%,1.3,1.30%,3.1
Detroit Pistons,Saben Lee,Sophomore,0.3,1.1,-0.6,0.9,0.7,-0.5,1.3,13,48.60%,4,30.50%,30.80%,5.8,74.90%,41.50%,17.40%,6.6,9.5,31.20%,0.8,0.80%,2.2,2.20%,3.6
Miami Heat,Max Strus,Vet,0.3,0.8,0.8,-0.5,0.2,0.9,-0.7,16.8,57.80%,13.6,36.80%,79.60%,1.9,77.00%,14.40%,17.00%,5.9,2.9,8.40%,0.5,0.50%,1.1,1.10%,1.5
Sacramento Kings,Jeremy Lamb,Vet,0.3,-0.1,0.2,0.2,0.1,-0.6,0.7,16.9,46.70%,8.1,33.70%,47.90%,4.9,81.50%,27.30%,18.40%,8,3.8,12.50%,1,1.20%,1.7,1.70%,1.9
San Antonio Spurs,Devin Vassell,Sophomore,0.3,1.7,0.3,0,0.6,0.4,0.2,18.6,48.90%,10.9,36.30%,55.60%,3,82.80%,17.30%,18.80%,6.9,3.3,10.10%,0.8,0.90%,1.7,1.70%,1.5
Memphis Grizzlies,Kyle Anderson,Vet,0.3,-1.2,-0.9,1.2,0.5,-1.5,2,12.5,51.30%,2.6,29.60%,15.60%,3.4,70.90%,28.90%,14.00%,11.6,4.9,14.00%,1.6,1.80%,2.4,2.40%,2.1
Sacramento Kings,Damian Jones,Vet,0.3,0.5,-0.6,0.8,1.9,0,1.8,13.6,66.00%,2.3,27.10%,13.20%,6.3,70.80%,47.90%,17.80%,11.8,3.2,9.80%,2.3,2.60%,1.2,1.20%,2.6
San Antonio Spurs,Keldon Johnson,Vet,0.3,1.5,0.8,-0.5,0.1,1,-0.9,22.7,51.70%,9.6,35.60%,40.90%,5.9,74.20%,28.40%,24.00%,8.9,3.6,11.30%,0.5,0.50%,1.1,1.10%,2.1
Memphis Grizzlies,Dillon Brooks,Vet,0.3,0.1,0.8,-0.5,-2,-0.6,-1.4,24.8,46.20%,8.6,33.10%,35.00%,5.3,79.80%,21.40%,25.30%,5.2,3.7,11.80%,0.5,0.60%,1.6,1.60%,2.4
Charlotte Hornets,Gordon Hayward,Vet,0.2,-0.5,0.7,-0.5,0.4,0.7,-0.2,18,47.80%,7.6,36.00%,40.90%,4.6,80.80%,27.40%,19.50%,7.3,5.3,15.60%,0.6,0.70%,1.4,1.40%,2.5
Orlando Magic,Mo Bamba,Vet,0.2,1.4,-0.5,0.7,1.7,0.7,0.9,17.6,54.70%,9.9,35.60%,56.00%,2.8,75.10%,17.30%,18.90%,15.4,2.1,6.60%,2.9,3.30%,1,1.00%,1.8
Minnesota Timberwolves,Jordan McLaughlin,Vet,0.2,1.4,-0.3,0.5,0.9,0.1,0.8,9.9,54.30%,5.1,34.30%,49.10%,2.1,75.90%,22.70%,10.80%,5.5,8.3,22.60%,0.5,0.60%,2.6,2.60%,1.9
Sacramento Kings,Terence Davis,Vet,0.2,0.8,0.6,-0.4,-0.2,0.5,-0.7,21.5,51.10%,12.1,35.30%,53.40%,4.4,80.70%,22.30%,22.50%,7.9,3.5,11.40%,0.7,0.80%,1.9,1.90%,2.8
Minnesota Timberwolves,Naz Reid,Vet,0.2,1.3,-0.5,0.7,1.8,0.5,1.3,17.1,57.70%,7.2,31.20%,40.30%,6.2,71.60%,34.40%,20.50%,12.4,2.6,8.50%,2.8,3.20%,1.4,1.40%,2.8
Miami Heat,Duncan Robinson,Vet,0.2,-0.8,0.4,-0.3,-0.1,0.7,-0.8,16.1,57.60%,16.5,35.30%,94.30%,1.9,82.80%,16.30%,16.40%,5.1,2.7,8.50%,0.4,0.50%,1,1.00%,1.4
Memphis Grizzlies,John Konchar,Vet,0.1,-0.4,-0.5,0.7,0.5,-0.2,0.7,10.1,58.80%,5.1,33.10%,48.10%,2.4,62.10%,21.30%,11.10%,12.5,4.1,12.20%,0.8,1.00%,1.7,1.70%,1.5
Chicago Bulls,Tony Bradley,Vet,0.1,0.4,-0.8,1,-0.5,-0.9,0.4,14.1,62.30%,0.7,18.40%,3.90%,5,64.40%,31.70%,17.90%,16.3,2.3,7.10%,2.5,2.90%,1.1,1.10%,2.9
New Orleans Pelicans,Willy Hernangomez,Vet,0.1,0,0.5,-0.3,1.2,1.1,0.1,19.7,53.70%,1.3,25.40%,6.50%,10,72.00%,50.60%,22.10%,17.8,3.2,10.20%,1.3,1.40%,1.3,1.20%,3.6
Minnesota Timberwolves,Josh Okogie,Vet,0.1,0.5,-1.5,1.6,1,-0.9,1.9,11.4,50.50%,4.9,30.10%,43.40%,6.4,72.20%,48.40%,15.30%,6.9,2.5,7.40%,1.1,1.20%,2.4,2.30%,2.3
Dallas Mavericks,Davis Bertans,Vet,0.1,-0.8,0,0.1,-1.2,-0.5,-0.7,14.9,49.60%,13.2,36.30%,86.30%,2.6,83.60%,19.60%,15.40%,7.3,2,5.60%,0.8,0.90%,1.1,1.10%,1.1
Toronto Raptors,Scottie Barnes,Rookie,0.1,1.7,0,0,0.7,0.7,0.1,17.5,53.30%,4.7,29.50%,26.60%,4.4,74.20%,26.70%,19.00%,10.4,4.7,14.60%,0.9,1.00%,1.4,1.50%,2.5
Cleveland Cavaliers,Kevin Love,Vet,0.1,0.2,0.1,0,1,1.7,-0.7,20.9,50.00%,14.6,36.20%,64.90%,4.8,80.40%,26.40%,22.50%,15.8,4,12.30%,0.6,0.70%,0.9,0.90%,2.6
Denver Nuggets,Will Barton,Vet,0.1,0,0.4,-0.4,-2.2,-1.3,-0.9,17.2,49.00%,9,34.70%,49.50%,2.8,78.60%,17.10%,18.10%,7.1,4.9,13.90%,0.6,0.70%,1.2,1.20%,2.4
Indiana Pacers,Malcolm Brogdon,Vet,0.1,-0.3,1,-1,0.4,1.6,-1.2,22,49.80%,7.3,35.20%,32.10%,6.8,83.30%,32.50%,23.70%,7.2,7.6,23.70%,0.5,0.60%,1.1,1.10%,3.1
Atlanta Hawks,John Collins,Vet,0.1,-1.1,-0.4,0.4,0.1,-0.6,0.7,18.7,58.60%,5.6,35.90%,28.90%,5,78.70%,27.70%,19.70%,12.6,2.5,7.50%,1.3,1.60%,0.9,0.90%,2
Boston Celtics,Payton Pritchard,Sophomore,0.1,0.8,1.1,-1,0.8,1.8,-1,19.3,50.60%,14,36.00%,72.90%,1.9,87.20%,13.20%,18.80%,6.5,6.2,17.30%,0.3,0.30%,1.4,1.30%,1.8
Portland Trail Blazers,Justise Winslow,Vet,0.1,2.5,-1.2,1.2,-1.3,-2.4,1.1,17.1,47.90%,5.4,31.20%,30.90%,4.6,58.20%,28.70%,18.40%,11.7,4.6,13.40%,1.2,1.40%,1.8,1.80%,2.8
Indiana Pacers,T.J. Warren,Vet,0,-0.6,-0.1,0.2,-0.3,-0.3,0,20.7,54.10%,6.2,33.70%,31.70%,3.5,79.70%,21.10%,20.60%,7.7,2.7,8.70%,0.7,0.80%,1.6,1.60%,1.5
Phoenix Suns,Dario Saric,Vet,0,0,0.1,0,-0.9,-0.5,-0.4,17.2,49.60%,6.6,33.60%,38.60%,5.2,80.80%,27.90%,18.50%,11.3,3.2,11.10%,0.4,0.50%,1.3,1.20%,2.5
Phoenix Suns,Cameron Payne,Vet,0,-0.9,0.1,-0.1,-0.3,0.4,-0.7,20.6,48.20%,8.4,34.60%,40.20%,3.1,82.90%,16.00%,21.90%,6.4,10.3,29.70%,0.6,0.70%,1.7,1.70%,3.1
Minnesota Timberwolves,Malik Beasley,Vet,0,0.7,0.5,-0.5,0.6,0.8,-0.2,17.1,49.50%,13,37.00%,75.90%,2.1,79.90%,13.40%,16.20%,5.9,2.4,6.80%,0.4,0.50%,1.1,1.00%,1.1
Washington Wizards,Daniel Gafford,Vet,0,-1.5,0,0,0.5,0.1,0.4,14.8,66.80%,0.7,15.40%,4.60%,6.4,66.70%,44.90%,18.40%,14,2.1,6.10%,3.2,3.40%,1.1,1.20%,2.3
Chicago Bulls,Javonte Green,Vet,0,0.6,-0.6,0.6,0,-0.7,0.6,10.2,58.30%,3.4,32.40%,31.40%,3.3,78.90%,31.10%,11.50%,9,1.6,4.60%,0.9,1.00%,2.3,2.40%,1.3
Brooklyn Nets,Andre Drummond,Vet,0,0.1,-0.9,0.9,1.1,-0.3,1.4,16.1,57.20%,0.7,18.80%,4.40%,6.6,56.10%,40.80%,19.00%,21.8,2.9,9.10%,2.3,2.50%,2.6,2.60%,3.7
Philadelphia 76ers,Matisse Thybulle,Vet,0,0.3,-1.1,1.1,-0.5,-1.1,0.6,8.7,60.20%,4.3,33.10%,47.70%,2,68.20%,25.80%,9.70%,5,2.1,6.20%,2.1,2.40%,3.1,3.20%,1.1
Toronto Raptors,Thaddeus Young,Vet,0,-0.8,-1.8,1.7,-0.2,-1.5,1.3,13.4,55.50%,4.5,31.80%,32.70%,2.6,55.60%,19.70%,14.60%,12.1,4.9,13.70%,1.1,1.20%,2.6,2.50%,2.4
Milwaukee Bucks,Jevon Carter,Vet,-0.1,0,-0.3,0.3,0.4,-0.3,0.8,11.4,47.60%,6.5,35.10%,56.60%,1.7,79.20%,14.60%,12.00%,6.2,5.2,14.80%,0.6,0.70%,1.6,1.70%,1.7
Utah Jazz,Bojan Bogdanovic,Vet,-0.1,-0.2,1.3,-1.4,0.1,1.6,-1.5,20.6,49.80%,10.6,37.70%,51.70%,5.9,85.00%,28.50%,23.70%,6.7,2.7,8.30%,0.2,0.20%,0.9,0.90%,2.6
Miami Heat,Tyler Herro,Vet,-0.1,1.4,0.9,-0.9,0.9,1.4,-0.5,23.9,49.40%,10.3,36.20%,41.60%,5,85.30%,23.00%,25.90%,7.6,6.6,20.70%,0.3,0.40%,1.1,1.10%,3.6
Memphis Grizzlies,Xavier Tillman,Sophomore,-0.1,0.7,-1.1,1.1,0.6,-0.7,1.3,12.6,58.60%,2.7,29.00%,14.10%,4.1,63.00%,32.90%,15.40%,11.7,3.2,9.70%,1,1.20%,2.5,2.50%,2.3
Brooklyn Nets,Joe Harris,Vet,-0.1,-0.6,0.1,-0.2,-0.8,0,-0.8,13.5,50.60%,9.6,39.10%,62.30%,1.8,76.20%,13.30%,13.70%,6.3,2.2,6.70%,0.3,0.40%,0.9,0.90%,1.3
Dallas Mavericks,Tim Hardaway Jr.,Vet,-0.1,-0.5,0.8,-0.8,-1,0.4,-1.4,21,45.70%,13,34.80%,60.40%,4.7,76.90%,21.50%,22.20%,6.1,3.2,10.10%,0.3,0.40%,1.1,1.10%,1.5
Dallas Mavericks,Spencer Dinwiddie,Vet,-0.1,-0.3,0.4,-0.5,-1.4,-0.5,-0.9,18.7,49.90%,8.7,32.40%,46.60%,7.2,76.40%,41.20%,21.20%,6.2,7.1,20.60%,0.4,0.50%,1.2,1.20%,2.6
Cleveland Cavaliers,Isaac Okoro,Sophomore,-0.1,2.4,-0.7,0.6,-0.5,-1.2,0.7,9,55.60%,3.2,31.80%,37.60%,4.1,74.40%,46.40%,10.60%,5.7,2.5,7.20%,0.6,0.70%,1.3,1.30%,1.4
Milwaukee Bucks,Pat Connaughton,Vet,-0.1,0.2,0.4,-0.6,0.2,0.6,-0.4,14.2,57.60%,12.3,34.20%,78.20%,1.9,82.20%,16.70%,14.50%,8,2.3,7.10%,0.5,0.70%,1.3,1.30%,1
Indiana Pacers,Goga Bitadze,Vet,-0.1,0.5,-0.3,0.1,0.4,-0.2,0.6,16.3,59.80%,5.6,27.50%,33.20%,6.5,68.20%,39.60%,19.40%,12.1,3.5,11.20%,3,3.60%,1.1,1.10%,2.7
Los Angeles Lakers,Malik Monk,Vet,-0.1,0.9,1,-1.1,-0.7,1,-1.7,20.5,54.00%,10.6,34.50%,52.90%,3.8,79.50%,20.10%,22.50%,5.8,4.8,15.90%,0.6,0.70%,1.3,1.30%,3.1
Los Angeles Lakers,Wayne Ellington,Vet,-0.1,0.4,-0.1,-0.1,0,0.9,-0.9,14.7,49.20%,12.9,36.40%,86.00%,1.6,78.90%,12.10%,14.40%,5,2.1,5.80%,0.4,0.50%,1.2,1.20%,1.2
New York Knicks,Taj Gibson,Vet,-0.1,0.5,-2.2,2.1,0.9,-1.3,2.3,10.2,56.60%,3.2,29.70%,29.10%,2.9,75.20%,27.40%,11.20%,12.4,1.7,4.90%,2.1,2.40%,1.3,1.30%,1.4
Chicago Bulls,Tristan Thompson,Vet,-0.2,0.6,-1,0.8,-2.2,-2,-0.1,11.9,55.10%,0.6,13.20%,4.10%,5.9,53.80%,46.90%,15.00%,15.9,1.9,5.70%,1.3,1.50%,1.1,1.10%,2.3
Boston Celtics,Luke Kornet,Vet,-0.2,-0.8,-1.2,1,0.5,-0.9,1.3,13.1,59.30%,4.1,28.30%,29.30%,3.7,68.40%,25.00%,15.30%,12.5,3.1,9.90%,2.9,3.20%,1.2,1.20%,1.9
Los Angeles Clippers,Norman Powell,Vet,-0.2,-0.6,0.8,-0.9,0.4,1.2,-0.9,21.6,50.10%,9.7,37.70%,44.10%,8.8,80.60%,40.60%,24.90%,5.6,3,9.60%,0.7,0.80%,1.5,1.50%,2.4
Philadelphia 76ers,Paul Reed,Sophomore,-0.2,1,-0.4,0.2,0,-0.3,0.3,18.1,57.60%,1.7,22.10%,10.10%,4.4,61.50%,30.50%,21.10%,15.7,3,9.00%,2.2,2.50%,2.9,3.00%,3
Los Angeles Clippers,Luke Kennard,Vet,-0.2,1.5,0.9,-1.1,-0.4,1.3,-1.7,17.5,47.70%,11.8,37.90%,64.90%,2.5,85.80%,16.20%,17.70%,5.5,3.2,10.40%,0.2,0.30%,0.9,1.00%,1.6
Sacramento Kings,Donte DiVincenzo,Vet,-0.2,-0.6,-0.8,0.6,-0.8,-1.3,0.5,16.2,46.30%,11,33.80%,66.40%,3.7,78.40%,23.00%,19.00%,8.4,5.2,16.50%,0.5,0.60%,2,2.00%,3.3
Portland Trail Blazers,Josh Hart,Vet,-0.2,0.4,0.5,-0.7,0.3,1.5,-1.2,19.3,55.00%,8.6,33.70%,45.60%,6.5,73.60%,38.70%,22.90%,10.3,5.4,18.90%,0.4,0.50%,1.6,1.60%,3.1
Indiana Pacers,Buddy Hield,Vet,-0.2,-0.5,0.8,-1.1,-2,-0.5,-1.5,21.1,49.30%,12.8,37.30%,60.60%,2.8,84.90%,14.80%,21.30%,6.7,4.8,15.40%,0.6,0.60%,1.3,1.30%,3.2
Atlanta Hawks,Kevin Huerter,Vet,-0.2,0.4,0.2,-0.4,-0.3,0,-0.2,16.1,50.40%,9.8,36.30%,58.00%,1.8,79.70%,11.10%,16.90%,5.7,4.5,12.90%,0.7,0.70%,1.4,1.40%,1.9
Los Angeles Clippers,Reggie Jackson,Vet,-0.2,-1,0.3,-0.5,-1,0,-1,25.5,45.20%,10.2,34.40%,38.60%,4.4,82.30%,19.40%,26.70%,6.1,7.2,25.10%,0.5,0.50%,1.2,1.20%,3.9
Minnesota Timberwolves,Jake Layman,Vet,-0.2,-0.1,-0.3,0,-0.4,-0.2,-0.2,16.7,52.40%,7.7,30.70%,48.50%,4.7,68.90%,25.40%,18.60%,7.2,2,5.70%,1.1,1.30%,1.5,1.60%,2.2
New Orleans Pelicans,Trey Murphy III,Rookie,-0.2,1.7,-0.1,-0.1,-0.4,-0.2,-0.2,14.1,49.40%,10.7,35.90%,73.60%,2.9,81.50%,19.70%,13.60%,8.2,1.9,5.00%,0.5,0.60%,1.3,1.30%,0.9
Philadelphia 76ers,Tyrese Maxey,Sophomore,-0.3,0.9,0.7,-1,-0.6,0.7,-1.3,18.7,52.90%,7.6,36.50%,40.50%,4.7,86.10%,26.30%,20.50%,4.7,5.5,16.90%,0.5,0.60%,1.1,1.10%,1.7
Indiana Pacers,T.J. McConnell,Vet,-0.3,-0.4,-0.4,0.1,0.4,0.3,0.1,15.7,51.70%,4.7,30.40%,32.20%,2.2,76.80%,14.90%,16.50%,6.8,9.5,25.10%,0.6,0.60%,2.7,2.70%,3
Dallas Mavericks,Josh Green,Sophomore,-0.3,0.9,-1.2,1,0.1,-1,1,12.4,55.30%,6.7,31.90%,53.40%,2.4,66.50%,19.50%,14.10%,7.3,3.2,8.70%,0.6,0.70%,2,2.00%,1.8
Utah Jazz,Danuel House Jr.,Vet,-0.3,1.1,-0.9,0.6,-0.8,-1.2,0.3,11.8,50.20%,7.6,35.10%,60.90%,3.7,72.00%,27.50%,13.20%,7.2,2.2,6.50%,0.8,1.00%,1.2,1.20%,1.6
Dallas Mavericks,Boban Marjanovic,Vet,-0.3,-0.1,-1.1,0.8,-0.7,-1,0.3,23.7,53.10%,2,24.30%,14.20%,8.9,68.80%,29.70%,26.70%,17.5,1.9,6.00%,1.3,1.50%,0.8,0.70%,3.3
Oklahoma City Thunder,Lindy Waters III,Rookie,-0.3,1.5,-0.1,-0.3,-0.2,0,-0.2,17.5,50.20%,16.4,32.50%,81.20%,1.7,73.30%,17.00%,17.10%,7.6,2.7,8.10%,0.7,0.90%,1.7,1.70%,1.3
San Antonio Spurs,Josh Richardson,Vet,-0.3,1.3,0,-0.3,-0.7,-0.3,-0.4,17,47.20%,9,35.40%,51.70%,3.3,87.10%,19.70%,18.60%,5.7,3.5,10.60%,0.8,0.80%,1.6,1.60%,2
Memphis Grizzlies,Killian Tillie,Sophomore,-0.3,1.5,-1.4,1.1,-0.1,-1.4,1.2,14.1,40.10%,9.8,31.50%,65.20%,2.4,67.70%,20.10%,14.20%,8.8,2.2,8.20%,1.5,1.70%,1.8,1.80%,1.6
Utah Jazz,Royce O'Neale,Vet,-0.4,-0.1,-0.5,0.2,-0.5,-0.5,0,8.9,55.60%,7.4,35.80%,71.20%,1.3,79.60%,14.90%,9.60%,8,3.3,9.10%,0.6,0.70%,1.4,1.40%,1.3
Miami Heat,Victor Oladipo,Vet,-0.4,0,-1.1,0.7,0.8,0,0.8,20.5,48.20%,9.9,33.00%,48.40%,5.6,77.90%,24.70%,22.80%,7,6.2,20.70%,0.5,0.50%,2,1.90%,3.5
New Orleans Pelicans,Jaxson Hayes,Vet,-0.4,0.9,-0.7,0.4,0.3,-0.4,0.7,13.8,63.80%,2.7,29.10%,15.40%,5.9,73.40%,44.80%,16.30%,11,1.6,4.70%,1.7,2.00%,1.1,1.10%,1.8
Atlanta Hawks,Danilo Gallinari,Vet,-0.4,-0.7,0.3,-0.7,-0.9,-0.1,-0.8,19.1,48.00%,8.7,36.20%,44.30%,5.3,88.60%,29.90%,19.30%,9,2.4,7.60%,0.4,0.50%,0.8,0.90%,1.3
Los Angeles Clippers,Ivica Zubac,Vet,-0.4,-1.6,-1.6,1.2,-0.8,-1.1,0.3,15.3,62.70%,0.7,15.70%,4.30%,7.2,72.60%,47.40%,19.30%,17.1,3.3,10.40%,2,2.20%,0.8,0.80%,3.4
Utah Jazz,Rudy Gay,Vet,-0.4,-0.4,-0.8,0.4,-1.7,-1.3,-0.4,18.4,45.10%,9.5,33.70%,50.20%,4.3,76.50%,18.80%,19.30%,11.6,2.4,7.60%,1.2,1.30%,1.3,1.30%,2.3
Los Angeles Clippers,Terance Mann,Vet,-0.4,0.4,-0.4,0,-0.8,-0.6,-0.2,14.4,54.20%,4.2,34.30%,27.50%,4,77.60%,28.70%,15.60%,8.8,4.4,13.60%,0.7,0.80%,1.2,1.20%,2.1
Houston Rockets,Garrison Mathews,Vet,-0.4,0.8,-0.2,-0.2,0.4,-0.2,0.6,11.8,53.90%,10.6,35.20%,83.30%,4.7,78.90%,35.80%,12.60%,5.4,2,5.40%,0.7,0.90%,1.5,1.50%,1.2
Phoenix Suns,JaVale McGee,Vet,-0.4,0.9,-1.3,0.9,1.3,0.1,1.2,17.8,62.70%,0.7,22.90%,4.20%,6.2,67.30%,36.80%,21.30%,19.6,1.6,5.40%,3.6,3.80%,1.1,1.10%,3.3
Cleveland Cavaliers,Moses Brown,Vet,-0.4,-0.6,-0.4,-0.1,0.4,0,0.4,15.5,58.10%,0.6,16.30%,4.20%,7.8,58.70%,50.50%,19.40%,18.7,1.3,3.50%,2.4,2.70%,1.3,1.30%,2.4
Portland Trail Blazers,Nassir Little,Vet,-0.4,1.6,0,-0.5,-0.1,0.2,-0.2,15.2,55.40%,7.7,32.50%,50.30%,4.5,71.50%,30.80%,16.90%,10.4,2.5,7.70%,1.4,1.60%,1,1.00%,1.7
Miami Heat,Dewayne Dedmon,Vet,-0.4,-1.2,-1.7,1.2,-0.2,-1.5,1.3,14.1,58.80%,3.5,29.50%,20.70%,4.9,72.90%,32.70%,17.70%,17.4,1.8,6.00%,2.2,2.50%,1.3,1.30%,2.9
Dallas Mavericks,Frank Ntilikina,Vet,-0.4,0,-1,0.5,-1.5,-1.4,-0.1,17.4,44.70%,7.6,33.80%,45.50%,3.2,78.50%,17.80%,18.00%,6,5.3,17.10%,0.6,0.70%,1.9,2.00%,2.6
San Antonio Spurs,Tre Jones,Sophomore,-0.4,2.8,0.1,-0.5,0,0.5,-0.4,14.4,51.50%,3.7,31.20%,22.80%,4.4,75.50%,29.50%,16.10%,6.3,9,26.80%,0.5,0.50%,1.8,1.80%,2.4
Los Angeles Lakers,Kendrick Nunn,Vet,-0.5,0,0.3,-0.7,-0.1,0.6,-0.7,18.5,52.20%,8.3,34.60%,42.70%,2.7,86.50%,15.80%,19.00%,5.5,4.2,17.10%,0.5,0.50%,1.4,1.40%,2.1
Toronto Raptors,Gary Trent Jr.,Vet,-0.5,1.7,0.6,-1.1,-0.6,0.3,-1,20.6,45.70%,10,37.00%,48.10%,4.8,83.90%,21.20%,20.80%,4,2.5,7.40%,0.4,0.50%,2,2.00%,1.4
Portland Trail Blazers,Eric Bledsoe,Vet,-0.5,-0.5,-0.8,0.3,-1.1,-1,-0.1,17,47.70%,6.7,30.40%,38.80%,4.8,71.70%,29.30%,19.40%,6.2,8,25.40%,0.7,0.70%,1.9,1.90%,3.6
Toronto Raptors,Khem Birch,Vet,-0.5,-0.2,-1.4,0.9,-1,-1.8,0.7,10.1,53.40%,1.6,25.90%,10.30%,3.1,68.40%,30.70%,11.80%,11.6,2.3,7.30%,1.5,1.70%,1.4,1.30%,1.6
Sacramento Kings,De'Aaron Fox,Vet,-0.5,-1.4,1,-1.5,0.4,1.7,-1.3,26.6,50.80%,7.4,30.90%,30.80%,8.7,68.40%,35.90%,30.00%,5.5,7.5,26.70%,0.5,0.70%,1.7,1.70%,3.9
Houston Rockets,Jae'Sean Tate,Sophomore,-0.5,-0.3,-0.2,-0.3,-0.3,-0.2,-0.1,16,56.30%,5,32.50%,31.20%,4.4,68.30%,28.20%,18.30%,9.7,4.4,13.50%,0.9,1.00%,1.7,1.70%,2.8
Sacramento Kings,Maurice Harkless,Vet,-0.5,-0.1,-1.4,0.8,-0.3,-1.3,1,9.8,57.30%,5.9,31.10%,54.90%,2.6,68.20%,23.60%,12.80%,7.4,1.6,4.50%,1.3,1.40%,1.7,1.70%,1.9
New York Knicks,Nerlens Noel,Vet,-0.5,-1.1,-2.3,1.7,1.2,-0.9,2.1,6.5,57.80%,1.8,17.10%,6.70%,3.6,67.70%,40.70%,8.90%,12.8,2,6.30%,3.2,3.70%,2.4,2.30%,1.9
Boston Celtics,Brodric Thomas,Sophomore,-0.6,0.1,-0.7,0.2,-0.5,-0.7,0.2,14.5,52.70%,6.7,29.40%,48.50%,5.6,67.60%,33.20%,17.00%,7.6,5.7,15.80%,0.9,1.00%,1.6,1.60%,3.2
Golden State Warriors,Damion Lee,Vet,-0.6,-0.9,-0.3,-0.3,-0.8,-0.5,-0.3,14.8,51.90%,6.3,34.20%,44.30%,3.9,83.70%,24.80%,16.50%,8.6,3,8.60%,0.4,0.40%,1.6,1.60%,1.6
Los Angeles Lakers,Austin Reaves,Rookie,-0.6,1.7,-0.1,-0.4,-0.6,-0.1,-0.5,12.4,52.80%,6.1,31.90%,49.90%,5.4,79.50%,38.20%,15.20%,7.2,4.3,13.30%,0.7,0.80%,1.1,1.10%,1.9
Indiana Pacers,Isaiah Jackson,Rookie,-0.6,2.5,-0.5,0,-0.5,-0.6,0.1,16.7,57.80%,1.7,27.00%,9.60%,6.5,67.40%,41.00%,20.30%,12.9,1.3,3.60%,3.7,4.00%,1.7,1.70%,2.9
Houston Rockets,Kevin Porter Jr.,Vet,-0.6,1,0.4,-0.9,0.2,0.9,-0.7,23.1,48.20%,11.9,33.30%,52.70%,5.3,67.80%,25.90%,25.20%,6.9,8.6,27.80%,0.6,0.70%,1.5,1.50%,4.2
New Orleans Pelicans,Jose Alvarado,Rookie,-0.6,1.9,-0.9,0.3,-0.8,-1,0.3,16.4,51.60%,6.6,32.30%,39.80%,3.9,74.20%,23.10%,18.10%,5.6,7.5,20.90%,0.4,0.50%,3.1,3.10%,2.6
Minnesota Timberwolves,Nathan Knight,Sophomore,-0.6,2,-0.2,-0.4,-0.4,0,-0.4,18.4,53.90%,4.1,29.40%,23.00%,9.4,68.50%,41.90%,22.50%,14.2,3.2,10.40%,1.5,1.80%,1.3,1.30%,3.1
Chicago Bulls,Troy Brown Jr.,Vet,-0.6,-0.2,-0.7,0.1,-1,-0.9,-0.1,13.3,48.30%,8,33.40%,56.20%,2,76.00%,16.90%,13.90%,9.6,2.7,7.90%,0.4,0.40%,1.6,1.60%,1.4
Golden State Warriors,Andre Iguodala,Vet,-0.6,1.3,-3,2.4,0.2,-1.3,1.5,10.6,48.60%,6,28.80%,59.10%,2.3,60.00%,19.80%,11.80%,8.4,8.6,26.40%,1.5,1.60%,2,1.90%,2.5
Houston Rockets,Eric Gordon,Vet,-0.6,0.6,0.4,-1,-1.8,0.1,-1.9,14.5,49.90%,9.4,32.30%,66.00%,4,75.80%,25.50%,16.60%,4,3.4,11.00%,0.6,0.60%,0.9,0.80%,2.5
Boston Celtics,Daniel Theis,Vet,-0.6,-0.4,-1.3,0.7,-0.3,-1.2,0.9,14.6,62.40%,3.9,30.80%,26.20%,4.6,70.00%,28.80%,17.50%,12.9,2.3,7.60%,1.7,1.90%,1.1,1.10%,2.2
Orlando Magic,Chuma Okeke,Sophomore,-0.6,0.2,-1.4,0.8,0.4,-0.8,1.2,15.6,49.10%,12.1,33.30%,73.10%,1.9,80.30%,16.10%,16.30%,9.5,3,9.20%,1.1,1.30%,2.4,2.40%,1.3
Miami Heat,P.J. Tucker,Vet,-0.6,1,-2.1,1.5,-1.1,-1.8,0.7,10.4,50.60%,4.5,34.70%,45.10%,1.7,74.30%,15.80%,10.90%,10,3.2,9.20%,0.4,0.50%,1.5,1.50%,1.4
Toronto Raptors,Isaac Bonga,Vet,-0.6,-0.7,-1.8,1.2,0,-1.7,1.7,12.6,50.60%,4.9,32.00%,43.70%,4.9,72.50%,32.10%,15.50%,7.9,2.8,8.50%,1,1.10%,1.8,1.80%,2.6
Orlando Magic,Robin Lopez,Vet,-0.7,-0.5,-2,1.4,-0.8,-1.5,0.7,14.1,56.80%,0.9,25.90%,6.40%,4,61.60%,28.80%,17.00%,9.6,3.2,9.90%,1.7,1.90%,0.6,0.50%,2.7
Brooklyn Nets,Patty Mills,Vet,-0.7,0.3,0.2,-0.8,-0.5,0,-0.5,13.3,46.10%,11.4,37.10%,81.30%,1.4,81.60%,11.30%,13.10%,3.8,2.9,8.00%,0.4,0.50%,1,1.00%,1.2
New Orleans Pelicans,Devonte' Graham,Vet,-0.7,-0.6,0.1,-0.8,-2,-0.8,-1.2,16.7,46.50%,12.3,35.00%,73.10%,3.7,81.20%,21.10%,17.10%,4.6,6.2,17.70%,0.4,0.40%,1.4,1.40%,2.3
Houston Rockets,Alperen Sengun,Rookie,-0.7,2.1,-0.6,-0.1,0.2,-0.2,0.5,16.8,53.50%,4.5,26.30%,27.60%,6.3,69.10%,38.90%,20.30%,13.1,5.3,16.00%,1.8,2.10%,1.6,1.60%,4
Chicago Bulls,Nikola Vucevic,Vet,-0.7,-1.2,-0.6,-0.1,1.4,-0.2,1.5,22.7,52.70%,7.8,34.50%,33.00%,3,77.40%,14.80%,24.20%,16.5,4.2,14.70%,1.3,1.50%,1.3,1.30%,2.5
Orlando Magic,Franz Wagner,Rookie,-0.7,1.6,-0.2,-0.5,-1.4,-0.2,-1.2,20,50.50%,5.7,32.70%,28.10%,5.3,80.30%,27.70%,21.30%,7.6,4.3,14.40%,0.7,0.80%,1.3,1.30%,2.7
New Orleans Pelicans,Naji Marshall,Sophomore,-0.7,1.6,-0.9,0.1,-0.6,-0.8,0.2,15.6,52.70%,4.8,29.30%,30.90%,6,74.60%,38.70%,18.30%,9.3,3.9,12.10%,0.7,0.70%,1.7,1.70%,3
Cleveland Cavaliers,Dean Wade,Vet,-0.8,-0.8,-1.2,0.4,-1,-1.1,0.1,11.4,56.30%,7.8,34.30%,63.40%,2.3,69.90%,20.10%,11.70%,8,2.4,6.70%,0.6,0.70%,1.4,1.40%,1
Philadelphia 76ers,Jaden Springer,Rookie,-0.8,1.7,-0.4,-0.4,-0.8,-0.4,-0.4,19.9,50.40%,3.6,26.20%,28.60%,5.4,69.60%,27.90%,21.50%,8.6,4.8,15.30%,1,1.10%,1.6,1.70%,4
Los Angeles Lakers,Russell Westbrook,Vet,-0.8,-2.2,0,-0.8,-0.9,0.4,-1.3,22.6,48.70%,5,28.80%,23.40%,7.7,65.80%,39.50%,25.70%,10.4,8.4,25.30%,0.4,0.50%,1.5,1.50%,4.9
Washington Wizards,Raul Neto,Vet,-0.8,-0.4,-0.4,-0.3,-1.1,-0.7,-0.4,14.7,51.20%,4.6,30.30%,29.50%,4.5,78.00%,31.10%,17.10%,5.2,7.7,23.10%,0.3,0.30%,1.9,1.90%,2.8
Minnesota Timberwolves,Greg Monroe,Vet,-0.8,1.3,-1.6,0.8,0.1,-1.3,1.4,17.2,52.90%,1.3,21.50%,6.40%,6.9,64.00%,42.60%,22.60%,16,5.1,17.30%,1.5,1.70%,2,1.90%,4
San Antonio Spurs,Doug McDermott,Vet,-0.8,-0.2,0.3,-1.1,0.2,0.8,-0.6,17.2,54.40%,10.1,35.60%,56.90%,3,79.00%,17.70%,18.00%,5.3,2.4,7.10%,0.4,0.40%,0.6,0.60%,1.6
Washington Wizards,Thomas Bryant,Vet,-0.8,-1.5,-1.1,0.3,-0.5,-1.1,0.7,15.9,61.00%,4.8,30.40%,28.70%,4.3,78.90%,27.40%,17.70%,13.4,2.4,7.00%,2.5,2.80%,0.9,0.90%,1.8
Utah Jazz,Juancho Hernangomez,Vet,-0.8,0.6,-1,0.2,-0.5,-1.1,0.6,13.6,52.70%,9.5,33.20%,65.90%,3.6,59.30%,28.40%,14.60%,10.9,2.4,7.20%,0.8,1.00%,1.3,1.30%,1.5
Detroit Pistons,Jerami Grant,Vet,-0.8,-0.5,-0.6,-0.2,-0.1,0.6,-0.6,23.1,48.10%,9.7,36.20%,42.40%,9.1,79.70%,40.30%,25.20%,6.4,3.3,10.50%,1.5,1.70%,1.1,1.10%,2.5
Sacramento Kings,Justin Holiday,Vet,-0.8,-0.7,-0.8,0,-0.3,-0.5,0.1,14.7,47.10%,11.2,36.20%,72.10%,1.9,78.30%,14.50%,15.50%,4.9,2.8,8.50%,0.8,1.00%,1.5,1.50%,1.5
Golden State Warriors,Jonathan Kuminga,Rookie,-0.8,1.1,0.1,-0.9,-0.7,0.4,-1,18.1,57.90%,5.4,30.60%,29.90%,8.3,69.00%,45.30%,21.80%,10.5,2.9,8.70%,1.1,1.40%,1.3,1.30%,3.1
Phoenix Suns,Ish Wainright,Rookie,-0.8,1.4,-1.3,0.5,-0.7,-1.3,0.6,15.6,48.70%,9.2,31.80%,59.50%,3.3,69.70%,21.40%,16.00%,7.6,2.1,8.00%,0.7,0.80%,2.1,2.20%,2.3
Minnesota Timberwolves,Taurean Prince,Vet,-0.8,0.6,-0.4,-0.4,0.1,-0.1,0.3,17.2,49.80%,9.8,34.60%,58.70%,4,77.00%,24.40%,18.80%,7.2,2.9,8.80%,0.9,1.00%,1.7,1.70%,2.4
Indiana Pacers,Jalen Smith,Sophomore,-0.8,2.1,-0.3,-0.5,-0.5,-0.3,-0.2,19.5,57.70%,8.1,32.10%,39.20%,5.8,74.60%,29.80%,20.70%,14.9,1.6,4.90%,2.1,2.50%,0.9,0.90%,2.2
Memphis Grizzlies,Ziaire Williams,Rookie,-0.8,1.1,0,-0.8,-0.9,0,-0.9,15.7,58.50%,9.3,32.60%,59.50%,3.3,76.90%,21.50%,17.00%,5.2,2.1,6.50%,0.4,0.50%,1.3,1.30%,1.5
Charlotte Hornets,Kelly Oubre Jr.,Vet,-0.8,1.2,0.5,-1.3,0.3,0.8,-0.6,20.3,55.60%,13,32.70%,64.10%,4.9,66.10%,24.70%,21.30%,7.9,2,5.80%,0.9,1.00%,1.7,1.70%,1.6
Toronto Raptors,Justin Champagnie,Rookie,-0.8,1.5,-1.1,0.2,-0.8,-1,0.3,12.6,49.60%,6.6,31.60%,55.30%,2.8,75.90%,24.00%,13.50%,10.2,2.3,7.40%,0.8,0.90%,1.3,1.50%,2
San Antonio Spurs,Zach Collins,Vet,-0.8,0.3,-1.6,0.8,-0.6,-1.6,1,14.9,53.20%,4,31.30%,23.30%,5.7,74.90%,37.80%,18.90%,14,4.6,13.90%,2.2,2.30%,1.1,1.10%,3.8
Orlando Magic,Moritz Wagner,Vet,-0.9,0.3,0.2,-1,0.2,1,-0.7,18.7,62.10%,9.5,32.60%,50.30%,5.9,79.50%,31.70%,22.50%,12,4.1,13.60%,0.8,0.90%,1.2,1.20%,2.8
Orlando Magic,Markelle Fultz,Vet,-0.9,0.4,-0.3,-0.5,-0.5,0.4,-0.9,22.6,48.40%,2.4,27.40%,16.30%,4.3,77.20%,19.90%,25.50%,6.3,11.5,42.30%,0.6,0.60%,2.1,2.10%,4.7
Sacramento Kings,Chimezie Metu,Vet,-0.9,1.7,-0.9,0.1,-0.9,-1,0.2,16,53.00%,6.3,32.60%,39.70%,3.8,77.10%,23.90%,18.70%,12.3,2.2,6.40%,1.1,1.30%,1.7,1.80%,2.2
New York Knicks,RJ Barrett,Vet,-0.9,-0.4,0.3,-1.2,-1.4,0.4,-1.8,26.2,46.70%,8.3,33.40%,31.50%,10.7,69.10%,40.70%,29.10%,8,4.4,16.20%,0.4,0.40%,1,1.00%,3.7
Golden State Warriors,Juan Toscano-Anderson,Vet,-0.9,0.3,-1.6,0.7,-0.7,-1.5,0.9,11.4,56.80%,5,31.60%,43.10%,3.8,56.80%,30.30%,14.50%,9.6,6,17.10%,0.9,1.10%,2.1,2.10%,3.1
Cleveland Cavaliers,Dylan Windler,Vet,-0.9,-0.2,-1.4,0.5,-0.8,-1.3,0.5,10.2,51.20%,6.9,32.90%,67.50%,3,74.90%,25.30%,11.70%,9.9,3.2,9.30%,0.6,0.60%,1.5,1.60%,2.1
New York Knicks,Evan Fournier,Vet,-0.9,-1.2,0,-0.8,-0.4,0.7,-1.1,18.9,48.90%,14,37.70%,70.70%,2.6,74.40%,15.90%,19.60%,4.5,4,12.10%,0.5,0.60%,1.6,1.60%,2.1
Memphis Grizzlies,Tyrell Terry,Sophomore,-0.9,0.7,-0.8,-0.1,-0.9,-0.8,-0.1,16.1,49.80%,6.5,25.00%,39.40%,5,76.00%,27.70%,19.40%,7.1,4.8,16.80%,0.6,0.70%,1.9,2.00%,2.5
Minnesota Timberwolves,Jaden McDaniels,Sophomore,-0.9,1,-1,0.1,-1.5,-1.4,-0.1,13.8,55.30%,7.6,34.60%,54.00%,2.7,77.50%,20.30%,15.20%,7.5,2.1,5.70%,1.9,2.20%,1.2,1.20%,1.6
Minnesota Timberwolves,Jaylen Nowell,Vet,-0.9,0.5,0.1,-1,-1,0,-1,21.6,50.40%,9.4,32.40%,47.20%,5.2,76.70%,25.00%,22.40%,5.9,5.6,16.20%,0.5,0.60%,1.4,1.40%,2.2
New York Knicks,Julius Randle,Vet,-0.9,-2,0.1,-1,0.6,0.9,-0.4,25.5,46.00%,8.7,31.70%,35.50%,9.5,74.80%,38.70%,28.90%,13.5,7,24.30%,0.7,0.70%,1.1,1.10%,4.8
New Orleans Pelicans,Gary Clark,Vet,-0.9,0.3,-0.9,0,-0.5,-0.8,0.3,11.7,45.10%,9,32.70%,71.90%,2.2,72.70%,18.00%,12.20%,11.1,2.4,7.10%,0.9,1.10%,1.2,1.30%,1.6
Philadelphia 76ers,Georges Niang,Vet,-0.9,-0.3,-0.4,-0.5,-1,-0.6,-0.5,13.8,51.90%,11.1,37.60%,81.00%,1.5,84.70%,13.30%,13.40%,6,2.4,6.80%,0.4,0.50%,0.9,0.90%,1.3
Detroit Pistons,Hamidou Diallo,Vet,-0.9,1.8,-1.1,0.2,-0.3,-0.4,0.1,21,51.50%,4,29.10%,21.10%,6.4,60.40%,32.80%,22.80%,10.8,3,9.60%,0.7,0.80%,2.2,2.30%,2.5
Boston Celtics,Grant Williams,Vet,-0.9,0.6,-1.1,0.1,-1.2,-1.5,0.3,11.6,55.00%,6.6,36.50%,55.50%,3.2,83.60%,28.50%,12.80%,8,1.5,4.60%,1.7,1.90%,1,1.00%,1.5
San Antonio Spurs,Keita Bates-Diop,Vet,-0.9,0.6,-1.1,0.1,-1.3,-1.1,-0.2,13.8,55.70%,2.7,30.70%,15.50%,3.9,74.00%,27.10%,16.00%,11.5,2.3,6.70%,0.7,0.90%,1.4,1.30%,2.1
Golden State Warriors,Nemanja Bjelica,Vet,-1,-0.3,-1.6,0.7,-1,-1.1,0.1,13.3,51.80%,5.4,31.00%,39.40%,3.7,70.60%,23.70%,16.90%,13,6.7,18.90%,1.2,1.30%,1.6,1.60%,3.5
Denver Nuggets,Markus Howard,Sophomore,-1,1.5,0.3,-1.3,-0.8,0.4,-1.2,23.8,47.80%,15.6,34.60%,56.90%,5.2,81.10%,27.70%,25.90%,4.6,3.7,13.50%,0.3,0.30%,1.6,1.70%,2.7
San Antonio Spurs,Devontae Cacok,Vet,-1,0.9,-0.9,-0.1,-1,-0.9,-0.1,12.2,56.80%,1,17.60%,5.80%,3.6,61.60%,29.00%,14.30%,15.2,2.4,6.80%,1.7,2.10%,1.8,1.90%,1.9
Oklahoma City Thunder,Derrick Favors,Vet,-1,-0.7,-2.5,1.5,-0.8,-1.7,0.9,12.3,57.60%,1.8,26.80%,10.60%,3,65.80%,24.30%,12.90%,15.1,1.9,6.00%,2,2.10%,1.3,1.30%,1.3
Philadelphia 76ers,Furkan Korkmaz,Vet,-1,-1.3,-0.4,-0.6,-1.4,-0.6,-0.8,14.9,48.00%,8.7,34.40%,57.80%,3.6,74.20%,23.50%,15.80%,6,3.4,9.90%,0.5,0.60%,1.4,1.30%,1.6
Los Angeles Lakers,Stanley Johnson,Vet,-1,1,-1.1,0.1,-1.2,-1.4,0.2,11.2,51.50%,5,32.00%,43.50%,3.5,71.80%,26.20%,13.20%,7.7,3.2,9.70%,0.6,0.80%,2,2.00%,1.9
Portland Trail Blazers,Anfernee Simons,Vet,-1,0.2,1.1,-2.1,-0.8,1.9,-2.8,24.7,45.10%,14,36.50%,57.20%,4.3,83.60%,19.70%,27.20%,4.7,6.6,23.20%,0.2,0.30%,1,0.90%,3.4
Milwaukee Bucks,Serge Ibaka,Vet,-1.1,-2.4,-1.6,0.5,-0.7,-1.7,0.9,17.7,53.30%,5.7,35.70%,30.70%,3.3,74.00%,19.20%,19.30%,14.6,2.1,6.50%,2,2.10%,0.8,0.70%,2.2
Houston Rockets,John Wall,Vet,-1.1,-1.5,-1,-0.1,-0.2,-0.1,-0.1,25.5,44.50%,9,30.50%,35.10%,6.1,74.10%,27.60%,27.10%,5.3,8.8,27.70%,1,1.10%,1.7,1.60%,3.7
Detroit Pistons,Cade Cunningham,Rookie,-1.1,-0.1,-0.3,-0.7,-1.5,-0.5,-0.9,24.8,48.50%,6.8,31.10%,28.10%,5.9,82.10%,25.50%,28.70%,7.8,8.2,29.80%,1.1,1.20%,1.7,1.70%,5.4
New York Knicks,Ryan Arcidiacono,Vet,-1.1,0,-1.2,0.1,-0.8,-0.9,0.2,10.5,48.90%,7,33.70%,69.80%,2,72.50%,19.80%,11.50%,6.5,4.8,15.40%,0.2,0.20%,1.3,1.30%,1.3
Orlando Magic,Gary Harris,Vet,-1.1,0.5,-1.1,0,-0.5,0,-0.6,15.7,45.20%,9.7,34.80%,63.50%,3.1,79.80%,20.70%,16.20%,4.4,2.8,8.30%,0.4,0.40%,1.7,1.70%,1.7
Sacramento Kings,Trey Lyles,Vet,-1.1,0.8,-0.5,-0.6,-0.2,0.4,-0.6,16.7,54.80%,6,33.50%,35.90%,6.7,77.80%,40.50%,19.30%,12.5,2.6,8.20%,0.8,1.00%,0.9,1.00%,2
Detroit Pistons,Luka Garza,Rookie,-1.1,2.4,-0.2,-0.8,-1.2,-0.2,-1,19.8,50.30%,7.2,29.80%,36.50%,7.9,64.30%,42.50%,21.70%,11.8,2.7,8.30%,1.1,1.20%,1.1,1.10%,2.7
Phoenix Suns,Aaron Holiday,Vet,-1.1,-0.6,-1,-0.2,-1,-0.9,-0.1,18.6,43.70%,6.4,34.00%,36.50%,4.8,80.50%,24.70%,20.10%,6.2,9,25.10%,0.4,0.40%,1.9,1.90%,3.6
Atlanta Hawks,Gorgui Dieng,Vet,-1.1,-0.8,-1.3,0.1,1.5,0.4,1.1,17.3,52.00%,12.2,33.40%,69.00%,4.6,76.10%,25.80%,18.40%,13.9,3.8,11.80%,1.7,2.10%,1.8,1.80%,2.3
Detroit Pistons,Isaiah Livers,Rookie,-1.1,0.9,-1.5,0.3,-1.1,-1.5,0.4,11.6,50.10%,8.2,35.10%,69.50%,2.2,77.00%,19.50%,12.50%,7.7,2.7,7.10%,0.8,0.90%,1.6,1.50%,1.6
Cleveland Cavaliers,Evan Mobley,Rookie,-1.1,0.9,-1.3,0.1,-1.7,-1.4,-0.2,17.9,54.00%,2.4,24.90%,12.70%,6.3,65.40%,36.10%,20.90%,12.6,3.5,11.10%,2.4,2.70%,1.1,1.20%,2.9
Chicago Bulls,Matt Thomas,Vet,-1.2,1,-0.3,-0.9,-1,-0.1,-0.8,15.1,46.70%,10.1,34.80%,70.00%,2.5,77.10%,17.80%,14.70%,5.6,2.2,6.90%,0.3,0.40%,0.9,0.90%,1.5
Houston Rockets,Trevelin Queen,Rookie,-1.2,0.8,-0.8,-0.4,-1.2,-0.7,-0.4,16.8,48.90%,10.5,29.60%,56.20%,4,74.00%,26.30%,18.00%,8.6,3.1,10.40%,0.8,0.90%,1.6,1.70%,2.8
Denver Nuggets,Davon Reed,Vet,-1.2,1.5,-1.1,-0.1,-1.1,-1.1,0,12.1,53.10%,6.6,34.40%,53.10%,2,69.70%,16.90%,12.40%,7.4,3.5,11.50%,0.6,0.70%,1.6,1.60%,1.6
Detroit Pistons,Rodney McGruder,Vet,-1.2,0.3,-1,-0.2,-1.9,-0.9,-1,14.9,50.10%,10.5,34.90%,64.80%,2.2,71.50%,19.30%,15.20%,7.1,2.9,8.90%,0.5,0.60%,1.3,1.30%,1.5
Portland Trail Blazers,Trendon Watford,Rookie,-1.2,1.3,-1.2,0,-0.3,-0.8,0.6,16.3,53.60%,3.1,27.80%,16.00%,5.6,72.00%,39.20%,19.20%,11.2,4.3,15.20%,1.3,1.50%,1.4,1.40%,2.9
San Antonio Spurs,Jock Landale,Rookie,-1.2,2.4,-0.5,-0.7,-1.1,-0.5,-0.6,15.7,55.60%,7.3,31.00%,45.30%,3.6,75.70%,23.40%,17.20%,11.8,2.8,8.70%,1.2,1.50%,1.1,0.90%,2.2
Indiana Pacers,Terry Taylor,Rookie,-1.2,0.9,0,-1.2,-0.9,0.1,-1,14.1,59.70%,3.4,31.00%,22.90%,3.5,72.30%,27.70%,15.70%,9.7,2.6,7.30%,0.6,0.70%,1.2,1.20%,1.7
Sacramento Kings,Harrison Barnes,Vet,-1.2,-1.4,0.1,-1.3,0.1,1.2,-1.1,14.9,52.40%,6.9,36.20%,45.20%,7.1,80.00%,45.50%,17.30%,7.7,3,9.20%,0.4,0.40%,0.9,0.90%,2
Miami Heat,Omer Yurtseven,Sophomore,-1.2,2,-1.5,0.3,-1,-1.6,0.5,18.2,53.40%,1.9,24.50%,8.90%,5.1,61.10%,28.50%,20.20%,18.9,2.9,9.70%,1.4,1.60%,1.1,1.10%,2.5
New York Knicks,Quentin Grimes,Rookie,-1.2,0.9,-1.2,0,-1.2,-1.1,-0.1,14.8,46.20%,12,33.80%,80.00%,2.2,72.60%,19.90%,15.70%,6.3,2.8,9.20%,0.7,0.80%,1.7,1.80%,1.7
Charlotte Hornets,Scottie Lewis,Rookie,-1.2,1,-1.4,0.2,-1.2,-1.4,0.2,15.3,49.40%,6.2,26.30%,40.50%,4.7,70.80%,28.40%,17.00%,7.6,4.1,12.40%,0.8,0.80%,1.7,1.70%,2.5
Indiana Pacers,Oshae Brissett,Vet,-1.2,-1.1,-0.5,-0.7,-1.1,-0.7,-0.3,17.4,49.20%,9.2,34.50%,50.30%,5.6,70.50%,33.70%,19.30%,11,2.6,7.60%,0.9,1.00%,1.3,1.30%,1.8
Denver Nuggets,Facundo Campazzo,Sophomore,-1.2,-1,-1.3,0.1,0.1,-0.6,0.7,11.9,44.40%,7.9,31.70%,70.10%,3.9,75.50%,27.80%,14.60%,5.5,9.3,26.10%,0.7,0.80%,2.7,2.70%,2.9
Brooklyn Nets,LaMarcus Aldridge,Vet,-1.2,-0.1,-1,-0.3,-0.4,-0.7,0.3,20.1,51.70%,2.2,34.20%,11.60%,5.9,79.20%,26.70%,22.00%,12.2,2,6.60%,2.2,2.40%,0.8,0.80%,2
Brooklyn Nets,Blake Griffin,Vet,-1.2,-1.8,-1.1,-0.1,-0.3,-0.3,0,15.3,52.80%,8.1,31.30%,53.20%,4.9,72.10%,30.40%,16.80%,11.5,5.1,15.20%,0.8,0.90%,1.3,1.30%,2.3
Dallas Mavericks,Sterling Brown,Vet,-1.3,-0.3,-1.5,0.2,-1.7,-1.6,-0.1,12.6,47.00%,6.8,34.50%,54.50%,2.6,77.10%,15.10%,13.70%,10.8,2.4,7.80%,0.6,0.60%,1.3,1.30%,1.9
Washington Wizards,Corey Kispert,Rookie,-1.3,0.8,-0.5,-0.8,-1.5,-0.6,-0.9,14.2,58.10%,9.8,34.50%,67.50%,1.8,82.10%,15.40%,14.10%,5.8,2.3,6.00%,0.6,0.70%,1,1.10%,1.2
Boston Celtics,Sam Hauser,Rookie,-1.3,0.9,-0.5,-0.8,-1.2,-0.5,-0.7,18.7,50.70%,12,32.10%,75.90%,2.7,71.30%,21.60%,15.70%,9.2,2.6,7.40%,0.7,0.90%,1.2,1.10%,1.5
New York Knicks,Cam Reddish,Vet,-1.3,-0.5,-1,-0.3,0.4,-0.2,0.6,16.8,47.00%,7.9,33.10%,48.40%,5.2,82.60%,28.80%,18.70%,5.6,2.6,8.60%,0.8,0.80%,2,2.10%,2.4
Los Angeles Clippers,Amir Coffey,Vet,-1.3,0.4,-0.4,-0.8,-1.3,-0.3,-1,16.3,52.20%,8.9,34.60%,52.20%,4.6,78.10%,29.50%,17.60%,6,3.6,11.40%,0.5,0.60%,1.2,1.20%,1.9
Dallas Mavericks,Theo Pinson,Vet,-1.3,1.1,-1,-0.3,-0.8,-0.7,-0.1,14.2,46.30%,9.9,31.80%,71.20%,3.5,82.20%,25.40%,17.10%,7.1,4.8,15.00%,0.6,0.70%,1.6,1.60%,2.7
Atlanta Hawks,Skylar Mays,Sophomore,-1.3,-1,-0.9,-0.4,-1.2,-0.9,-0.3,14.5,55.00%,4.2,30.90%,30.60%,3.9,77.90%,23.80%,15.20%,6.5,4.3,12.80%,0.4,0.40%,1.9,1.90%,2.6
Washington Wizards,Deni Avdija,Sophomore,-1.3,0.6,-1,-0.3,-2.5,-1.6,-0.8,16.4,50.60%,7.8,32.60%,46.10%,3.5,73.50%,24.50%,18.20%,10.2,4.4,13.10%,0.9,1.00%,1.3,1.30%,2.8
Denver Nuggets,JaMychal Green,Vet,-1.3,-1.2,-1.1,-0.2,-0.6,-0.8,0.2,12.6,57.00%,4.1,33.00%,29.50%,3.9,81.90%,28.90%,14.40%,12.9,2.4,7.00%,1,1.20%,1.3,1.30%,2
Utah Jazz,Trent Forrest,Sophomore,-1.3,0.6,-0.6,-0.7,-1.1,-0.4,-0.6,11.9,51.10%,2.7,27.80%,17.60%,3.6,76.40%,28.70%,13.90%,6.7,7.1,19.20%,0.6,0.60%,1.8,1.80%,3.3
Utah Jazz,Eric Paschall,Vet,-1.3,1.1,0,-1.3,-0.8,0.3,-1.1,17.3,55.70%,6.5,32.70%,38.50%,7,71.10%,36.10%,19.20%,8.2,2.4,7.10%,0.4,0.50%,0.9,0.90%,2.2
Houston Rockets,Kenyon Martin Jr.,Sophomore,-1.3,-0.7,-0.6,-0.7,-0.6,-0.6,0,13.7,59.50%,6.5,32.70%,43.50%,3.4,65.20%,26.20%,15.40%,8.5,2.4,6.90%,1.2,1.40%,1,1.10%,1.4
Boston Celtics,Aaron Nesmith,Sophomore,-1.3,0.8,-1,-0.4,-1.2,-0.9,-0.3,16,53.20%,9.8,32.10%,61.90%,3.4,77.20%,22.40%,18.30%,8.3,2.2,6.40%,0.5,0.60%,1.5,1.60%,2.2
Oklahoma City Thunder,Ty Jerome,Vet,-1.4,0.2,-0.8,-0.5,-2,-0.8,-1.2,18.3,45.20%,11.4,32.30%,59.20%,3.2,77.80%,18.80%,18.80%,5.2,7.3,24.20%,0.5,0.50%,1.5,1.60%,2.7
Denver Nuggets,Bryn Forbes,Vet,-1.4,-0.2,0,-1.4,-1.8,-0.2,-1.6,16.5,47.90%,11.4,38.10%,68.40%,2.9,84.60%,17.20%,16.70%,3.9,2.9,7.80%,0.3,0.30%,0.9,0.90%,1.5
Golden State Warriors,Moses Moody,Rookie,-1.4,1.1,-0.6,-0.8,-1.1,-0.5,-0.6,15.6,49.80%,8.9,32.40%,63.40%,4,73.10%,23.30%,17.40%,6.6,2.2,6.40%,0.7,0.90%,1.1,1.10%,1.5
Indiana Pacers,Chris Duarte,Rookie,-1.4,0.2,-0.8,-0.6,-1.2,-0.7,-0.5,19.1,47.70%,8,34.60%,41.50%,4.5,78.40%,23.00%,20.20%,7.2,3.5,11.50%,0.4,0.50%,1.7,1.70%,2.8
Denver Nuggets,Vlatko Cancar,Vet,-1.4,0.3,-1.1,-0.2,-1.2,-1,-0.2,11.8,53.70%,4.5,28.60%,39.60%,4.3,66.30%,29.20%,15.20%,10.3,3.5,10.50%,0.8,0.90%,1.3,1.20%,2.6
Washington Wizards,Kentavious Caldwell-Pope,Vet,-1.4,-1.7,-0.4,-1,0,0,0.1,18.8,47.40%,9.2,37.10%,48.00%,4.3,83.30%,22.70%,20.30%,5.4,2.9,9.20%,0.5,0.60%,1.6,1.60%,1.9
Los Angeles Lakers,Dwight Howard,Vet,-1.4,0.3,-1.9,0.5,1.4,0.1,1.3,12.1,60.10%,1.2,27.20%,5.50%,8,59.20%,67.00%,15.70%,19.3,1.9,5.70%,2.1,2.30%,1.3,1.30%,3.1
Oklahoma City Thunder,Josh Giddey,Rookie,-1.4,0.5,-0.5,-0.9,-1,0.2,-1.2,19.9,46.70%,6.1,29.10%,30.50%,3.6,71.30%,19.10%,23.50%,12.1,9.4,29.50%,0.5,0.70%,1.4,1.40%,4.6
New Orleans Pelicans,Tony Snell,Vet,-1.4,0.4,-1,-0.4,-1.8,-1.2,-0.6,13,47.50%,8.6,36.40%,69.80%,1.4,80.20%,13.10%,12.90%,6.2,1.8,6.00%,0.6,0.60%,1,0.90%,1.6
New York Knicks,Jericho Sims,Rookie,-1.4,1.4,-2.1,0.7,-1.4,-2.2,0.8,6.6,60.00%,0.8,20.70%,5.20%,2.8,50.80%,37.90%,8.60%,14.7,2,5.80%,1.7,2.00%,1.1,1.10%,2
Cleveland Cavaliers,Caris LeVert,Vet,-1.4,-0.8,-0.3,-1.1,-1.8,-1.1,-0.7,19.5,50.30%,6.6,32.00%,36.00%,4.8,74.30%,25.80%,21.00%,6.2,6.1,18.30%,0.6,0.70%,1.6,1.60%,2.9
Milwaukee Bucks,Sandro Mamukelashvili,Rookie,-1.4,1.5,-0.8,-0.6,-1.1,-0.7,-0.4,14.6,53.00%,6.8,30.50%,44.70%,4.5,73.40%,28.20%,17.40%,11,2.6,7.60%,1.2,1.40%,1.2,1.20%,2.1
Detroit Pistons,Frank Jackson,Vet,-1.4,-0.4,-0.3,-1.1,-1.7,0,-1.7,19,50.30%,10.4,34.00%,51.40%,4.8,80.50%,26.20%,19.90%,4.7,2.7,8.10%,0.4,0.40%,1.1,1.10%,1.9
Portland Trail Blazers,Brandon Williams,Rookie,-1.4,1.2,-1.3,-0.1,-0.9,-1.1,0.2,20.4,46.50%,7.8,31.40%,38.20%,6.6,71.70%,31.70%,22.90%,5.6,7.4,25.00%,0.6,0.70%,1.8,1.80%,4.4
San Antonio Spurs,Romeo Langford,Vet,-1.4,0.3,-1.6,0.1,-1.6,-1.6,0,12,48.80%,5.1,30.20%,43.50%,3.8,61.40%,30.00%,14.30%,6.9,1.8,5.20%,1,1.10%,1.3,1.30%,1.4
Atlanta Hawks,De'Andre Hunter,Vet,-1.4,-1,-0.8,-0.6,-2.2,-1.2,-1,19.7,49.50%,6.7,35.80%,33.80%,6,78.70%,30.30%,21.60%,6.4,2,6.10%,0.6,0.70%,1,1.10%,2.2
Los Angeles Lakers,Talen Horton-Tucker,Vet,-1.4,-0.6,-1.3,-0.1,-1.9,-1.5,-0.4,19.2,50.00%,6.5,30.40%,33.10%,5.4,75.90%,26.90%,21.60%,6.3,5.1,16.80%,0.9,1.00%,2,2.00%,3.2
Los Angeles Clippers,Marcus Morris Sr.,Vet,-1.4,-1.2,-0.5,-0.9,-1.6,-0.5,-1.1,21.2,47.80%,9.3,37.50%,44.20%,4.6,82.00%,22.70%,22.80%,7.5,3.3,11.00%,0.6,0.70%,1,1.00%,2
Denver Nuggets,Austin Rivers,Vet,-1.4,-0.6,-0.8,-0.7,-1.2,-1.1,-0.1,9.7,52.30%,6.9,34.00%,68.60%,1.6,71.80%,16.60%,10.80%,4.1,2.9,8.50%,0.4,0.40%,1.7,1.60%,1.5
Philadelphia 76ers,Isaiah Joe,Sophomore,-1.5,-0.2,-1.1,-0.4,-1.5,-1.1,-0.3,15.4,46.80%,11.4,34.00%,76.20%,3.5,80.00%,22.70%,15.40%,4.8,2.4,7.20%,0.3,0.40%,1.3,1.30%,1.6
Denver Nuggets,Jeff Green,Vet,-1.5,-0.1,-1.3,-0.2,-1.4,-1.3,-0.1,11.7,58.00%,3.9,33.70%,34.00%,4.3,79.50%,36.70%,13.20%,6.9,2.2,6.00%,0.7,0.90%,0.9,0.90%,1.4
Toronto Raptors,Dalano Banton,Rookie,-1.5,0.7,-1.9,0.4,-1.5,-1.9,0.3,14.4,49.70%,3.7,26.80%,25.00%,4.8,60.30%,31.60%,16.60%,9.3,6.9,19.10%,0.7,0.80%,1.7,1.80%,3.8
Sacramento Kings,Josh Jackson,Vet,-1.5,-1,-1.6,0.1,-2,-1.8,-0.2,18.3,49.40%,7.2,30.80%,37.30%,6.7,69.60%,34.60%,20.40%,8.4,2.9,11.80%,1.4,1.50%,1.6,1.60%,3.1
Milwaukee Bucks,Wesley Matthews,Vet,-1.5,-0.4,-1.9,0.4,-2.8,-2.3,-0.5,8.9,48.70%,7.9,34.40%,74.90%,1.7,77.90%,17.90%,10.00%,4.9,2,6.00%,0.5,0.60%,1.3,1.30%,0.9
Cleveland Cavaliers,Ed Davis,Vet,-1.5,-0.4,-3,1.5,-0.1,-2.2,2,6.6,50.40%,1.7,14.80%,7.90%,3.3,52.50%,38.40%,7.70%,16.6,2.1,6.40%,1.8,2.10%,1.2,1.20%,1.5
Detroit Pistons,Saddiq Bey,Sophomore,-1.5,-0.2,-0.4,-1.1,-0.6,0.1,-0.7,21.5,46.30%,12.4,36.00%,56.40%,5,80.60%,25.00%,21.70%,7.3,4,12.50%,0.4,0.50%,1.3,1.30%,1.8
Oklahoma City Thunder,Isaiah Roby,Vet,-1.5,1.3,-1.5,0,-0.6,-0.9,0.4,17.2,53.10%,6.7,33.50%,37.80%,5.8,68.10%,35.60%,19.50%,11,3.6,11.70%,1.6,1.80%,1.7,1.70%,3.1
Sacramento Kings,Alex Len,Vet,-1.5,-1.2,-2.1,0.7,-1.4,-2,0.7,13.5,56.30%,2.1,29.80%,10.00%,5.2,60.20%,36.20%,16.90%,13,3.1,9.50%,2.1,2.40%,1.2,1.00%,2.9
Orlando Magic,Bol Bol,Vet,-1.5,-0.3,-1.9,0.4,-1.4,-1.9,0.6,15.9,55.90%,5.5,27.30%,30.20%,4.4,69.50%,30.80%,17.70%,11.8,2.8,9.30%,2.2,2.80%,1.2,1.10%,2.9
Boston Celtics,Malik Fitts,Sophomore,-1.5,0.6,-1.3,-0.2,-1.5,-1.3,-0.2,20.1,53.30%,7.8,29.80%,45.80%,4.1,70.30%,24.60%,18.80%,12.2,3.5,9.50%,0.8,0.90%,1.3,1.20%,2.4
Chicago Bulls,Malcolm Hill,Rookie,-1.5,0.4,-0.9,-0.6,-1.5,-0.9,-0.6,13.2,49.70%,8.4,32.30%,65.10%,3.3,72.90%,24.60%,14.20%,8.3,2.5,8.20%,0.7,0.80%,1.4,1.50%,1.7
Philadelphia 76ers,Charles Bassey,Rookie,-1.5,1,-1.2,-0.3,-1.5,-1.2,-0.3,15.4,57.20%,1.9,22.70%,13.80%,5.2,66.70%,34.50%,17.60%,15.2,2.6,8.10%,2.8,3.40%,1.4,1.40%,2.8
Washington Wizards,Anthony Gill,Sophomore,-1.6,0.3,-1.2,-0.3,-1.9,-1.3,-0.5,12.2,52.60%,3.9,32.60%,25.20%,4.6,77.50%,33.30%,14.10%,9.6,2.5,7.80%,1,1.10%,1,1.00%,2.1
Houston Rockets,Josh Christopher,Rookie,-1.6,0.6,-0.9,-0.7,-0.9,-0.8,-0.2,17.7,51.80%,6.6,30.70%,37.20%,4.4,73.50%,25.50%,20.20%,6.9,5.4,18.00%,0.6,0.70%,2.3,2.30%,3.6
Oklahoma City Thunder,Aleksej Pokusevski,Sophomore,-1.6,2.1,-1.8,0.2,-2.4,-1.9,-0.5,17.7,48.90%,8.4,29.00%,47.50%,3.1,70.90%,17.80%,20.40%,12.1,5.7,18.30%,1.4,1.60%,1.4,1.40%,4.1
Utah Jazz,Nickeil Alexander-Walker,Vet,-1.6,-0.5,-1,-0.5,-1.6,-1.3,-0.2,19.8,45.70%,11.1,31.80%,58.10%,4.7,72.30%,22.50%,21.00%,6.4,5.4,16.60%,0.9,1.00%,1.7,1.70%,3.4
Indiana Pacers,Nate Hinton,Sophomore,-1.6,-0.1,-2.1,0.5,-1.5,-2.1,0.5,15.6,51.80%,8,29.70%,47.70%,4.5,73.30%,27.10%,16.90%,7.5,3.6,11.30%,0.9,0.90%,1.7,1.80%,2.4
Toronto Raptors,Yuta Watanabe,Vet,-1.6,-0.7,-1.4,-0.2,-1.3,-1.3,-0.1,16.5,48.70%,8.6,32.90%,50.80%,5,64.50%,25.00%,18.20%,10,2.6,7.80%,1.3,1.50%,1.5,1.40%,1.9
Miami Heat,Gabe Vincent,Vet,-1.6,0.6,-1.3,-0.3,-1.8,-1.4,-0.4,15.2,48.70%,9.8,34.80%,63.30%,1.9,81.10%,14.20%,15.40%,4.3,6.4,16.70%,0.3,0.30%,1.8,1.80%,2.6
Brooklyn Nets,Day'Ron Sharpe,Rookie,-1.6,1,-0.3,-1.3,-1.9,-0.4,-1.5,17,56.90%,1.8,23.90%,10.60%,6.1,60.50%,33.20%,20.90%,16.2,2.4,7.10%,1.6,2.00%,1.3,1.30%,4.6
Golden State Warriors,Chris Chiozza,Vet,-1.6,-0.8,-1.9,0.3,-1.4,-1.9,0.5,10.8,45.50%,7,30.10%,63.20%,1.9,71.50%,17.20%,12.90%,5.2,8.9,25.00%,0.4,0.40%,1.8,1.80%,3.5
Charlotte Hornets,Jalen McDaniels,Vet,-1.6,0,-1.2,-0.4,-1.7,-1.2,-0.5,13.6,53.40%,6.4,33.60%,45.20%,4.1,72.80%,27.60%,15.70%,9.1,2.9,8.40%,1.1,1.30%,1.4,1.40%,2.2
Sacramento Kings,Neemias Queta,Rookie,-1.6,1.6,-2,0.4,-1.6,-2,0.4,13.1,52.20%,0.7,19.80%,5.80%,5.3,63.00%,42.70%,16.50%,12.8,1.9,5.00%,2.6,3.50%,0.9,0.90%,2.2
Los Angeles Clippers,Jason Preston,,-1.6,0.7,-1.1,-0.6,-1.6,-1.1,-0.6,17.1,50.40%,7.4,27.00%,40.90%,4.3,74.50%,27.00%,18.00%,6.1,5.2,16.40%,0.6,0.60%,1.7,1.70%,2.5
Philadelphia 76ers,Shake Milton,Vet,-1.6,-0.3,-1.1,-0.6,-2.1,-1.4,-0.7,14.1,51.20%,5.6,34.90%,39.70%,3.3,82.00%,23.30%,14.10%,5.9,5,14.20%,0.7,0.80%,1.3,1.20%,1.9
Brooklyn Nets,Goran Dragic,Vet,-1.6,-0.8,-1.2,-0.4,-3.2,-2.2,-1,15.2,46.90%,6.6,32.90%,43.70%,3,79.00%,20.40%,16.70%,6.9,7,18.80%,0.4,0.50%,1.4,1.50%,3
Chicago Bulls,Coby White,Vet,-1.6,-0.2,-0.5,-1.1,-1.8,-0.6,-1.3,18.7,47.90%,11.4,35.50%,59.70%,2.9,84.70%,16.90%,19.50%,5.7,4.9,14.70%,0.3,0.40%,1,0.90%,2.3
Atlanta Hawks,Kevin Knox II,Vet,-1.6,0.8,-0.3,-1.3,-0.5,0.4,-1,23.1,46.10%,15.5,33.00%,70.90%,5.4,70.00%,24.50%,25.30%,8.5,2.4,7.90%,0.8,0.80%,1.1,1.20%,2
Phoenix Suns,Bismack Biyombo,Vet,-1.7,0.4,-2.8,1.2,-2.3,-2.8,0.5,13.4,56.00%,0.8,15.00%,4.00%,6.6,50.20%,46.00%,18.10%,14.8,2.2,7.30%,2.7,3.10%,0.8,0.80%,2.7
Indiana Pacers,Gabe York,Rookie,-1.7,0.1,-1.1,-0.6,-1.7,-1.1,-0.6,14.8,49.00%,9.9,32.70%,64.60%,3.5,74.80%,23.10%,16.50%,5.7,6.5,19.40%,0.5,0.50%,1.9,1.90%,2.7
Washington Wizards,Ish Smith,Vet,-1.7,-0.7,-1.3,-0.4,-0.8,-0.2,-0.6,18,46.20%,3.5,29.80%,18.60%,1.6,68.30%,12.00%,20.30%,6.6,10,31.00%,0.8,0.90%,1.8,1.80%,3.4
Phoenix Suns,Landry Shamet,Vet,-1.7,-0.5,-0.9,-0.8,-1.8,-0.8,-1,15.8,48.10%,10.5,35.90%,65.70%,2.7,81.10%,16.80%,15.50%,4.4,2.8,8.30%,0.4,0.40%,1,1.00%,1.3
Milwaukee Bucks,Thanasis Antetokounmpo,Vet,-1.7,-0.1,-1.6,-0.1,-1,-1.3,0.2,13.8,59.00%,2.1,22.80%,12.00%,6.5,58.30%,41.10%,17.80%,10.9,2.4,7.90%,1.1,1.20%,1.6,1.70%,2.7
Toronto Raptors,David Johnson,Rookie,-1.7,0.9,-1.5,-0.3,-1.7,-1.4,-0.3,16,48.70%,7.4,28.20%,43.80%,4.4,72.30%,27.90%,18.10%,7.5,4.1,13.10%,0.7,0.80%,1.6,1.70%,2.9
Indiana Pacers,Lance Stephenson,Vet,-1.7,0.5,-0.5,-1.2,-2.6,-1.6,-1,19.4,50.50%,5.5,30.80%,28.10%,4.9,73.10%,28.10%,22.70%,8,8.9,28.60%,0.4,0.40%,1.3,1.30%,4.2
Houston Rockets,Usman Garuba,Rookie,-1.7,0.3,-1.8,0.1,-1.8,-1.9,0,8.6,53.10%,3.8,28.90%,40.20%,2.7,68.10%,27.90%,10.70%,15.3,2.7,7.70%,1.9,2.10%,1.5,1.60%,1.5
Washington Wizards,Tomas Satoransky,Vet,-1.8,-1.6,-1.8,0,-1.6,-1.6,0,10.5,50.10%,3.4,31.80%,26.50%,3,79.30%,25.60%,13.70%,6.8,10.7,31.00%,0.4,0.50%,1.6,1.60%,3.4
Charlotte Hornets,JT Thor,Rookie,-1.8,1.1,-2,0.3,-1.7,-2,0.3,11,52.90%,4.1,25.70%,41.80%,4.3,61.70%,28.10%,13.90%,9.4,2.9,8.40%,1.8,2.10%,1.4,1.40%,2.2
Orlando Magic,Devin Cannady,Sophomore,-1.8,-0.1,-1.3,-0.4,-1.8,-1.3,-0.4,14.8,45.00%,11.7,35.20%,73.60%,2.6,76.20%,18.50%,15.20%,4.1,3.5,10.30%,0.5,0.70%,1.9,1.80%,1.5
Charlotte Hornets,Arnoldas Kulboka,Rookie,-1.8,1.7,-1.5,-0.3,-1.8,-1.5,-0.3,14.9,50.30%,7.9,28.30%,50.60%,4,67.50%,27.50%,16.00%,10.7,2.4,8.60%,1.3,1.40%,1.2,1.20%,2.4
Houston Rockets,Daishen Nix,Rookie,-1.8,0.6,-1.7,0,-1.8,-1.7,-0.1,11.9,48.40%,4.9,26.40%,39.20%,4.4,61.30%,35.80%,16.40%,6.5,6.4,19.50%,0.5,0.40%,1.9,2.00%,3.6
Orlando Magic,Cole Anthony,Sophomore,-1.8,0.2,-1.1,-0.7,-2.2,-1.2,-1.1,20.1,45.10%,8.4,32.30%,42.60%,6.3,80.40%,28.10%,23.00%,7.6,8.1,26.00%,0.4,0.50%,1.1,1.10%,3.9
Oklahoma City Thunder,Luguentz Dort,Vet,-1.8,0.4,-0.8,-1,-1,0.5,-1.5,22,44.70%,11.4,32.40%,54.80%,6.8,79.10%,29.20%,24.30%,6.2,2.7,8.80%,0.6,0.60%,1.4,1.30%,2.7
Los Angeles Lakers,Wenyen Gabriel,Vet,-1.8,0.7,-1.7,-0.1,-2,-1.9,-0.1,14.2,55.70%,3.4,30.90%,20.90%,5.6,65.30%,40.70%,15.80%,12.3,2,6.80%,1.6,1.70%,1.2,1.20%,2.5
Los Angeles Clippers,Jay Scrubb,Sophomore,-1.8,0.3,-1.6,-0.2,-1.9,-1.7,-0.2,15.9,52.20%,6.5,28.70%,42.10%,4.2,75.10%,25.80%,18.20%,7.1,2.8,9.00%,0.8,0.90%,1.5,1.60%,2.6
Detroit Pistons,Cory Joseph,Vet,-1.8,-0.9,-1.6,-0.2,-2,-1.7,-0.3,12.5,48.40%,6,35.20%,44.30%,3.4,84.00%,26.40%,13.60%,5.7,6.2,19.40%,0.6,0.70%,1.5,1.50%,2.3
Houston Rockets,Jalen Green,Rookie,-1.8,-0.1,0.7,-2.5,-1.6,1.3,-2.9,23.4,50.20%,11.2,33.20%,48.30%,6.3,77.70%,29.70%,24.90%,5.3,3.8,13.00%,0.5,0.60%,1,1.00%,2.7
Boston Celtics,Matt Ryan,Rookie,-1.8,-0.1,-1.3,-0.5,-1.8,-1.3,-0.5,16.7,48.30%,12.3,30.60%,64.70%,4.2,67.40%,25.80%,18.60%,8.1,2.7,8.10%,0.8,0.90%,1.5,1.50%,2.1
Toronto Raptors,Armoni Brooks,Sophomore,-1.8,0,-1.1,-0.8,-1.6,-1.1,-0.5,14.9,48.40%,13.4,31.80%,90.60%,2.1,74.80%,18.50%,14.60%,6.6,3.1,9.50%,0.6,0.70%,1.5,1.50%,1.6
Toronto Raptors,Svi Mykhailiuk,Vet,-1.8,-0.2,-1.2,-0.6,-1.8,-1.3,-0.5,18.4,49.20%,11.9,33.90%,67.60%,3.3,78.20%,17.60%,20.00%,6.2,3.2,9.70%,0.4,0.50%,1.6,1.70%,2.3
Washington Wizards,Jordan Schakel,Rookie,-1.9,0.3,-1.5,-0.3,-1.8,-1.5,-0.3,15.4,45.00%,8,29.40%,55.20%,4,71.30%,24.10%,16.90%,8.4,2.7,8.30%,0.7,0.80%,1.4,1.50%,2.2
Cleveland Cavaliers,Collin Sexton,Vet,-1.9,-0.6,-0.4,-1.4,-1.3,0.9,-2.2,22.9,49.40%,7.2,34.50%,31.70%,8.1,79.20%,34.70%,25.50%,5.4,5.5,18.70%,0.3,0.40%,1.5,1.30%,3.7
Houston Rockets,Anthony Lamb,Sophomore,-1.9,0.2,-1.2,-0.6,-1.8,-1.2,-0.6,13.4,47.90%,8,30.40%,59.40%,3.7,76.40%,26.90%,15.20%,8.6,3.4,11.60%,0.7,0.80%,1.2,1.20%,2.4
Denver Nuggets,Zeke Nnaji,Sophomore,-1.9,0,-1.4,-0.4,-1.4,-1.2,-0.2,12.9,52.80%,6,32.70%,44.80%,4.9,62.50%,29.70%,15.00%,10.6,1.6,4.70%,0.8,1.00%,1.3,1.30%,1.9
Memphis Grizzlies,Yves Pons,Rookie,-1.9,0.3,-1.9,0,-1.8,-1.9,0,13.5,48.30%,7.9,30.70%,57.50%,3.4,67.20%,21.90%,15.10%,8.2,2.2,7.00%,1.4,1.50%,1.4,1.40%,1.8
Dallas Mavericks,Marquese Chriss,Vet,-1.9,-0.9,-1.6,-0.3,-2.2,-1.4,-0.8,19.1,53.50%,3.2,26.50%,17.20%,6.9,68.00%,36.20%,20.90%,15,2.5,8.50%,2,2.40%,1.6,1.60%,2.8
Charlotte Hornets,Kai Jones,Rookie,-1.9,1,-1.9,-0.1,-1.9,-1.9,0,14.9,54.30%,2.9,22.30%,17.50%,5.7,59.80%,39.20%,17.50%,11.9,2.5,7.70%,1.9,2.30%,1.2,1.20%,2.8
Miami Heat,Javonte Smart,Rookie,-1.9,0.6,-1.6,-0.3,-1.8,-1.6,-0.2,16,45.90%,8.6,29.70%,50.90%,3,74.60%,19.40%,16.00%,6.1,3.2,11.20%,0.6,0.70%,1.5,1.60%,2.3
Charlotte Hornets,Isaiah Thomas,Vet,-1.9,1.3,-0.2,-1.7,-2.1,-0.6,-1.5,23.9,46.70%,12.4,35.70%,51.50%,4.4,80.70%,21.40%,23.50%,4.9,5.3,18.10%,0.5,0.60%,1,1.00%,3
Charlotte Hornets,Nick Richards,Sophomore,-1.9,-0.4,-1.8,-0.2,-1.8,-1.8,0,12.6,61.70%,1,14.80%,5.90%,7.1,62.00%,46.20%,17.50%,13.6,1.8,5.60%,4.7,3.10%,0.7,0.80%,3.3
Toronto Raptors,Malachi Flynn,Sophomore,-1.9,-0.6,-1.5,-0.4,-1.8,-1.5,-0.2,15.7,45.20%,7.7,30.70%,48.00%,3,71.60%,18.70%,15.60%,5.7,6.3,17.50%,0.3,0.40%,1.9,1.90%,1.9
Chicago Bulls,Marko Simonovic,Rookie,-1.9,1,-1.6,-0.4,-1.9,-1.6,-0.4,18.4,50.20%,6,27.70%,30.80%,7.3,63.80%,36.80%,20.50%,13.2,2,5.20%,1.7,2.30%,1.2,1.20%,2.8
Golden State Warriors,Quinndary Weatherspoon,Vet,-1.9,0.5,-1.5,-0.4,-2,-1.5,-0.5,14,51.30%,4.8,28.80%,36.00%,3.9,78.90%,26.20%,16.50%,7.2,3.9,11.70%,0.7,0.80%,1.7,1.70%,2.7
Brooklyn Nets,Cam Thomas,Rookie,-1.9,0.2,-0.8,-1.1,-1.6,-0.8,-0.8,21.3,46.70%,6.3,30.00%,32.60%,5.6,78.30%,23.90%,22.40%,6.9,3.2,10.40%,0.4,0.50%,1.5,1.50%,2.4
Atlanta Hawks,Timothe Luwawu-Cabarrot,Vet,-1.9,-0.3,-1.4,-0.6,-2.7,-2.1,-0.6,12.1,48.60%,7.7,33.00%,63.10%,3.4,80.40%,26.80%,14.00%,6.8,2.5,7.30%,0.5,0.60%,1.2,1.30%,1.6
Utah Jazz,Jared Butler,Rookie,-2,0.3,-1.2,-0.8,-1.8,-1.1,-0.7,21.2,47.50%,11.8,30.10%,58.80%,3.1,72.40%,15.20%,21.50%,6.3,8.2,22.80%,0.6,0.70%,2.1,2.10%,3.8
Chicago Bulls,Patrick Williams,Sophomore,-2,0,-1.4,-0.5,-1,-0.8,-0.3,14.1,51.30%,5.3,35.90%,37.00%,4.2,73.20%,31.00%,16.80%,8.3,2,6.10%,1.1,1.20%,1.4,1.40%,2.1
San Antonio Spurs,D.J. Stewart Jr.,,-2,0.2,-1.8,-0.1,-2,-1.8,-0.1,14.9,47.00%,7.7,27.60%,45.50%,3.8,70.30%,24.10%,16.70%,6.7,4.1,12.60%,0.6,0.70%,1.5,1.60%,2.6
Chicago Bulls,Ayo Dosunmu,Rookie,-2,0.4,-1.2,-0.8,-1.5,-1,-0.5,13.5,54.10%,4.9,33.30%,34.70%,2.4,71.60%,17.90%,14.50%,5.2,6,17.00%,0.6,0.70%,1.4,1.40%,2.6
San Antonio Spurs,Robert Woodard II,Sophomore,-2,-0.2,-1.9,-0.1,-2,-1.9,-0.1,16.9,48.20%,5.8,24.50%,31.90%,4.3,70.70%,23.50%,17.80%,11.2,3.1,9.50%,1.1,1.40%,1.4,1.40%,2.3
Los Angeles Clippers,Brandon Boston Jr.,Rookie,-2,0.3,-1.6,-0.4,-1.9,-1.5,-0.4,20.1,45.70%,6.2,29.60%,31.10%,5,76.30%,26.60%,20.60%,7,3.4,11.40%,0.7,0.90%,1.6,1.60%,2.3
Los Angeles Lakers,Kent Bazemore,Vet,-2,-2.8,-2.9,0.9,-0.7,-2.1,1.4,12.5,42.50%,8.1,32.80%,66.60%,2.4,65.70%,19.90%,13.80%,7.1,3.3,9.50%,0.9,1.00%,2.3,2.30%,2.3
Los Angeles Clippers,Rodney Hood,Vet,-2,0,-1.2,-0.8,-2.9,-2.3,-0.6,11.3,46.00%,5.7,33.00%,52.20%,2.1,80.10%,18.30%,11.80%,5.7,2.5,8.10%,0.5,0.60%,1.1,1.20%,1.3
Dallas Mavericks,Trey Burke,Vet,-2,-1.2,-0.8,-1.3,-2.5,-0.8,-1.7,24.2,44.00%,9.3,34.10%,38.80%,3.9,79.10%,17.00%,23.90%,4.4,5.5,17.80%,0.3,0.30%,1.6,1.60%,2.4
Philadelphia 76ers,Paul Millsap,Vet,-2,-3.3,-2.8,0.8,-1.6,-2.7,1.1,14.1,46.70%,3.8,29.00%,24.70%,4,69.50%,25.10%,15.20%,14,3.6,11.00%,1.6,1.80%,1.7,1.80%,2.5
Cleveland Cavaliers,Cedi Osman,Vet,-2,0.6,-0.9,-1.1,-1,-0.1,-0.9,18.4,50.70%,11.9,32.50%,63.90%,4.7,68.60%,22.10%,20.00%,5.9,4.4,14.00%,0.4,0.50%,1.6,1.60%,2.3
Miami Heat,Markieff Morris,Vet,-2,0,-1.7,-0.4,-2.8,-2.2,-0.6,19.3,44.80%,8.1,32.10%,42.20%,2.5,71.70%,14.10%,19.80%,9.4,2.9,9.60%,0.6,0.70%,1.1,1.00%,2.8
San Antonio Spurs,Joe Wieskamp,Rookie,-2.1,-0.2,-1.6,-0.4,-2.1,-1.6,-0.5,12.9,47.90%,9.1,31.10%,73.60%,2.9,65.50%,22.30%,14.40%,5.6,2.6,7.00%,0.7,0.80%,1.2,1.30%,1.3
Oklahoma City Thunder,Tre Mann,Rookie,-2.1,0,-1.2,-0.9,-1.8,-1,-0.8,21.4,45.20%,11,33.70%,50.00%,3.7,78.60%,18.80%,22.60%,6.2,3.5,12.60%,0.4,0.50%,1.6,1.60%,2.7
New York Knicks,Kemba Walker,Vet,-2.1,-4.2,-0.4,-1.7,-1,0.2,-1.2,17.1,45.30%,9.8,34.10%,56.20%,4.7,84.10%,23.90%,18.40%,5.7,6.7,21.00%,0.4,0.50%,1.4,1.40%,2.5
Houston Rockets,Dennis Schroder,Vet,-2.1,-1.4,-1,-1.1,-2,-1,-1,17.4,46.60%,7.4,34.50%,41.90%,5,80.70%,28.20%,20.60%,5.8,8.4,26.60%,0.4,0.40%,1.4,1.50%,4.1
Detroit Pistons,Isaiah Stewart,Sophomore,-2.1,-1.6,-2.5,0.4,-2.5,-2.5,0.1,13.6,55.10%,3.9,29.80%,19.30%,3.5,71.80%,25.30%,15.00%,17.4,2.4,7.80%,2.1,2.50%,0.8,0.80%,2.4
Boston Celtics,Nik Stauskas,Vet,-2.1,0.8,-0.7,-1.4,-2.2,-0.3,-2,19.7,42.10%,12.6,33.40%,63.00%,4.5,80.80%,20.70%,20.60%,5.8,2.6,9.30%,0.4,0.30%,1,1.00%,2
Toronto Raptors,Precious Achiuwa,Sophomore,-2.1,0.7,-2.1,0,-2.8,-2.4,-0.4,17.6,51.20%,7.3,32.50%,39.90%,4.2,61.50%,27.40%,18.80%,11.8,2.2,6.70%,1.2,1.50%,1.1,1.00%,2.4
Washington Wizards,Rui Hachimura,Vet,-2.1,0.2,-0.7,-1.4,-1.8,-0.3,-1.5,20.2,50.70%,7.1,34.90%,33.50%,3.6,73.70%,20.70%,21.00%,8.2,2.5,7.20%,0.5,0.60%,1.1,1.10%,1.5
Houston Rockets,Bruno Fernando,Vet,-2.1,0.4,-1.2,-0.9,-2.2,-1.1,-1.1,17.3,63.20%,1.3,23.60%,7.60%,6.9,61.70%,45.20%,22.50%,16.9,2.5,8.00%,2.5,3.00%,1.1,1.00%,3.7
Atlanta Hawks,Chaundee Brown,Rookie,-2.1,0,-1.7,-0.4,-2.1,-1.7,-0.4,14.4,47.50%,8.8,30.50%,57.20%,3.3,74.00%,24.30%,15.40%,7.2,2.9,9.60%,0.5,0.50%,1.4,1.50%,1.7
San Antonio Spurs,Lonnie Walker IV,Vet,-2.1,0.4,-0.4,-1.7,-0.8,0.4,-1.2,23,47.20%,11.7,33.50%,50.70%,4.5,76.30%,20.60%,23.70%,5.3,3.6,12.10%,0.5,0.60%,1.2,1.20%,2
Miami Heat,Mychal Mulder,Vet,-2.1,-1,-1.2,-0.9,-2.3,-1.3,-1,13.4,48.60%,10.1,35.70%,71.60%,1.8,76.30%,16.20%,14.20%,4.8,1.8,5.50%,0.5,0.60%,0.9,0.90%,1.5
Cleveland Cavaliers,Brandon Goodwin,Vet,-2.2,0.4,-1.8,-0.4,-2.2,-1.9,-0.3,15.3,47.10%,5.4,28.90%,37.40%,3.9,67.10%,25.90%,17.90%,6.4,8.2,25.10%,0.2,0.30%,1.8,1.80%,3.3
Chicago Bulls,Tyler Cook,Vet,-2.2,0.4,-1.9,-0.2,-2.1,-2,-0.1,12.2,57.90%,1.3,17.20%,6.70%,7.4,61.10%,44.60%,16.00%,13,1.6,4.50%,0.9,1.00%,1.1,1.10%,2.4
Oklahoma City Thunder,Jeremiah Robinson-Earl,Rookie,-2.2,-0.1,-1.2,-1,-2,-0.9,-1,16.2,45.90%,9,31.30%,52.50%,3.9,72.40%,25.00%,18.10%,12,2.6,8.30%,0.7,0.80%,1.3,1.30%,1.9
Portland Trail Blazers,Greg Brown III,Rookie,-2.2,0.2,-2.3,0.2,-1.8,-2.3,0.4,13.2,51.70%,5.9,30.60%,42.90%,4.2,69.60%,34.30%,16.50%,9.9,2.8,8.10%,1.6,1.90%,1.7,1.60%,2.6
Oklahoma City Thunder,Vit Krejci,Rookie,-2.2,0.1,-1.8,-0.4,-2,-1.7,-0.3,12.4,50.20%,7.2,31.70%,55.10%,2,77.20%,18.50%,14.10%,7.2,3.8,12.10%,0.7,0.80%,1.3,1.30%,2.2
Golden State Warriors,James Wiseman,Sophomore,-2.2,1.6,-1.6,-0.6,-2,-1.4,-0.6,21.8,53.80%,4.7,28.40%,23.70%,4.8,65.00%,26.90%,23.70%,12.9,2.5,8.50%,1.5,1.90%,0.9,0.90%,2.9
Memphis Grizzlies,Santi Aldama,Rookie,-2.2,0.3,-1.6,-0.7,-2.3,-1.6,-0.7,19.5,52.60%,5.9,27.20%,30.20%,5.6,62.70%,32.00%,21.20%,13,2.7,9.40%,1.7,1.90%,1.1,1.10%,2.7
Detroit Pistons,Braxton Key,Rookie,-2.2,-0.1,-2.3,0.1,-2.2,-2.3,0.1,15.6,52.20%,5.5,29.80%,33.00%,4.3,68.60%,25.30%,17.80%,11.3,2.5,7.90%,2.1,2.50%,1.7,1.70%,2.6
Washington Wizards,Kyle Kuzma,Vet,-2.2,-0.9,-0.6,-1.6,-0.4,-0.3,-0.1,23.3,48.10%,9.2,32.50%,41.40%,5.6,69.90%,26.50%,26.20%,11.7,5.7,18.10%,1.1,1.30%,0.9,0.90%,4
Orlando Magic,Jalen Suggs,Rookie,-2.2,-0.6,-2.1,-0.1,-2.4,-2.1,-0.3,19.2,47.20%,7.4,30.20%,40.80%,6.2,73.60%,32.70%,22.40%,6.3,8.1,26.60%,0.7,0.80%,2.1,2.00%,4.6
Boston Celtics,Juwan Morgan,Vet,-2.2,0,-2,-0.2,-2.1,-2,-0.1,11.9,50.50%,4.8,29.40%,43.30%,3.9,63.60%,22.40%,14.00%,9.9,2.4,8.10%,0.7,0.90%,1.2,1.30%,2
Utah Jazz,Udoka Azubuike,Sophomore,-2.2,0.4,-2.1,-0.1,-2.1,-2.1,-0.1,13.5,61.70%,0.9,16.10%,5.30%,4,66.70%,28.70%,15.70%,15.6,1.3,3.80%,2.2,2.50%,0.9,0.90%,2.5
Los Angeles Clippers,Xavier Moon,Rookie,-2.2,-0.4,-1.5,-0.7,-2.2,-1.5,-0.7,16.1,46.00%,5.6,31.30%,32.10%,3.1,74.90%,19.10%,16.90%,5.1,7.9,24.50%,0.6,0.60%,1.9,1.90%,3
Utah Jazz,Xavier Sneed,Rookie,-2.3,-0.1,-1.8,-0.5,-2.2,-1.8,-0.5,14.7,46.20%,8.9,31.40%,63.00%,3.1,71.50%,22.60%,14.90%,7.6,2.9,8.60%,0.5,0.60%,1.4,1.50%,1.9
Detroit Pistons,Killian Hayes,Sophomore,-2.3,0.5,-2.6,0.4,-2,-2.7,0.7,16.1,47.20%,5.9,30.50%,36.10%,3.1,75.90%,20.00%,17.60%,6.2,7.8,24.00%,1.1,1.20%,2.2,2.20%,3.7
Cleveland Cavaliers,RJ Nembhard Jr.,Rookie,-2.3,0.3,-2,-0.3,-2.3,-2,-0.3,16.2,45.80%,3.8,26.40%,27.50%,4.3,73.50%,24.20%,17.60%,7.4,6.5,20.80%,0.5,0.50%,1.5,1.70%,2.8
Oklahoma City Thunder,Aaron Wiggins,Rookie,-2.3,0.3,-1.3,-1,-2.3,-1.2,-1.2,14.7,51.50%,5.7,31.00%,39.00%,4.2,71.30%,27.10%,16.90%,7.2,3,10.30%,0.4,0.50%,1.3,1.30%,2.6
Milwaukee Bucks,Rayjon Tucker,Vet,-2.3,-0.1,-1.3,-1,-2.3,-1.3,-1,11.3,49.20%,4.5,28.80%,48.90%,4.5,73.80%,32.10%,13.00%,6.8,4.2,12.40%,0.4,0.50%,1.5,1.60%,1.8
Washington Wizards,Vernon Carey Jr.,Sophomore,-2.3,0.3,-1.7,-0.6,-2.3,-1.7,-0.6,15.2,52.50%,1.2,23.20%,6.80%,7.4,60.90%,46.10%,18.20%,12.3,1.7,5.60%,2,2.10%,1.2,1.30%,2.4
Charlotte Hornets,James Bouknight,Rookie,-2.3,-0.3,-1,-1.3,-2.3,-1,-1.3,20.4,45.60%,6.8,31.90%,31.60%,5.4,78.10%,26.80%,22.00%,7.9,4.4,14.20%,0.4,0.50%,1.5,1.50%,2.9
Oklahoma City Thunder,Melvin Frazier Jr.,Vet,-2.3,-0.7,-1.9,-0.4,-2.3,-2,-0.3,15.5,48.50%,7.6,33.30%,43.40%,3.9,70.90%,23.30%,16.60%,5.7,2,6.10%,0.5,0.50%,1.5,1.50%,2
New Orleans Pelicans,Kira Lewis Jr.,Sophomore,-2.3,-0.8,-1.5,-0.9,-2.4,-1.4,-1,17.9,48.40%,7.9,32.00%,41.60%,3.5,79.70%,20.50%,19.50%,5.2,6.5,21.60%,0.5,0.60%,1.7,1.80%,2.6
Detroit Pistons,Marvin Bagley III,Vet,-2.3,-0.1,-1.1,-1.2,-2.6,-1,-1.6,19.4,56.20%,3.8,29.40%,20.40%,5.8,63.20%,31.40%,21.60%,14.2,2,5.80%,1,1.20%,1,1.00%,2.3
Memphis Grizzlies,Jarrett Culver,Vet,-2.3,-0.4,-2.1,-0.2,-2.3,-2.2,0,20.4,44.10%,6.9,31.60%,37.10%,5.5,50.80%,24.40%,21.20%,7.6,3.7,12.40%,0.9,1.00%,2.1,2.10%,2.8
Los Angeles Lakers,Avery Bradley,Vet,-2.4,-0.4,-2.1,-0.3,-1.4,-1.6,0.2,11.4,46.80%,7.5,34.10%,66.10%,1.3,80.30%,11.00%,12.20%,4.8,1.7,4.90%,0.4,0.40%,1.6,1.70%,1.3
Cleveland Cavaliers,Lamar Stevens,Sophomore,-2.4,-0.8,-2,-0.3,-2.4,-2.1,-0.3,15.9,53.30%,2.7,29.30%,16.70%,4.8,70.50%,30.40%,18.30%,8.8,2.2,6.80%,0.9,1.10%,1.5,1.60%,2.3
Brooklyn Nets,David Duke Jr.,Rookie,-2.4,0.2,-2.2,-0.2,-2.5,-2.3,-0.2,15,47.50%,5.8,31.10%,39.90%,4,73.70%,24.70%,15.70%,8.1,2.7,8.40%,0.6,0.70%,1.7,1.90%,2.1
Philadelphia 76ers,Myles Powell,Sophomore,-2.4,0.1,-1.8,-0.6,-2.4,-1.8,-0.6,15.8,49.10%,6.8,28.50%,44.40%,3.6,75.90%,21.40%,16.80%,5.9,5.1,16.50%,0.3,0.40%,1.6,1.70%,2.9
Philadelphia 76ers,DeAndre Jordan,Vet,-2.4,-1,-3,0.6,-1.6,-2.8,1.2,11.3,65.40%,0.5,13.50%,3.40%,4.1,54.00%,31.10%,14.50%,18.9,1.8,5.90%,2.5,2.90%,0.8,0.80%,2.7
New York Knicks,Miles McBride,Rookie,-2.4,0.4,-2,-0.4,-2.7,-2.1,-0.5,13.5,45.00%,9.9,32.50%,71.20%,2.1,73.20%,16.60%,13.70%,5.4,5.2,14.00%,0.2,0.30%,1.8,1.80%,1.3
Phoenix Suns,Elfrid Payton,Vet,-2.4,-0.5,-2.5,0.1,-2,-2,0,16.8,43.60%,2.5,28.10%,14.80%,4,50.80%,22.00%,19.60%,7.7,8.6,24.90%,0.4,0.50%,2,2.00%,4.2
Philadelphia 76ers,Charlie Brown Jr.,Vet,-2.4,0.3,-2.8,0.3,-2.4,-2.8,0.4,11.9,44.90%,4.2,30.90%,35.90%,3.6,77.20%,27.80%,13.90%,8.2,2.5,7.50%,0.9,1.00%,1.6,1.80%,2.2
Los Angeles Lakers,Mac McClung,Rookie,-2.5,0.2,-2.4,0,-2.4,-2.4,0,13.5,48.80%,7.7,30.30%,54.00%,3.3,73.90%,24.40%,15.10%,6.2,4.1,13.80%,0.8,0.70%,1.7,1.80%,2.6
Milwaukee Bucks,Luca Vildoza,Sophomore,-2.5,-0.2,-1.8,-0.6,-2.5,-1.8,-0.6,15.3,46.10%,10.1,29.30%,68.30%,3.7,78.30%,21.70%,17.40%,5.8,7.4,22.80%,0.4,0.40%,2,2.10%,2.7
Los Angeles Lakers,Carmelo Anthony,Vet,-2.5,-0.2,-0.9,-1.5,-1.5,-0.6,-0.9,19.8,46.40%,11,35.80%,52.20%,4.4,82.20%,21.50%,20.90%,8,2,6.10%,1.2,1.30%,1.1,1.20%,1.8
Minnesota Timberwolves,Leandro Bolmaro,Rookie,-2.5,-0.4,-1.9,-0.6,-2.5,-1.9,-0.6,15.7,48.10%,4.6,26.20%,31.60%,5,70.00%,30.80%,17.40%,9,4.3,13.30%,0.4,0.50%,1.4,1.40%,3.7
Atlanta Hawks,Lou Williams,Vet,-2.5,-0.2,-0.8,-1.7,-2.7,-1.4,-1.3,18.2,43.70%,5.9,33.50%,34.30%,5,81.90%,27.40%,20.50%,5.3,6.7,19.10%,0.3,0.40%,1.6,1.50%,3.1
Atlanta Hawks,Sharife Cooper,Rookie,-2.5,0.4,-1.9,-0.6,-2.5,-1.9,-0.6,15.8,47.00%,6.7,29.00%,46.90%,3.8,74.30%,22.50%,17.60%,5.7,6.1,17.50%,0.4,0.50%,1.7,1.80%,3.1
Sacramento Kings,Davion Mitchell,Rookie,-2.5,-0.7,-0.9,-1.6,-2.6,-0.8,-1.8,19.6,48.90%,6.6,31.50%,31.90%,3.4,73.60%,18.20%,22.10%,3.9,8.5,28.20%,0.6,0.60%,1.3,1.30%,3.7
Oklahoma City Thunder,Darius Bazley,Vet,-2.5,1.4,-1.6,-0.9,-0.8,-0.6,-0.2,17.6,49.30%,8.3,32.80%,46.80%,5.3,67.40%,29.70%,19.40%,10.3,2.7,8.50%,1.2,1.50%,1.3,1.30%,2.3
Brooklyn Nets,Kessler Edwards,Rookie,-2.6,-0.4,-2.3,-0.3,-2.5,-2.5,0,13.3,47.40%,7.3,31.90%,53.20%,2,76.50%,15.70%,14.10%,8.4,1.9,5.30%,1.1,1.20%,1.4,1.40%,2
Portland Trail Blazers,Marcos Louzada Silva,Sophomore,-2.6,-0.3,-2.1,-0.5,-2.6,-2.1,-0.4,12.5,47.60%,8.5,32.80%,66.00%,2,75.40%,17.20%,13.80%,6.4,2.6,7.50%,0.8,0.80%,1.4,1.40%,1.7
Dallas Mavericks,Moses Wright,Rookie,-2.6,-0.1,-2.3,-0.3,-2.6,-2.3,-0.3,14.7,47.10%,4.8,27.80%,34.70%,4.3,69.70%,26.90%,16.00%,10.7,3.2,8.80%,1.8,1.80%,1.3,1.30%,2.3
Los Angeles Lakers,Mason Jones,Sophomore,-2.6,-0.2,-1.4,-1.2,-2.8,-1.5,-1.3,13.5,48.60%,6,30.20%,38.90%,7.1,69.20%,47.20%,16.70%,7.8,4.8,16.60%,0.4,0.50%,1.4,1.40%,2.6
Milwaukee Bucks,Lindell Wigginton,Rookie,-2.6,-0.1,-1.4,-1.2,-2.6,-1.4,-1.2,15.1,48.00%,7.2,30.10%,44.60%,7.1,64.50%,39.60%,20.10%,5.5,6.2,19.30%,0.3,0.30%,1.7,1.70%,3.7
Atlanta Hawks,Jalen Johnson,Rookie,-2.6,-0.5,-2.1,-0.6,-2.7,-2.1,-0.6,17.4,53.30%,5.5,29.20%,34.00%,4.4,67.80%,22.50%,19.90%,10,2.1,6.80%,0.9,1.10%,1.3,1.40%,2.7
Indiana Pacers,Duane Washington Jr.,Rookie,-2.7,0.1,-1.2,-1.4,-2.5,-1.3,-1.2,20.5,47.10%,11.4,34.80%,54.30%,3.5,74.70%,19.20%,20.80%,4.4,3.6,10.60%,0.3,0.30%,1.4,1.30%,2.6
Phoenix Suns,Torrey Craig,Vet,-2.7,-1,-1.9,-0.8,-1.7,-1.1,-0.6,13.7,53.90%,8.3,32.30%,61.00%,2,70.40%,16.20%,14.90%,9.8,2.5,7.80%,1.3,1.40%,1.3,1.30%,1.9
New York Knicks,Feron Hunt,Rookie,-2.7,-0.2,-2.4,-0.3,-2.7,-2.4,-0.3,13.7,48.20%,4.5,27.10%,31.80%,4.2,65.90%,29.90%,15.20%,9.7,3,9.10%,1.1,1.20%,1.4,1.50%,2.7
Detroit Pistons,Jamorko Pickett,Rookie,-2.7,0.3,-1.8,-0.9,-2.7,-1.8,-0.9,13.8,49.90%,11.2,31.90%,75.80%,2.2,68.70%,21.30%,15.00%,9.2,2.1,5.80%,1.7,1.90%,0.9,1.00%,1.4
Portland Trail Blazers,Ben McLemore,Vet,-2.7,-1.8,-1.2,-1.5,-0.2,0.4,-0.6,20.2,51.30%,15,35.50%,74.70%,3.7,78.50%,22.00%,21.20%,4.4,2.5,7.40%,0.5,0.60%,1.3,1.30%,2.1
Washington Wizards,Isaiah Todd,Rookie,-2.7,-0.1,-2.4,-0.3,-2.7,-2.4,-0.3,14,47.70%,7.2,29.70%,50.50%,3.8,63.00%,24.90%,15.80%,9.7,2.8,8.80%,1.6,1.60%,1.5,1.60%,2.2
Orlando Magic,Ignas Brazdeikis,Vet,-2.8,-0.1,-1.3,-1.6,-3.1,-1.4,-1.7,17.3,52.10%,8.4,32.60%,46.40%,3.6,70.20%,22.70%,18.30%,7,3.2,10.00%,0.4,0.50%,1,1.10%,1.7
Los Angeles Lakers,D.J. Augustin,Vet,-2.9,-0.4,-1,-1.8,-1.6,-0.8,-0.8,11.4,47.20%,9.4,37.00%,78.60%,2.3,86.60%,23.70%,12.30%,4.3,5.7,15.50%,0.2,0.20%,1.1,1.00%,2.1
Detroit Pistons,Carsen Edwards,Vet,-2.9,-1.2,-1.7,-1.1,-2.8,-1.6,-1.1,17,49.30%,9.9,33.40%,56.30%,2.5,77.50%,14.60%,16.10%,4.9,6.1,20.10%,0.3,0.30%,1.5,1.50%,2.7
Portland Trail Blazers,CJ Elleby,Sophomore,-2.9,-0.6,-2.2,-0.6,-2.6,-2.1,-0.4,12.3,49.40%,5.8,30.90%,44.40%,3.7,70.80%,26.50%,14.70%,9.1,3.5,10.40%,0.8,0.90%,1.4,1.40%,2.3
San Antonio Spurs,Joshua Primo,Rookie,-2.9,-0.7,-2.1,-0.8,-3,-2.2,-0.7,13.3,47.30%,5.8,31.10%,45.20%,3.4,74.40%,22.50%,15.10%,5.9,3.8,11.20%,0.9,1.00%,1.1,1.10%,2.6
Portland Trail Blazers,Elijah Hughes,Sophomore,-3,-1,-2.3,-0.6,-2.7,-2.3,-0.5,14.7,48.00%,9.6,31.10%,59.90%,2.2,75.50%,17.30%,15.30%,6.6,2.6,8.40%,0.9,1.00%,1.4,1.40%,1.9
Washington Wizards,Cassius Winston,Sophomore,-3,-0.3,-2,-0.9,-3,-2,-0.9,17.1,45.30%,7.1,31.10%,41.00%,4.6,79.70%,25.50%,18.50%,5.5,6.9,23.90%,0.4,0.50%,1.4,1.50%,3.5
Minnesota Timberwolves,McKinley Wright IV,Rookie,-3,-0.4,-2,-1,-3,-2,-1,13.6,47.80%,6.8,29.90%,49.20%,3.1,78.60%,22.80%,15.50%,4.4,7.1,19.60%,0.2,0.20%,1.8,1.80%,2.6
Phoenix Suns,Gabriel Lundberg,Rookie,-3,-1,-2.2,-0.7,-3,-2.3,-0.7,17,45.80%,8.5,32.00%,47.80%,3.3,73.20%,19.10%,17.50%,6.2,6.8,21.80%,0.3,0.20%,1.8,1.90%,2.8
Portland Trail Blazers,Keljin Blevins,Sophomore,-3,-0.3,-2.3,-0.7,-2.8,-2.3,-0.5,14.5,46.60%,10,32.30%,62.50%,2.1,68.50%,12.90%,15.30%,6.3,2.8,8.30%,0.4,0.40%,1.7,1.70%,1.9
Orlando Magic,Admiral Schofield,Vet,-3.2,-0.8,-1.8,-1.4,-3.3,-1.8,-1.6,13.4,48.40%,9.5,33.50%,65.10%,2.3,76.90%,19.10%,14.70%,8.8,2.5,7.50%,0.6,0.70%,0.9,1.00%,1.8
Miami Heat,Haywood Highsmith,Vet,-3.2,-0.6,-2.2,-1.1,-3.2,-2.2,-1,15,48.40%,8.5,29.60%,55.10%,3.4,59.50%,20.50%,16.10%,8.2,2.4,7.90%,0.8,1.00%,1.2,1.20%,2
Milwaukee Bucks,Jordan Nwora,Sophomore,-3.2,-0.5,-1.7,-1.6,-3.5,-2,-1.5,18.9,46.30%,8.4,31.90%,44.20%,3.5,78.20%,17.20%,19.90%,9.3,2.4,7.50%,0.7,0.80%,1.1,1.10%,2.3
Oklahoma City Thunder,Theo Maledon,Sophomore,-3.3,1,-2.3,-0.9,-2.5,-1.9,-0.6,18.8,45.40%,8.5,31.00%,45.30%,6.3,72.50%,31.70%,22.20%,7,6.4,21.00%,0.6,0.70%,1.6,1.60%,4
Portland Trail Blazers,Keon Johnson,Rookie,-3.3,-1.1,-3,-0.3,-3,-3.1,0,19,47.40%,8.2,31.30%,41.50%,3.6,78.20%,23.00%,21.30%,5.6,5.6,18.70%,0.8,0.90%,1.8,1.80%,3.5
Cleveland Cavaliers,Rajon Rondo,Vet,-3.4,-1.3,-3.3,0,-0.9,-0.9,0,10.8,45.20%,6.9,30.80%,57.00%,1.9,69.00%,16.10%,14.30%,7.2,11.5,33.10%,0.4,0.50%,2,2.00%,4.3
Orlando Magic,R.J. Hampton,Sophomore,-3.4,-0.5,-2.4,-1,-3,-2.3,-0.8,15.6,46.00%,6.6,31.50%,39.80%,3.7,65.80%,26.00%,16.90%,6.8,4.9,15.40%,0.5,0.60%,1.3,1.30%,2.7
Orlando Magic,Terrence Ross,Vet,-3.5,-2.1,-1.9,-1.6,-2,-0.8,-1.2,18.5,47.60%,9.6,33.80%,54.20%,4,82.30%,22.30%,19.10%,5.9,3.4,11.00%,0.5,0.60%,1.4,1.30%,2.1
New Orleans Pelicans,Garrett Temple,Vet,-3.8,-2.4,-2.9,-0.9,-1,-1.9,0.8,13.8,44.60%,8.6,30.50%,64.90%,2.2,70.00%,15.90%,13.90%,6.2,3.2,10.40%,0.8,1.00%,1.5,1.60%,1.7
Miami Heat,Udonis Haslem,Vet,-4.8,-0.3,-4.6,-0.2,-4.9,-4.2,-0.6,12.5,45.80%,2.9,21.40%,18.40%,1,52.40%,10.40%,14.40%,13.5,2.1,5.70%,0.7,0.90%,1,1.00%,1.9