PLAYER,Team,Experience,Minutes,Pace,PTS,AST,DREB,OREB,BLK,STL,TOV,FGA,FTA,FG3A,RimFGA,PF,date_of_projection
Nikola Jokic,Denver Nuggets,Vet,38.3,98.5,31.3,7.6,12.5,3.3,1.1,1.6,4.3,21.2,8.2,3.5,6.2,3.6,2022-05-03
Luka Doncic,Dallas Mavericks,Vet,38.9,94,30.2,8.5,9,0.9,0.7,1.2,4.2,23.2,9.1,10.3,3.9,2.8,2022-05-03
Donovan Mitchell,Utah Jazz,Vet,38.7,95.5,29,6,4,0.9,0.3,1.3,3.3,22.4,6.4,9.4,4,2.9,2022-05-03
Devin Booker,Phoenix Suns,Vet,37.9,98.3,28.6,5.2,4.6,0.7,0.4,1,2.7,22,6.4,7.6,2.9,3.2,2022-05-03
Kevin Durant,Brooklyn Nets,Vet,40.3,98.6,28,6.6,7,0.6,1,1,3.7,20.5,8.2,5.9,2.1,2.7,2022-05-03
Trae Young,Atlanta Hawks,Vet,38.6,97.6,26.7,9.3,3.6,0.7,0.2,1,4,19.8,7.9,8.5,3,2.3,2022-05-03
Stephen Curry,Golden State Warriors,Vet,35.1,98.1,26.2,5.8,4.3,0.5,0.3,1.2,3.1,18.4,5.3,11.4,2.3,2.5,2022-05-03
DeMar DeRozan,Chicago Bulls,Vet,38.7,96.8,25.2,4.8,4.6,0.7,0.4,1,2.4,20.4,7.6,1.3,3.1,2.8,2022-05-03
Kyrie Irving,Brooklyn Nets,Vet,39.9,98.4,25,5.8,4,0.8,0.7,1.5,2.5,18.8,4.6,7.9,2.5,3.2,2022-05-03
Brandon Ingram,New Orleans Pelicans,Vet,37.7,95.1,24.6,6,5.5,0.7,0.5,0.7,2.9,18.8,7,4.2,2.9,2.6,2022-05-03
Karl-Anthony Towns,Minnesota Timberwolves,Vet,36.9,99.9,24.5,3.4,8.5,2.7,1.3,1,3.2,16.3,7.3,4.8,5.8,4.3,2022-05-03
LeBron James,Los Angeles Lakers,Vet,29.9,97.9,23.7,5,6,0.9,0.7,1,3.1,18.1,5,6.4,6.2,2.1,2022-05-03
Pascal Siakam,Toronto Raptors,Vet,41.1,94.6,23.7,5.8,7,1.8,0.7,1.3,2.9,19.3,6.5,3.4,4.4,3.7,2022-05-03
Anthony Edwards,Minnesota Timberwolves,Sophomore,37.8,99.4,23.5,3.9,4.2,0.8,0.7,1.4,2.5,18,4.7,9.3,4.7,2.9,2022-05-03
CJ McCollum,New Orleans Pelicans,Vet,36.5,95.3,22.5,5,3.8,0.8,0.4,1,2.1,19.2,3.7,7.2,2.7,2.5,2022-05-03
Jimmy Butler,Miami Heat,Vet,34.8,95,21.9,4.9,4.6,1.7,0.5,1.7,1.9,15.6,7.7,2.9,5,1.9,2022-05-03
Jayson Tatum,Boston Celtics,Vet,29.6,94.3,21.5,3.6,4.8,0.9,0.5,0.9,2.4,15.8,5.7,6.3,3.7,2.4,2022-05-03
Giannis Antetokounmpo,Milwaukee Bucks,Vet,25.7,99.5,21.3,4.1,7.5,1.8,1,0.8,2.6,15,7.4,2,6.4,2.9,2022-05-03
Klay Thompson,Golden State Warriors,Vet,32.1,97.2,21.1,2.3,3.3,0.4,0.5,0.7,1,17.9,1.8,10,1.4,2.2,2022-05-03
Ja Morant,Memphis Grizzlies,Vet,28.8,98,20.6,6,3.9,1.1,0.3,0.9,3,15.5,6.8,3.5,6.8,1.8,2022-05-03
Dejounte Murray,San Antonio Spurs,Vet,33.7,98.5,20.6,7,6.6,1,0.3,1.7,2.6,17.6,4.4,5,4.1,2.5,2022-05-03
James Harden,Philadelphia 76ers,Vet,39,95.5,19.9,9,6.5,0.9,0.6,1.3,4,14.1,7.8,6.4,3.3,2.7,2022-05-03
Jordan Poole,Golden State Warriors,Vet,32.1,96.2,19.8,4.8,3.2,0.6,0.4,0.8,2.8,14.8,4.6,8.1,2.7,3.2,2022-05-03
Jalen Brunson,Dallas Mavericks,Vet,35.3,93.7,19.7,4.2,3.7,0.7,0.1,0.8,1.6,15.9,4.3,4.1,3,2.4,2022-05-03
Deandre Ayton,Phoenix Suns,Vet,33.7,97.2,19.4,1.7,8.1,3,0.9,0.7,1.5,14.5,2.8,0.7,4.5,3.1,2022-05-03
Darius Garland,Cleveland Cavaliers,Vet,32.2,94.9,19.3,6.6,2.3,0.5,0.2,1.1,3.2,16.7,4.4,5.7,3.9,1.9,2022-05-03
Shai Gilgeous-Alexander,Oklahoma City Thunder,Vet,26.4,98.5,19.1,4.4,3.3,0.6,0.6,0.9,2.3,14.8,5.9,3.5,3.6,2.4,2022-05-03
Tyrese Maxey,Philadelphia 76ers,Sophomore,37.5,95.7,19.1,4.1,3.1,0.4,0.4,0.8,1.3,14,3.5,5.7,3.6,2.4,2022-05-03
Bojan Bogdanovic,Utah Jazz,Vet,34.4,95.2,18.7,1.9,3.7,0.9,0.1,0.6,1.8,14.1,4,7.2,2.4,2.4,2022-05-03
LaMelo Ball,Charlotte Hornets,Sophomore,29.5,99.4,18.3,6.2,4.3,1.1,0.3,1.4,3,15.2,3.5,7.7,3.3,3.1,2022-05-03
Nikola Vucevic,Chicago Bulls,Vet,33.4,96.5,17.6,2.8,9.1,1.9,0.9,0.9,1.7,15.3,2,5.2,3.3,2.7,2022-05-03
Jaylen Brown,Boston Celtics,Vet,26.9,94.5,17.5,2.6,4,0.7,0.3,0.9,2.1,13.7,4,4.3,3.3,2.4,2022-05-03
Gary Trent Jr.,Toronto Raptors,Vet,35.6,95.2,17.5,1.8,2.4,0.4,0.3,1.4,1,14.5,3.4,7.1,1.5,2.2,2022-05-03
Bam Adebayo,Miami Heat,Vet,32.4,94.6,17.3,3.3,7.3,2.4,0.9,1.2,2.4,11.3,5.6,0.4,5,3.1,2022-05-03
Tobias Harris,Philadelphia 76ers,Vet,37.5,95.5,17.1,3,6.4,1,0.7,0.8,1.4,13.6,2.7,4.6,3.3,2.7,2022-05-03
Chris Paul,Phoenix Suns,Vet,34.2,97.3,17,9.4,4,0.5,0.3,1.7,2.3,12.7,3.7,3.8,0.6,2.5,2022-05-03
Miles Bridges,Charlotte Hornets,Vet,30.6,98.1,16.9,3,4.9,1,0.7,0.7,1.7,12.9,3.8,5.1,4.9,2.4,2022-05-03
Tyler Herro,Miami Heat,Vet,28.7,94.9,16.8,3.8,3.9,0.4,0.2,0.6,2.1,13.6,2.8,5.8,2.3,1.6,2022-05-03
Jordan Clarkson,Utah Jazz,Vet,28.9,94.5,16.5,2.4,2.7,0.9,0.2,0.8,1.6,13.2,2.6,6.4,1.7,2.2,2022-05-03
Andrew Wiggins,Golden State Warriors,Vet,33.6,97.3,16.5,2.1,3.9,1.3,0.7,0.9,1.4,13.2,3.5,5.1,2.6,2.6,2022-05-03
Terry Rozier,Charlotte Hornets,Vet,29.7,97.6,16.5,3.8,3.1,0.6,0.3,1,1.4,13.9,2.5,7,2.8,1.8,2022-05-03
De'Andre Hunter,Atlanta Hawks,Vet,33.3,97.4,16.5,1.3,3.7,0.6,0.4,0.7,1.5,13.3,4.1,4.6,2.9,3.2,2022-05-03
Keldon Johnson,San Antonio Spurs,Vet,29.8,96.9,16.3,2.2,4.4,0.9,0.3,0.6,1.2,13.6,3.5,5.8,3.3,2.3,2022-05-03
De'Aaron Fox,Sacramento Kings,Vet,23.9,98.7,16.3,3.7,2.4,0.3,0.3,0.8,1.9,13.1,4.3,3.7,2.9,2.3,2022-05-03
D'Angelo Russell,Minnesota Timberwolves,Vet,32.6,99.9,16.2,6.6,2.9,0.4,0.2,1.1,2.5,12.9,3.9,6.4,1.9,2.3,2022-05-03
Kawhi Leonard,Los Angeles Clippers,Vet,24.6,100.2,16.1,2.9,4.1,1,0.4,1.2,1.4,12.2,3.9,3.8,2.6,1.8,2022-05-03
Jonas Valanciunas,New Orleans Pelicans,Vet,30.4,94,16,2.6,8.9,3.5,0.7,0.6,2.2,11.8,4.1,1.7,4.6,3.5,2022-05-03
Aaron Gordon,Denver Nuggets,Vet,34.5,97.9,16,2.4,4.7,2.1,0.8,0.7,1.9,11.9,4,3.7,4.8,2.6,2022-05-03
Reggie Jackson,Los Angeles Clippers,Vet,29,95.4,15.5,4.2,3.1,0.5,0.3,0.7,2.2,14.7,2.5,5.9,2.4,2.4,2022-05-03
Mikal Bridges,Phoenix Suns,Vet,39.3,98.1,15,2.3,4,1.1,0.7,1.3,1.1,11.7,3.1,3.6,3.5,2.5,2022-05-03
Damian Lillard,Portland Trail Blazers,Vet,22.1,96.8,14.7,4,2.2,0.3,0.2,0.5,1.6,10.7,4.2,5.9,2.4,1.2,2022-05-03
Zach LaVine,Chicago Bulls,Vet,24.1,96.6,14.6,3.2,2.8,0.3,0.2,0.5,1.8,10.7,4.1,4.4,3.1,1.6,2022-05-03
RJ Barrett,New York Knicks,Vet,24.9,95.3,14.6,2.2,3.3,0.6,0.2,0.5,1.8,12.9,5.3,4.1,4.5,1.8,2022-05-03
Jalen Green,Houston Rockets,Rookie,25.9,98.5,14.6,2,2.4,0.4,0.3,0.5,1.4,12.4,3.3,6,3.3,1.6,2022-05-03
Kevin Porter Jr.,Houston Rockets,Vet,26,98.6,14.4,4.6,3.1,0.5,0.3,0.8,2.2,12.4,2.8,6.3,2.1,2.4,2022-05-03
Scottie Barnes,Toronto Raptors,Rookie,33.4,95.2,14.1,3.1,4.8,2.1,0.6,1,1.6,11.6,2.9,3.1,3.3,2.7,2022-05-03
Will Barton,Denver Nuggets,Vet,33.9,97.6,14.1,3.4,4.1,0.7,0.4,0.8,1.6,11.9,1.9,6.2,2.1,2.2,2022-05-03
Bradley Beal,Washington Wizards,Vet,22.4,97.6,13.9,3.9,2.3,0.6,0.2,0.6,2,10.8,3.6,3.1,2.4,1.8,2022-05-03
Seth Curry,Brooklyn Nets,Vet,34,95.9,13.8,3,2.9,0.3,0.3,0.8,1.2,10.4,1.4,6.8,0.7,2.8,2022-05-03
Rudy Gobert,Utah Jazz,Vet,33.6,95,13.6,1,9.9,3.8,1.7,0.6,1.6,7.1,7,0.4,6.2,3.1,2022-05-03
Jrue Holiday,Milwaukee Bucks,Vet,25.4,98.9,13.6,4.6,2.7,0.8,0.3,1.2,1.9,11.1,2.2,4.1,2.2,1.9,2022-05-03
OG Anunoby,Toronto Raptors,Vet,31.8,94.8,13.6,2.1,3.6,1.1,0.4,1.2,1.4,11.2,2.1,5.8,3,2.5,2022-05-03
Mike Conley,Utah Jazz,Vet,32.2,95.4,13.5,5.9,2.8,0.7,0.4,1.3,2.1,11.4,2.8,6,1,2.7,2022-05-03
Zion Williamson,New Orleans Pelicans,Vet,19,99.1,13.4,2.1,2.7,1.4,0.3,0.6,1.5,9.4,4.4,1.6,4.3,1.6,2022-05-03
Anthony Davis,Los Angeles Lakers,Vet,21.5,98.9,13.3,1.9,4.5,1.4,1.3,0.8,1.3,10,4,1,3.7,1.7,2022-05-03
Lauri Markkanen,Cleveland Cavaliers,Vet,26.5,94.1,13.1,0.9,4.2,0.8,0.4,0.6,0.7,10.2,2.3,5.9,2.2,2.2,2022-05-03
Paul George,Los Angeles Clippers,Vet,18.9,96.1,12.9,2.9,3.4,0.3,0.3,0.8,2,9.9,3,4.5,1.6,1.6,2022-05-03
Monte Morris,Denver Nuggets,Vet,31.9,97.3,12.8,4.8,2.7,0.4,0.2,0.9,1.2,9.7,1.6,4.8,1.6,1.8,2022-05-03
Desmond Bane,Memphis Grizzlies,Sophomore,23.1,97.4,12.7,1.7,2.7,0.5,0.4,0.8,1,9.9,1.8,5.2,1.6,2.1,2022-05-03
Spencer Dinwiddie,Dallas Mavericks,Vet,27,93.8,12.7,3.7,2.7,0.5,0.2,0.6,1.4,9.9,3.8,4.6,2.2,2.5,2022-05-03
Russell Westbrook,Los Angeles Lakers,Vet,23,98.9,12.6,4,4,1,0.2,0.7,2.3,10.7,3.7,2.4,3.6,2.3,2022-05-03
Marcus Morris Sr.,Los Angeles Clippers,Vet,25,95.4,12.6,1.6,3.2,0.5,0.3,0.5,1,10.5,2.3,4.6,0.7,2.1,2022-05-03
Malik Monk,Los Angeles Lakers,Vet,24.5,98.6,12.5,2.4,2.5,0.4,0.3,0.7,1.6,10.3,1.9,5.3,2.5,1.9,2022-05-03
Julius Randle,New York Knicks,Vet,21.8,95.1,12.4,3,4.9,1,0.3,0.5,2.1,11,4.1,3.8,2.7,2.3,2022-05-03
Cade Cunningham,Detroit Pistons,Rookie,21.8,95.7,12.4,3.5,2.8,0.6,0.5,0.7,2.4,10.8,2.6,2.9,3.1,2.3,2022-05-03
Buddy Hield,Indiana Pacers,Vet,25.1,97.1,12.2,2.4,2.9,0.5,0.3,0.7,1.6,10.7,1.4,6.5,1.7,2.1,2022-05-03
Evan Mobley,Cleveland Cavaliers,Rookie,27.4,93.9,12,1.9,4.9,1.9,1.3,0.6,1.5,9.6,3.4,1.3,3.9,2.3,2022-05-03
Bogdan Bogdanovic,Atlanta Hawks,Vet,22,96.2,11.7,2.1,2.6,0.4,0.2,0.8,0.9,9.7,1.8,5.7,1.2,1.9,2022-05-03
Kristaps Porzingis,Washington Wizards,Vet,16.9,95.5,11.7,1.4,3.8,1.1,0.9,0.4,1.1,9,3.5,2.9,1.8,1.8,2022-05-03
Dorian Finney-Smith,Dallas Mavericks,Vet,37.4,93.3,11.7,2.1,3.9,1.5,0.5,1,1,9.1,1.3,6.6,2.1,2.9,2022-05-03
Kevin Huerter,Atlanta Hawks,Vet,30.4,96.9,11.7,2.8,3.1,0.4,0.4,0.9,1.1,9.9,1.1,6,1,2.9,2022-05-03
Jerami Grant,Detroit Pistons,Vet,20.6,94.6,11.7,1.3,2.2,0.3,0.6,0.5,1,9.4,3.7,3.9,1.9,1.8,2022-05-03
Wendell Carter Jr.,Orlando Magic,Vet,22.1,97,11.6,1.9,5.9,1.8,0.6,0.5,1.5,8.9,3.3,2.4,3,2.5,2022-05-03
Anfernee Simons,Portland Trail Blazers,Vet,19.7,95.8,11.6,2.6,1.6,0.3,0.1,0.4,1.3,9.7,1.7,5.5,1.1,1.6,2022-05-03
Christian Wood,Houston Rockets,Vet,21,97.4,11.5,1.5,5.5,1.1,0.6,0.5,1.3,8.4,3.6,3.8,2.4,2.1,2022-05-03
Bruce Brown,Brooklyn Nets,Vet,29.5,96.7,11.5,2.6,4,1.6,0.8,1.1,1.2,8.7,2.4,2.5,3.4,3.1,2022-05-03
John Collins,Atlanta Hawks,Vet,24.2,96.3,11.5,1.2,4.7,1.4,0.7,0.5,1,9.1,2.4,2.7,3,2.5,2022-05-03
Jakob Poeltl,San Antonio Spurs,Vet,26.8,96.9,11.4,2,5.3,3.1,1.5,0.6,1.5,8.8,2.9,0.4,4.1,3.2,2022-05-03
Domantas Sabonis,Sacramento Kings,Vet,21,97.5,11.3,3.4,5.5,2,0.3,0.6,2,8,3.6,1,3.8,2.6,2022-05-03
Saddiq Bey,Detroit Pistons,Sophomore,22.6,96.3,11.3,1.8,2.7,0.6,0.2,0.6,0.8,9.8,2.3,5.6,1.4,1.4,2022-05-03
Devin Vassell,San Antonio Spurs,Sophomore,25.4,97.6,11.2,1.7,3.1,0.5,0.4,0.9,0.8,9.6,1.6,5.6,1.2,2,2022-05-03
Jusuf Nurkic,Portland Trail Blazers,Vet,20.5,96.1,11.1,1.9,5.6,2.2,0.6,0.7,1.9,8.2,3.7,1,4.1,2.9,2022-05-03
Malcolm Brogdon,Indiana Pacers,Vet,20.1,96.4,11,3.1,2.4,0.6,0.2,0.4,1.2,8.9,2.7,2.9,3,1.6,2022-05-03
Norman Powell,Los Angeles Clippers,Vet,18.9,95.8,11,1.1,1.8,0.3,0.3,0.6,0.9,8.1,3.3,3.7,2.2,1.7,2022-05-03
Tyrese Haliburton,Indiana Pacers,Sophomore,25.1,98,10.9,5.6,2.3,0.6,0.4,1.1,2.1,8.1,2.3,3.6,1.4,1.5,2022-05-03
Max Strus,Miami Heat,Vet,26.3,95.1,10.9,1.5,2.6,0.5,0.2,0.6,0.8,8.7,1,7.1,1.1,2.1,2022-05-03
Caris LeVert,Cleveland Cavaliers,Vet,24.3,94.8,10.8,2.9,2.4,0.6,0.3,0.8,1.4,9.4,2.3,3.2,2.2,2,2022-05-03
Danilo Gallinari,Atlanta Hawks,Vet,22.9,95.8,10.5,1.1,3.6,0.5,0.2,0.4,0.6,8.7,2.4,4,1,1.7,2022-05-03
Harrison Barnes,Sacramento Kings,Vet,25.2,97.9,10.5,1.6,3.2,0.7,0.2,0.5,1,7.6,3.7,3.6,1.9,1.3,2022-05-03
Herbert Jones,New Orleans Pelicans,Rookie,34.4,95.4,10.4,2.2,3,1.3,0.8,1.7,1.3,7.6,2.6,2.9,3.2,3.5,2022-05-03
Obi Toppin,New York Knicks,Sophomore,19.4,94.9,10.4,1.2,3.1,0.9,0.5,0.4,0.9,7.9,1.7,3.8,3.4,1.7,2022-05-03
Jaren Jackson Jr.,Memphis Grizzlies,Vet,18.5,98,10.3,0.6,2.9,1.2,1.7,0.6,1.1,8.1,3.1,3.6,2,2.9,2022-05-03
Jamal Murray,Denver Nuggets,Vet,18.2,97.2,10.2,2.3,1.9,0.5,0.2,0.6,1.1,8.6,1.6,3.2,1.5,1.3,2022-05-03
Patrick Beverley,Minnesota Timberwolves,Vet,29.9,98.7,10.1,4.6,3.4,1.1,0.9,1.2,1.5,7.9,3.1,4.7,1.7,3.7,2022-05-03
Cameron Johnson,Phoenix Suns,Vet,23.1,98.1,10.1,1.3,3,0.6,0.2,0.7,0.7,8,2,5,1.3,1.9,2022-05-03
Davion Mitchell,Sacramento Kings,Rookie,22.9,97,10.1,3.9,1.5,0.3,0.3,0.6,1.7,9.1,1.6,3.1,2.2,1.7,2022-05-03
Immanuel Quickley,New York Knicks,Sophomore,19,94.1,10,3.1,2.5,0.3,0.1,0.5,1.3,8,2.5,4.2,1,1.8,2022-05-03
Luguentz Dort,Oklahoma City Thunder,Vet,18.2,97.2,9.9,1,1.9,0.4,0.2,0.5,1,8.1,2.5,4.2,1.5,1.9,2022-05-03
Jarrett Allen,Cleveland Cavaliers,Vet,22.9,93.5,9.8,1,4.9,2.3,0.9,0.5,1,6.6,2.8,0.3,3.7,1.6,2022-05-03
Dillon Brooks,Memphis Grizzlies,Vet,17,97.2,9.7,1.3,1.4,0.4,0.2,0.6,0.8,8.5,1.8,3,1.8,2.1,2022-05-03
Kyle Kuzma,Washington Wizards,Vet,17.6,96,9.7,2,3.5,0.6,0.4,0.3,1.4,8.2,2,3.2,1.4,1.4,2022-05-03
Clint Capela,Atlanta Hawks,Vet,24.5,97.5,9.5,0.9,7.5,3.6,1.1,0.6,0.7,6.6,2.3,0.3,5.6,2.3,2022-05-03
Jae Crowder,Phoenix Suns,Vet,28.9,99.2,9.5,1.9,4.8,0.6,0.5,1.1,0.9,8.2,1.5,5.5,0.5,3.1,2022-05-03
Chris Boucher,Toronto Raptors,Vet,21.3,94.3,9.2,0.6,4,2,0.9,0.5,0.5,6.9,2.5,3.1,3,2.3,2022-05-03
Reggie Bullock,Dallas Mavericks,Vet,34.2,93.7,9.2,1.5,3.9,0.6,0.3,0.8,0.6,7.6,1,6.5,0.6,2.5,2022-05-03
Coby White,Chicago Bulls,Vet,21.1,96.5,9.2,2.1,2.2,0.2,0.1,0.4,1,7.9,1.2,4.8,1.4,1.9,2022-05-03
Evan Fournier,New York Knicks,Vet,20.6,95.3,9.1,1.6,1.6,0.2,0.2,0.7,0.8,7.7,1.1,5.7,0.3,1.9,2022-05-03
Jaden McDaniels,Minnesota Timberwolves,Sophomore,23.5,100.6,9,1,2.8,0.9,0.9,0.6,0.8,6.8,1.4,3.7,2,3.1,2022-05-03
Joel Embiid,Philadelphia 76ers,Vet,11.4,95.8,8.9,1.1,3.2,0.8,0.5,0.3,1,6.3,3.4,1.2,1.8,1,2022-05-03
Patrick Williams,Chicago Bulls,Sophomore,23.8,96.2,8.9,0.9,3.1,0.8,0.5,0.7,1,6.7,2,2.6,1.8,1.8,2022-05-03
Alec Burks,New York Knicks,Vet,22.7,95,8.8,2.2,3.5,0.5,0.3,0.7,0.9,6.5,2.5,4,0.8,2.3,2022-05-03
Oshae Brissett,Indiana Pacers,Vet,20.3,97.6,8.8,1.1,3.4,1.2,0.4,0.5,0.7,7.2,2.3,3.8,2.3,1.6,2022-05-03
Ivica Zubac,Los Angeles Clippers,Vet,20.9,94.9,8.7,1.4,4.6,2.5,0.8,0.3,1.4,6.3,3,0.3,3.3,2.9,2022-05-03
Josh Hart,Portland Trail Blazers,Vet,18.1,97.6,8.6,2,3.2,0.6,0.1,0.6,1.2,7.1,2.4,3.2,2.3,1.8,2022-05-03
John Wall,Houston Rockets,Vet,15.8,100.3,8.6,2.9,1.5,0.3,0.3,0.5,1.2,8.4,2,3,1.9,1.1,2022-05-03
Marcus Smart,Boston Celtics,Vet,22.3,95.8,8.5,3.8,2.1,0.4,0.2,1,1.6,7.5,2.1,4.1,1.2,2,2022-05-03
Rui Hachimura,Washington Wizards,Vet,18.1,95.7,8.5,0.9,2.5,0.5,0.2,0.4,0.6,7.3,1.3,2.6,1.3,1.3,2022-05-03
P.J. Washington,Charlotte Hornets,Vet,24.2,98.4,8.4,1.7,3.4,1.1,0.8,0.8,1,6.5,1.3,3.5,2.2,2.2,2022-05-03
Kentavious Caldwell-Pope,Washington Wizards,Vet,19.5,95.8,8.3,1.1,1.8,0.3,0.2,0.6,0.7,7.3,1.7,3.6,0.7,1.4,2022-05-03
Cole Anthony,Orlando Magic,Sophomore,18,96.6,8.3,2.9,2.5,0.3,0.2,0.4,1.4,7.3,2.3,3,1.1,1.8,2022-05-03
Fred VanVleet,Toronto Raptors,Vet,17.3,93.9,8.2,2.7,1.6,0.3,0.3,0.8,1,7,1.5,4.7,0.6,1.4,2022-05-03
Jeff Green,Denver Nuggets,Vet,23.5,97.1,8.1,1,2.5,0.7,0.3,0.4,0.7,5.6,2.1,1.8,2.2,2,2022-05-03
Precious Achiuwa,Toronto Raptors,Sophomore,19.8,93.9,8.1,0.9,3.3,1.3,0.5,0.4,0.9,6.8,1.6,2.8,2.2,1.9,2022-05-03
Bobby Portis,Milwaukee Bucks,Vet,16.7,98.2,8,0.6,4.1,1.3,0.3,0.4,0.6,6.7,0.9,2.9,1.2,1.7,2022-05-03
Corey Kispert,Washington Wizards,Rookie,22.8,95.5,8,1,2.1,0.5,0.3,0.5,0.5,6.5,0.8,4.5,0.9,1.5,2022-05-03
Collin Sexton,Cleveland Cavaliers,Vet,13.9,96.2,8,1.5,1.1,0.5,0.1,0.4,1,6.4,2.3,2,1.9,1.2,2022-05-03
Montrezl Harrell,Charlotte Hornets,Vet,15.8,96.5,7.9,1.2,2.5,1.5,0.4,0.3,0.7,5.2,2.8,0.2,3.6,1.7,2022-05-03
Mo Bamba,Orlando Magic,Vet,18.3,96.4,7.9,0.8,4.3,1.4,1.1,0.4,0.7,6.5,1,3.6,1.6,2.1,2022-05-03
Brandon Clarke,Memphis Grizzlies,Vet,16.4,99.2,7.8,1,2.8,1.8,0.8,0.5,0.6,5.3,2,0.2,3,1.5,2022-05-03
Nah'Shon Hyland,Denver Nuggets,Rookie,15.3,96.4,7.8,2.4,1.8,0.2,0.2,0.5,1.1,6.3,1.7,4.1,0.9,1.9,2022-05-03
Josh Giddey,Oklahoma City Thunder,Rookie,17.3,97,7.8,3.3,3.2,1,0.2,0.5,1.6,7,1.2,2.1,1.6,1.2,2022-05-03
Malik Beasley,Minnesota Timberwolves,Vet,17.8,100.4,7.7,0.9,1.9,0.3,0.1,0.4,0.4,6.3,0.8,4.8,0.7,1.1,2022-05-03
Franz Wagner,Orlando Magic,Rookie,15.9,97.5,7.7,1.4,1.9,0.6,0.2,0.4,0.9,6.5,1.7,1.8,2.1,1.4,2022-05-03
Kevin Love,Cleveland Cavaliers,Vet,14.2,95.5,7.5,1.1,3.7,0.7,0.2,0.3,0.7,5.9,1.4,4.1,0.6,1.1,2022-05-03
Kelly Oubre Jr.,Charlotte Hornets,Vet,14.6,98.8,7.5,0.6,1.8,0.6,0.3,0.5,0.5,6.1,1.5,3.9,1.5,1.6,2022-05-03
Andre Drummond,Brooklyn Nets,Vet,16.6,97.3,7.4,1,5,2.3,0.8,0.9,1.2,5.4,2.2,0.2,3.9,2.6,2022-05-03
DeMarcus Cousins,Denver Nuggets,Vet,11.7,94.7,7.3,1.2,3.1,1.1,0.4,0.5,1.3,5.5,2,1.9,1.9,3.2,2022-05-03
Talen Horton-Tucker,Los Angeles Lakers,Vet,15.9,97.6,7.3,1.6,1.7,0.4,0.3,0.7,1,6.2,1.7,2.1,1.8,1.7,2022-05-03
Alperen Sengun,Houston Rockets,Rookie,16.7,97.6,7.2,1.8,2.9,1.5,0.6,0.5,1.4,5.7,2.1,1.5,2.3,2.1,2022-05-03
Trey Lyles,Sacramento Kings,Vet,16,96.6,7.2,0.8,3.1,0.9,0.3,0.3,0.6,5.4,2.2,1.9,1.8,1.4,2022-05-03
Brandon Williams,Portland Trail Blazers,Rookie,16.4,96.1,7.2,2.4,1.4,0.4,0.2,0.6,1.4,6.7,2.2,2.6,1.8,1.5,2022-05-03
Gabe Vincent,Miami Heat,Vet,21,95.1,7.2,2.7,1.5,0.3,0.1,0.7,1.1,6.3,0.8,4.1,0.6,2.1,2022-05-03
Isaiah Roby,Oklahoma City Thunder,Vet,16,96.8,7.1,1.2,2.5,1.1,0.5,0.6,1,5.5,1.9,2.2,1.9,1.9,2022-05-03
Maxi Kleber,Dallas Mavericks,Vet,22.6,93.8,7,1,4.1,0.9,0.7,0.4,0.6,5.6,1.2,4.6,0.9,2.3,2022-05-03
Josh Richardson,San Antonio Spurs,Vet,16.7,96.3,7,1.2,1.5,0.4,0.3,0.6,0.7,5.7,1.1,3,0.6,1.4,2022-05-03
Jae'Sean Tate,Houston Rockets,Sophomore,17.3,98.3,7,1.6,2.3,1.1,0.3,0.6,1,5.7,1.6,1.8,2.4,2.6,2022-05-03
Tre Mann,Oklahoma City Thunder,Rookie,15,96.2,7,1.1,1.6,0.3,0.1,0.5,0.8,6.4,1.1,3.3,0.7,1.3,2022-05-03
Royce O'Neale,Utah Jazz,Vet,31.9,95.3,6.9,2.1,4.1,1,0.4,0.9,0.8,5.6,0.8,4.7,1.1,2.8,2022-05-03
P.J. Tucker,Miami Heat,Vet,27.4,94.7,6.9,1.7,3.9,1.5,0.2,0.8,0.8,5.6,0.9,2.5,1.3,2.6,2022-05-03
Lonnie Walker IV,San Antonio Spurs,Vet,13.1,98.1,6.9,1,1.3,0.1,0.1,0.3,0.5,6.1,1.2,3.1,1.1,1,2022-05-03
Robert Covington,Los Angeles Clippers,Vet,18.2,95.4,6.8,0.8,3.1,0.6,0.7,0.9,0.6,5.3,1.1,3.6,1,2.1,2022-05-03
Dwight Powell,Dallas Mavericks,Vet,18.5,92.8,6.8,0.9,2.6,1.8,0.4,0.4,0.6,4,2.3,0.2,3.1,2.6,2022-05-03
Luke Kennard,Los Angeles Clippers,Vet,15.8,94.7,6.7,1,1.6,0.2,0.1,0.3,0.5,5.5,0.8,3.7,0.3,1.1,2022-05-03
Eric Gordon,Houston Rockets,Vet,16.7,98,6.7,1.2,1.2,0.2,0.2,0.3,0.9,4.9,1.4,3.2,1,1,2022-05-03
Ayo Dosunmu,Chicago Bulls,Rookie,20.5,97.7,6.7,2.5,1.8,0.3,0.2,0.6,1.1,5.6,1,2,1.8,1.9,2022-05-03
Kyle Lowry,Miami Heat,Vet,17.4,95.4,6.6,3.3,2.1,0.2,0.1,0.5,1.2,4.6,1.6,3.4,0.4,1.7,2022-05-03
Gary Payton II,Golden State Warriors,Vet,19.2,94.5,6.6,1.1,2.4,1.2,0.4,1.2,0.6,4.6,0.9,1.6,2,2.2,2022-05-03
Cameron Payne,Phoenix Suns,Vet,14.4,98.6,6.6,3,1.6,0.3,0.2,0.5,0.9,6.1,0.9,2.5,1.1,1.6,2022-05-03
Victor Oladipo,Miami Heat,Vet,13,95,6.6,1.6,1.6,0.2,0.1,0.5,0.9,5.3,1.4,2.6,1.1,1.2,2022-05-03
Terance Mann,Los Angeles Clippers,Vet,18.1,95.3,6.6,1.6,2.4,0.8,0.2,0.4,0.7,5.2,1.4,1.5,1.8,1.7,2022-05-03
Jalen Suggs,Orlando Magic,Rookie,15.7,97.5,6.6,2.6,1.7,0.3,0.2,0.7,1.5,6.1,2,2.4,1.6,1.9,2022-05-03
Draymond Green,Golden State Warriors,Vet,25.4,98.7,6.5,5.4,5.1,1,0.9,1.2,2.1,5,1.8,1.7,1.7,3,2022-05-03
Gordon Hayward,Charlotte Hornets,Vet,14.1,98.7,6.5,1.5,1.8,0.3,0.2,0.4,0.7,5.2,1.3,2.2,1.1,1,2022-05-03
Deni Avdija,Washington Wizards,Sophomore,16.9,96.1,6.5,1.5,3,0.4,0.3,0.4,0.9,5.5,1.2,2.6,1.3,1.7,2022-05-03
Chris Duarte,Indiana Pacers,Rookie,14,96.7,6.5,1,1.6,0.4,0.1,0.5,0.8,5.4,1.3,2.3,1.2,1.1,2022-05-03
Danny Green,Philadelphia 76ers,Vet,23.9,96.2,6.4,1.1,2.4,0.7,0.5,1,0.6,5.8,0.5,4.8,0.3,1.8,2022-05-03
Carmelo Anthony,Los Angeles Lakers,Vet,12.7,98.6,6.4,0.5,1.7,0.4,0.3,0.3,0.5,5.2,1.1,2.9,0.5,1.3,2022-05-03
Nicolas Claxton,Brooklyn Nets,Vet,16,98.1,6.3,0.8,3,1.6,1,0.5,0.6,4,1.9,0.2,2.9,1.9,2022-05-03
Austin Reaves,Los Angeles Lakers,Rookie,17.5,99.2,6.3,1.6,2,0.6,0.2,0.4,0.7,4.5,1.9,2.2,1.2,1.3,2022-05-03
Otto Porter Jr.,Golden State Warriors,Vet,20.9,94.9,6.2,1.3,3.9,1.3,0.4,0.8,0.6,5.2,1,2.5,1,1.6,2022-05-03
Chuma Okeke,Orlando Magic,Sophomore,17.6,98,6.2,1.1,3,0.4,0.4,0.9,0.5,5.6,0.7,4.3,0.6,1.2,2022-05-03
Al Horford,Boston Celtics,Vet,19.8,94.1,6.1,1.6,3.9,1.2,0.8,0.5,0.5,4.8,0.8,2.6,0.9,1.7,2022-05-03
Ricky Rubio,Indiana Pacers,Vet,14.6,96.8,6.1,3.1,1.8,0.3,0.1,0.7,1,5.4,1.5,2.4,1.1,1.4,2022-05-03
Donte DiVincenzo,Sacramento Kings,Vet,15.9,97.6,6.1,1.7,2.2,0.6,0.2,0.7,1.1,5.2,1.2,3.5,0.8,1.2,2022-05-03
Jaxson Hayes,New Orleans Pelicans,Vet,15.2,95.8,6.1,0.5,2.2,1.1,0.5,0.3,0.5,4.2,1.8,0.8,2.1,1.8,2022-05-03
Georges Niang,Philadelphia 76ers,Vet,17.1,95.8,6.1,0.8,1.7,0.3,0.1,0.3,0.4,4.7,0.5,3.8,0.4,2,2022-05-03
Goran Dragic,Brooklyn Nets,Vet,16.9,98,6.1,2.4,1.9,0.5,0.2,0.5,1,5.3,1,2.3,0.8,1.8,2022-05-03
Derrick Rose,New York Knicks,Vet,12.9,95.8,6,2,1.2,0.3,0.2,0.4,0.8,4.9,0.8,1.8,1.2,0.7,2022-05-03
Justin Holiday,Sacramento Kings,Vet,18.6,97.4,6,1,1.6,0.3,0.3,0.6,0.6,5.5,0.7,4.2,0.7,1.6,2022-05-03
Dennis Schroder,Houston Rockets,Vet,14,96.5,6,2.4,1.4,0.2,0.1,0.4,1.1,4.9,1.4,2.1,1,1.4,2022-05-03
T.J. Warren,Indiana Pacers,Vet,11.9,97.9,5.9,0.7,1.5,0.4,0.2,0.4,0.4,5,0.9,1.5,1.2,1.1,2022-05-03
Jose Alvarado,New Orleans Pelicans,Rookie,15.1,94.8,5.9,2.2,1.3,0.4,0.1,0.9,0.8,4.9,1.2,2,1.4,1.5,2022-05-03
Jalen Smith,Indiana Pacers,Sophomore,12.3,95.8,5.9,0.4,2.6,1,0.5,0.2,0.5,4.8,1.4,2,1.5,1.3,2022-05-03
Isaiah Stewart,Detroit Pistons,Sophomore,17.8,95.5,5.9,0.9,4,2.2,0.8,0.3,0.9,4.8,1.2,1.4,2.7,2.4,2022-05-03
Darius Bazley,Oklahoma City Thunder,Vet,14,96.6,5.9,0.7,2.4,0.4,0.3,0.4,0.6,4.9,1.5,2.4,1.5,0.8,2022-05-03
Patty Mills,Brooklyn Nets,Vet,18.3,98.1,5.8,1.1,1.3,0.2,0.2,0.4,0.4,5,0.5,4.3,0.2,1.2,2022-05-03
Jonathan Kuminga,Golden State Warriors,Rookie,11.5,95.8,5.8,0.7,1.8,0.6,0.2,0.3,0.7,4.1,1.9,1.2,1.6,1.4,2022-05-03
Ben McLemore,Portland Trail Blazers,Vet,12.3,95.9,5.8,0.6,1,0.1,0.1,0.3,0.5,5,0.9,3.7,0.5,1.1,2022-05-03
Kemba Walker,New York Knicks,Vet,13.2,96.3,5.7,1.8,1.3,0.2,0.1,0.4,0.7,4.5,1.2,2.6,0.7,0.8,2022-05-03
R.J. Hampton,Orlando Magic,Sophomore,15.8,97.7,5.7,1.6,1.9,0.3,0.1,0.4,0.9,5,1.2,2.1,1.1,1.3,2022-05-03
Brook Lopez,Milwaukee Bucks,Vet,12.3,98.6,5.6,0.3,1.6,0.9,0.6,0.3,0.5,4.5,1.2,1.8,1.4,1.3,2022-05-03
Myles Turner,Indiana Pacers,Vet,13.4,95.7,5.6,0.5,2.3,0.7,1.2,0.3,0.5,4.3,1.2,1.9,1.1,1.6,2022-05-03
Nicolas Batum,Los Angeles Clippers,Vet,19.5,95.6,5.6,1.3,3,0.4,0.5,0.7,0.5,4.8,0.7,3.4,0.4,1.3,2022-05-03
Tim Hardaway Jr.,Dallas Mavericks,Vet,11.2,95.1,5.6,0.7,1.2,0.1,0.1,0.2,0.3,4.7,1.1,2.9,0.5,0.8,2022-05-03
Aleksej Pokusevski,Oklahoma City Thunder,Sophomore,14,97.4,5.6,1.6,2.7,0.8,0.4,0.4,1.2,5,0.9,2.4,1.1,1.2,2022-05-03
Duane Washington Jr.,Indiana Pacers,Rookie,11.6,99,5.6,0.9,1,0.1,0.1,0.3,0.6,4.9,0.8,2.7,1,1,2022-05-03
Michael Porter Jr.,Denver Nuggets,Vet,11.4,96.4,5.5,0.6,2,0.5,0.2,0.3,0.5,4.4,0.8,2.1,0.9,1,2022-05-03
Larry Nance Jr.,New Orleans Pelicans,Vet,15.9,94.6,5.5,1.1,2.7,1.4,0.3,0.6,0.6,4.2,1.2,1,2.1,1.7,2022-05-03
Isaac Okoro,Cleveland Cavaliers,Sophomore,22.2,94.7,5.5,1.1,1.6,0.9,0.3,0.6,0.6,4,1.8,1.4,2,2.2,2022-05-03
Jarred Vanderbilt,Minnesota Timberwolves,Vet,20.7,98.8,5.4,0.9,4.4,2.3,0.5,1,0.7,3.7,1.7,0.3,2.9,2.2,2022-05-03
Terence Davis,Sacramento Kings,Vet,10.2,97.7,5.4,0.7,1.4,0.2,0.2,0.4,0.6,4.5,0.9,2.5,1.1,1.3,2022-05-03
Garrison Mathews,Houston Rockets,Vet,16.6,98.3,5.4,0.7,1.5,0.3,0.2,0.5,0.4,4,1.6,3.6,0.3,1.7,2022-05-03
Doug McDermott,San Antonio Spurs,Vet,12.2,99.4,5.4,0.6,1.1,0.2,0.1,0.2,0.4,4.3,0.7,2.5,1,1.1,2022-05-03
Mitchell Robinson,New York Knicks,Vet,17.2,94.2,5.3,0.5,2.8,2,1.4,0.6,0.6,3.2,1.8,0.2,2.8,2.1,2022-05-03
Josh Christopher,Houston Rockets,Rookie,12.2,98.7,5.3,1.4,1.3,0.4,0.2,0.6,0.9,4.4,1.1,1.7,1.3,1.1,2022-05-03
Caleb Martin,Miami Heat,Vet,14,94.6,5.2,0.5,1.7,0.6,0.3,0.6,0.5,4.2,1,1.8,1.4,1.3,2022-05-03
Goga Bitadze,Indiana Pacers,Vet,11.7,96.2,5.2,0.8,1.7,1.2,0.7,0.2,0.6,3.8,1.5,1.3,1.7,1.7,2022-05-03
Stanley Johnson,Los Angeles Lakers,Vet,17.3,97.5,5.2,1.1,2.1,0.6,0.2,0.7,0.7,4,1.2,1.7,1.1,1.8,2022-05-03
Daniel Gafford,Washington Wizards,Vet,11,96,5,0.5,1.9,1.2,0.7,0.2,0.5,3.3,1.4,0.2,2.3,1.4,2022-05-03
Isaiah Jackson,Indiana Pacers,Rookie,10.8,98.5,5,0.3,1.8,1.1,0.8,0.4,0.6,3.7,1.4,0.4,2.5,1.6,2022-05-03
CJ Elleby,Portland Trail Blazers,Sophomore,17.2,95.4,5,1.2,2.2,0.9,0.3,0.5,0.8,4.2,1.3,2,1.3,1.7,2022-05-03
Onyeka Okongwu,Atlanta Hawks,Sophomore,15.8,95.6,4.9,0.7,2.8,1.8,0.8,0.5,0.6,3,1.6,0.2,2.1,2.4,2022-05-03
Damian Jones,Sacramento Kings,Vet,11.7,96.6,4.9,0.7,2,0.8,0.6,0.3,0.6,3.2,1.5,0.6,1.7,1.5,2022-05-03
Trey Murphy III,New Orleans Pelicans,Rookie,13.7,94.1,4.9,0.5,1.6,0.6,0.1,0.3,0.3,3.8,0.8,2.9,0.7,1,2022-05-03
Moritz Wagner,Orlando Magic,Vet,9.9,97.8,4.9,0.8,2,0.4,0.2,0.2,0.6,3.8,1.2,1.9,1.2,1.2,2022-05-03
Marvin Bagley III,Detroit Pistons,Vet,10.5,95.2,4.9,0.4,2.1,0.9,0.2,0.2,0.5,4,1.2,0.8,1.6,1.1,2022-05-03
Lonzo Ball,Chicago Bulls,Vet,12.5,97.4,4.8,1.8,1.6,0.3,0.3,0.6,0.8,4.1,0.6,2.8,0.5,1.1,2022-05-03
Delon Wright,Atlanta Hawks,Vet,19.5,95.9,4.8,2,2.2,0.8,0.3,1.1,0.6,3.5,1,1.8,1.1,1,2022-05-03
Trendon Watford,Portland Trail Blazers,Rookie,11.3,96.8,4.8,1,1.8,0.8,0.3,0.3,0.7,3.7,1.3,0.7,1.4,1.5,2022-05-03
JaVale McGee,Phoenix Suns,Vet,9.1,96.9,4.7,0.3,2.3,1.3,0.7,0.2,0.6,3.3,1.1,0.1,1.8,1.6,2022-05-03
Eric Bledsoe,Portland Trail Blazers,Vet,11.3,96.4,4.7,1.8,1.2,0.2,0.1,0.4,0.8,3.9,1.1,1.5,0.8,0.9,2022-05-03
Markelle Fultz,Orlando Magic,Vet,9.2,98.7,4.7,2.2,1,0.2,0.1,0.4,0.9,4.3,0.8,0.4,1.1,0.7,2022-05-03
Nassir Little,Portland Trail Blazers,Vet,11.8,96.2,4.6,0.6,1.9,0.6,0.3,0.2,0.4,3.6,1.1,1.8,1.1,1.1,2022-05-03
Keon Johnson,Portland Trail Blazers,Rookie,11.7,94.5,4.6,1.3,1,0.3,0.2,0.4,0.8,4.4,0.8,1.9,1.2,1.1,2022-05-03
Ben Simmons,Brooklyn Nets,Vet,11.4,99.1,4.5,1.9,1.9,0.6,0.2,0.5,0.8,3.6,1.5,1,1.6,1.2,2022-05-03
Isaiah Hartenstein,Los Angeles Clippers,Vet,10.7,95.1,4.4,1.4,1.9,1,0.6,0.4,0.8,3,1.2,0.7,1.5,1.5,2022-05-03
Hamidou Diallo,Detroit Pistons,Vet,8.8,96.2,4.4,0.5,1.5,0.5,0.1,0.4,0.4,3.7,1.1,0.7,1.4,1.1,2022-05-03
Kenyon Martin Jr.,Houston Rockets,Sophomore,11.5,98.4,4.4,0.6,1.5,0.5,0.3,0.2,0.3,3.2,0.8,1.5,1.4,1,2022-05-03
Killian Hayes,Detroit Pistons,Sophomore,13.1,96.6,4.4,2,1.4,0.3,0.3,0.6,1,4.2,0.8,1.6,0.9,1.5,2022-05-03
Kelly Olynyk,Detroit Pistons,Vet,9.8,97.6,4.3,1.3,1.7,0.7,0.3,0.4,0.7,3.3,1.2,1.4,1.1,1.4,2022-05-03
Danuel House Jr.,Utah Jazz,Vet,14.8,95,4.3,0.6,1.7,0.4,0.2,0.4,0.5,3.5,1.1,2.2,0.8,1.3,2022-05-03
Frank Jackson,Detroit Pistons,Vet,9.4,98.2,4.3,0.5,0.7,0.2,0.1,0.2,0.4,3.7,0.9,2,0.8,0.8,2022-05-03
Grayson Allen,Milwaukee Bucks,Vet,11.3,97.7,4.2,0.5,1.2,0.2,0.1,0.3,0.3,3.1,0.6,2.3,0.5,0.8,2022-05-03
Jeremy Lamb,Sacramento Kings,Vet,10.4,95.4,4.2,0.8,1.4,0.3,0.2,0.3,0.4,3.5,1,1.7,0.4,0.8,2022-05-03
Grant Williams,Boston Celtics,Vet,13.5,93.7,4.1,0.4,1.5,0.6,0.4,0.3,0.4,3,0.8,1.8,0.8,1.6,2022-05-03
Shake Milton,Philadelphia 76ers,Vet,11.4,96.1,4.1,1.2,1.1,0.3,0.2,0.3,0.4,3.2,0.8,1.3,0.7,1.2,2022-05-03
Landry Shamet,Phoenix Suns,Vet,11.1,97.4,4.1,0.6,0.8,0.1,0.1,0.2,0.3,3.6,0.6,2.4,0.3,0.9,2022-05-03
Kevon Looney,Golden State Warriors,Vet,15.9,96.2,4,1.4,3.3,1.9,0.4,0.4,0.6,2.9,1.1,0.2,1.7,2.3,2022-05-03
Kenrich Williams,Oklahoma City Thunder,Vet,11.9,95.6,4,1.1,1.6,0.7,0.1,0.4,0.5,3.5,0.7,1.6,0.9,1.2,2022-05-03
Cody Martin,Charlotte Hornets,Vet,15.8,96.8,4,1.3,1.9,0.7,0.2,0.7,0.5,3.3,0.9,1.3,1.3,1.2,2022-05-03
Thaddeus Young,Toronto Raptors,Vet,12,94.8,3.9,1.2,1.9,1,0.3,0.6,0.6,3.2,0.6,1.1,1.3,1.2,2022-05-03
Jordan McLaughlin,Minnesota Timberwolves,Vet,13.8,100.9,3.8,2.4,1.3,0.3,0.1,0.8,0.6,2.9,0.6,1.5,0.9,1,2022-05-03
Terry Taylor,Indiana Pacers,Rookie,10,97,3.8,0.5,1,0.9,0.1,0.3,0.4,2.8,0.7,0.7,1.4,1,2022-05-03
Lance Stephenson,Indiana Pacers,Vet,8.8,97.1,3.8,1.6,1.2,0.2,0.1,0.2,0.8,3.5,0.9,1,0.9,1.1,2022-05-03
Cory Joseph,Detroit Pistons,Vet,12.6,94.6,3.8,1.5,1.2,0.3,0.1,0.4,0.6,3.1,0.8,1.5,0.7,1.3,2022-05-03
Vit Krejci,Oklahoma City Thunder,Rookie,13.8,95.8,3.8,1,1.6,0.4,0.2,0.4,0.6,3.4,0.5,2,0.5,1.3,2022-05-03
Joshua Primo,San Antonio Spurs,Rookie,12.9,97.1,3.8,1,1.2,0.4,0.2,0.3,0.7,3.5,0.9,1.5,0.7,1.1,2022-05-03
Mike Muscala,Oklahoma City Thunder,Vet,7,97.2,3.7,0.3,1.2,0.3,0.2,0.1,0.2,2.6,0.5,1.9,0.3,0.8,2022-05-03
Hassan Whiteside,Utah Jazz,Vet,9.9,94.1,3.7,0.2,2.9,1.4,0.9,0.2,0.5,2.5,1.3,0.1,1.5,1.6,2022-05-03
Joe Ingles,Portland Trail Blazers,Vet,12.8,95.9,3.7,1.7,1.4,0.2,0.1,0.3,0.6,3.2,0.5,2.6,0.2,1.1,2022-05-03
Cam Reddish,New York Knicks,Vet,8.8,96.1,3.7,0.5,0.8,0.2,0.1,0.4,0.4,2.9,0.9,1.4,0.7,0.7,2022-05-03
Bryn Forbes,Denver Nuggets,Vet,9,97.4,3.7,0.5,0.6,0.1,0,0.2,0.3,3,0.5,2.1,0.1,0.8,2022-05-03
Cedi Osman,Cleveland Cavaliers,Vet,8.5,94.4,3.7,0.7,0.8,0.2,0.1,0.3,0.4,3.1,0.8,2,0.7,0.8,2022-05-03
Theo Maledon,Oklahoma City Thunder,Sophomore,8.3,95.6,3.7,1.1,1,0.2,0.1,0.3,0.7,3.1,1,1.4,0.5,0.7,2022-05-03
Richaun Holmes,Sacramento Kings,Vet,9.4,97.8,3.6,0.4,1.8,0.8,0.4,0.2,0.4,2.5,0.9,0.2,1.2,1.3,2022-05-03
Mason Plumlee,Charlotte Hornets,Vet,14,98,3.6,1.7,3.1,1.5,0.4,0.4,0.9,2.5,1.6,0.2,1.8,2.1,2022-05-03
Javonte Green,Chicago Bulls,Vet,13,97.3,3.6,0.4,1.6,0.8,0.2,0.6,0.3,2.7,0.9,0.9,1.4,1.3,2022-05-03
Tre Jones,San Antonio Spurs,Sophomore,10.1,97,3.6,1.8,1,0.2,0.1,0.4,0.5,2.9,0.9,0.7,0.9,0.8,2022-05-03
Chimezie Metu,Sacramento Kings,Vet,9.1,97.6,3.6,0.4,2,0.3,0.2,0.3,0.4,3,0.7,1.2,0.7,0.8,2022-05-03
Ty Jerome,Oklahoma City Thunder,Vet,8.8,95.7,3.6,1.3,0.7,0.2,0.1,0.3,0.5,3.2,0.6,2,0.3,0.9,2022-05-03
Isaiah Thomas,Charlotte Hornets,Vet,7,96,3.6,0.7,0.5,0.1,0.1,0.1,0.4,3.3,0.6,1.7,0.5,0.8,2022-05-03
Devonte' Graham,New Orleans Pelicans,Vet,8.6,94.8,3.3,1,0.6,0.2,0.1,0.2,0.4,2.8,0.6,2.1,0.2,0.6,2022-05-03
Zach Collins,San Antonio Spurs,Vet,8.2,97.7,3.3,0.8,1.6,0.7,0.4,0.2,0.6,2.5,0.9,0.7,0.9,1.2,2022-05-03
Justise Winslow,Portland Trail Blazers,Vet,8.9,97.1,3.2,0.8,1.6,0.5,0.2,0.3,0.5,3.1,0.8,1,1.1,0.9,2022-05-03
Austin Rivers,Denver Nuggets,Vet,13.6,96.5,3.2,0.8,0.9,0.2,0.1,0.5,0.4,2.7,0.4,1.9,0.5,1.4,2022-05-03
Joe Harris,Brooklyn Nets,Vet,8.9,96.6,3.1,0.4,0.9,0.2,0.1,0.2,0.2,2.4,0.3,1.7,0.4,0.8,2022-05-03
Dwight Howard,Los Angeles Lakers,Vet,7.8,97.7,3.1,0.3,2,1,0.3,0.2,0.5,1.9,1.3,0.2,1.2,1.1,2022-05-03
Matisse Thybulle,Philadelphia 76ers,Vet,13.8,94.7,3,0.6,1,0.4,0.6,0.8,0.3,2.4,0.5,1.2,1,1.7,2022-05-03
JaMychal Green,Denver Nuggets,Vet,9.4,96,3,0.5,1.6,0.8,0.2,0.3,0.4,2.4,0.7,0.8,1.1,1.5,2022-05-03
Ish Smith,Washington Wizards,Vet,7.9,95.1,3,1.6,0.9,0.2,0.1,0.3,0.5,2.8,0.3,0.5,0.4,0.7,2022-05-03
Aaron Wiggins,Oklahoma City Thunder,Rookie,8.4,97.9,3,0.5,0.9,0.4,0.1,0.2,0.4,2.5,0.7,1,0.8,0.8,2022-05-03
Robert Williams III,Boston Celtics,Vet,9.5,94.2,2.9,0.5,1.8,1.3,0.8,0.3,0.3,1.9,0.6,0.1,1.5,1.1,2022-05-03
Derrick White,Boston Celtics,Vet,7.7,94.1,2.9,0.9,0.8,0.1,0.2,0.2,0.3,2.3,0.8,1.1,0.4,0.7,2022-05-03
Amir Coffey,Los Angeles Clippers,Vet,7.1,96,2.9,0.5,0.7,0.1,0.1,0.2,0.3,2.3,0.6,1.3,0.5,0.5,2022-05-03
Jonathan Isaac,Orlando Magic,Vet,7,97,2.8,0.4,1.2,0.4,0.3,0.3,0.3,2.3,0.6,0.8,0.7,0.6,2022-05-03
Alex Caruso,Chicago Bulls,Vet,12.3,95.7,2.8,1.7,1.2,0.3,0.2,0.6,0.6,2.5,0.6,1.5,0.5,1.2,2022-05-03
T.J. McConnell,Indiana Pacers,Vet,7.9,97.7,2.8,1.5,0.9,0.2,0.1,0.4,0.5,2.5,0.4,0.8,0.7,0.7,2022-05-03
Lindy Waters III,Oklahoma City Thunder,Rookie,6.7,97.2,2.8,0.4,0.9,0.1,0.1,0.2,0.2,2.4,0.2,2.2,0.2,0.6,2022-05-03
Pat Connaughton,Milwaukee Bucks,Vet,7.6,97.9,2.7,0.4,1,0.2,0.1,0.2,0.2,2.2,0.3,1.9,0.3,0.5,2022-05-03
Kendrick Nunn,Los Angeles Lakers,Vet,6.1,96.6,2.7,0.5,0.6,0.1,0.1,0.2,0.3,2.3,0.3,1,0.5,0.5,2022-05-03
Isaiah Livers,Detroit Pistons,Rookie,9.2,95.2,2.7,0.5,1.1,0.3,0.1,0.3,0.3,2.1,0.4,1.5,0.2,0.9,2022-05-03
Melvin Frazier Jr.,Oklahoma City Thunder,Vet,7.6,94.9,2.7,0.3,0.6,0.2,0.1,0.2,0.3,2.3,0.6,1.1,0.7,0.6,2022-05-03
De'Anthony Melton,Memphis Grizzlies,Vet,5.6,99.4,2.6,0.6,0.9,0.2,0.1,0.3,0.3,2.3,0.4,1.5,0.3,0.5,2022-05-03
Raul Neto,Washington Wizards,Vet,7.3,95.7,2.6,1.1,0.6,0.1,0,0.3,0.4,2.1,0.7,0.7,0.6,0.7,2022-05-03
Jalen McDaniels,Charlotte Hornets,Vet,7,96.9,2.6,0.4,1,0.3,0.2,0.2,0.3,1.9,0.6,0.9,0.6,0.8,2022-05-03
Derrick Jones Jr.,Chicago Bulls,Vet,8.5,97.3,2.5,0.3,1,0.5,0.3,0.2,0.3,1.8,0.7,0.8,0.9,1.1,2022-05-03
Tyus Jones,Memphis Grizzlies,Vet,6,96.7,2.4,1.1,0.6,0.1,0,0.3,0.2,2.1,0.3,0.9,0.2,0.3,2022-05-03
Wesley Matthews,Milwaukee Bucks,Vet,11.3,98.1,2.4,0.5,0.8,0.3,0.1,0.3,0.2,2.1,0.4,1.8,0.3,1,2022-05-03
Lamar Stevens,Cleveland Cavaliers,Sophomore,5.9,95,2.4,0.3,0.7,0.3,0.1,0.2,0.3,1.9,0.6,0.3,0.8,0.7,2022-05-03
Khem Birch,Toronto Raptors,Vet,9.1,94.7,2.3,0.4,1.2,0.9,0.3,0.2,0.3,1.8,0.6,0.3,0.7,1.2,2022-05-03
Jeremiah Robinson-Earl,Oklahoma City Thunder,Rookie,5.7,96,2.3,0.3,1,0.3,0.1,0.2,0.2,1.8,0.4,1,0.4,0.5,2022-05-03
Braxton Key,Detroit Pistons,Rookie,6.1,97.9,2.3,0.3,1,0.4,0.3,0.2,0.3,1.9,0.5,0.7,0.7,0.8,2022-05-03
Lou Williams,Atlanta Hawks,Vet,5.5,95.2,2.3,0.7,0.5,0.1,0,0.2,0.3,2,0.5,0.6,0.2,0.4,2022-05-03
Kyle Anderson,Memphis Grizzlies,Vet,7.1,99.5,2.2,0.7,1.4,0.4,0.2,0.4,0.3,1.8,0.5,0.4,0.5,0.7,2022-05-03
Davis Bertans,Dallas Mavericks,Vet,6.2,96.6,2.2,0.3,0.8,0.1,0.1,0.1,0.1,1.9,0.3,1.6,0.1,0.7,2022-05-03
Josh Jackson,Sacramento Kings,Vet,5.2,95.2,2.2,0.3,0.7,0.2,0.1,0.2,0.3,1.9,0.7,0.7,0.5,0.6,2022-05-03
Wenyen Gabriel,Los Angeles Lakers,Vet,5.9,96.8,2.2,0.2,0.9,0.6,0.2,0.1,0.3,1.7,0.7,0.4,0.9,1,2022-05-03
Saben Lee,Detroit Pistons,Sophomore,6.1,96.2,2.1,1.2,0.6,0.2,0.1,0.3,0.4,1.6,0.7,0.5,0.7,0.6,2022-05-03
Josh Green,Dallas Mavericks,Sophomore,7.1,94.7,2.1,0.5,0.7,0.3,0.1,0.3,0.3,1.7,0.3,0.9,0.5,0.9,2022-05-03
Devin Cannady,Orlando Magic,Sophomore,6.1,96.4,2.1,0.4,0.4,0.1,0.1,0.2,0.2,1.8,0.3,1.4,0.1,0.5,2022-05-03
D.J. Augustin,Los Angeles Lakers,Vet,7.3,96.1,2.1,0.8,0.5,0.1,0,0.2,0.3,1.7,0.3,1.4,0.2,0.5,2022-05-03
Paul Reed,Philadelphia 76ers,Sophomore,4.5,96.2,2,0.3,0.8,0.6,0.2,0.3,0.3,1.6,0.4,0.2,0.9,0.9,2022-05-03
Naz Reid,Minnesota Timberwolves,Vet,3.8,100.3,1.9,0.2,0.7,0.3,0.2,0.1,0.2,1.4,0.5,0.6,0.6,0.6,2022-05-03
Rodney McGruder,Detroit Pistons,Vet,5.4,97.2,1.9,0.3,0.6,0.2,0.1,0.1,0.2,1.6,0.2,1.2,0.3,0.5,2022-05-03
Tomas Satoransky,Washington Wizards,Vet,7.4,96.3,1.9,1.6,0.8,0.2,0.1,0.2,0.5,1.6,0.4,0.5,0.3,0.7,2022-05-03
Greg Brown III,Portland Trail Blazers,Rookie,5.8,95.7,1.9,0.3,0.9,0.3,0.2,0.2,0.3,1.5,0.5,0.7,0.6,0.8,2022-05-03
Tristan Thompson,Chicago Bulls,Vet,5.6,95.8,1.7,0.2,1.1,0.7,0.1,0.1,0.3,1.3,0.7,0.1,0.8,0.7,2022-05-03
Dean Wade,Cleveland Cavaliers,Vet,6.2,94.6,1.7,0.3,0.8,0.2,0.1,0.2,0.1,1.4,0.3,1,0.3,0.6,2022-05-03
Juancho Hernangomez,Utah Jazz,Vet,5.1,93,1.7,0.2,0.8,0.3,0.1,0.1,0.2,1.3,0.4,0.9,0.3,0.4,2022-05-03
Terrence Ross,Orlando Magic,Vet,4,97.9,1.7,0.3,0.4,0.1,0,0.1,0.2,1.5,0.3,0.8,0.2,0.3,2022-05-03
Payton Pritchard,Boston Celtics,Sophomore,3.7,92.5,1.6,0.4,0.4,0.1,0,0.1,0.1,1.4,0.1,1,0.1,0.3,2022-05-03
Troy Brown Jr.,Chicago Bulls,Vet,5.4,96.9,1.6,0.3,0.9,0.2,0,0.2,0.2,1.5,0.2,0.9,0.3,0.4,2022-05-03
Naji Marshall,New Orleans Pelicans,Sophomore,4.3,95.7,1.6,0.3,0.6,0.2,0.1,0.1,0.3,1.3,0.5,0.4,0.5,0.5,2022-05-03
Mason Jones,Los Angeles Lakers,Sophomore,3.9,97.6,1.6,0.4,0.5,0.1,0,0.1,0.2,1.1,0.6,0.5,0.3,0.4,2022-05-03
Robin Lopez,Orlando Magic,Vet,4.2,98.1,1.5,0.3,0.4,0.4,0.1,0.1,0.2,1.2,0.3,0.1,0.4,0.5,2022-05-03
Furkan Korkmaz,Philadelphia 76ers,Vet,4.2,96.6,1.5,0.3,0.4,0.1,0,0.1,0.1,1.3,0.3,0.7,0.3,0.3,2022-05-03
Brandon Boston Jr.,Los Angeles Clippers,Rookie,3.4,95.8,1.5,0.2,0.4,0.1,0.1,0.1,0.2,1.4,0.3,0.4,0.4,0.3,2022-05-03
Admiral Schofield,Orlando Magic,Vet,4.6,97.2,1.5,0.2,0.7,0.1,0.1,0.1,0.2,1.2,0.2,0.9,0.2,0.6,2022-05-03
Dario Saric,Phoenix Suns,Vet,3.3,97.5,1.4,0.2,0.6,0.2,0,0.1,0.2,1.2,0.3,0.4,0.3,0.4,2022-05-03
Cam Thomas,Brooklyn Nets,Rookie,2.9,97.3,1.4,0.2,0.4,0.1,0,0.1,0.1,1.3,0.3,0.4,0.2,0.2,2022-05-03
Rajon Rondo,Cleveland Cavaliers,Vet,5.9,95.5,1.4,1.4,0.7,0.1,0.1,0.2,0.5,1.3,0.2,0.8,0.3,0.6,2022-05-03
Moses Brown,Cleveland Cavaliers,Vet,3,95.6,1.3,0.1,0.7,0.4,0.1,0.1,0.1,0.9,0.5,0,0.7,0.4,2022-05-03
Dewayne Dedmon,Miami Heat,Vet,3.6,95.2,1.3,0.1,0.9,0.4,0.2,0.1,0.2,1,0.3,0.2,0.5,0.8,2022-05-03
Taurean Prince,Minnesota Timberwolves,Vet,2.8,101.7,1.3,0.2,0.4,0.1,0.1,0.1,0.1,1,0.2,0.6,0.2,0.3,2022-05-03
Keita Bates-Diop,San Antonio Spurs,Vet,3.6,98.2,1.3,0.2,0.6,0.2,0.1,0.1,0.2,1,0.3,0.2,0.5,0.3,2022-05-03
Brandon Goodwin,Cleveland Cavaliers,Vet,3.8,93.8,1.3,0.6,0.4,0.1,0,0.1,0.2,1.1,0.3,0.4,0.3,0.4,2022-05-03
Greg Monroe,Minnesota Timberwolves,Vet,2.8,96.4,1.2,0.3,0.5,0.4,0.1,0.1,0.2,1,0.4,0.1,0.5,0.4,2022-05-03
Jock Landale,San Antonio Spurs,Rookie,2.9,96.3,1.2,0.2,0.4,0.3,0.1,0.1,0.1,0.9,0.2,0.4,0.3,0.3,2022-05-03
Quentin Grimes,New York Knicks,Rookie,3.6,94,1.2,0.2,0.4,0.1,0.1,0.1,0.1,1,0.2,0.8,0.1,0.4,2022-05-03
Blake Griffin,Brooklyn Nets,Vet,2.8,97.4,1.1,0.3,0.5,0.2,0,0.1,0.1,0.9,0.3,0.5,0.3,0.3,2022-05-03
Gabe York,Indiana Pacers,Rookie,3.1,97.7,1.1,0.4,0.3,0,0,0.1,0.2,0.9,0.2,0.6,0.1,0.3,2022-05-03
James Bouknight,Charlotte Hornets,Rookie,2.4,98.7,1.1,0.2,0.3,0.1,0,0.1,0.1,1,0.3,0.3,0.4,0.2,2022-05-03
Ignas Brazdeikis,Orlando Magic,Vet,2.5,97,1.1,0.2,0.3,0.1,0,0.1,0.1,0.9,0.2,0.4,0.3,0.2,2022-05-03
David Nwaba,Houston Rockets,Vet,2.7,97.8,1,0.1,0.4,0.2,0.1,0.1,0.1,0.7,0.3,0.3,0.3,0.3,2022-05-03
Daniel Theis,Boston Celtics,Vet,2.7,95.2,1,0.1,0.5,0.2,0.1,0.1,0.1,0.8,0.2,0.2,0.3,0.4,2022-05-03
Jaden Springer,Philadelphia 76ers,Rookie,2.2,97.3,1,0.2,0.3,0.1,0,0.1,0.2,0.9,0.2,0.2,0.3,0.2,2022-05-03
Gary Harris,Orlando Magic,Vet,2.8,98.4,1,0.2,0.2,0.1,0,0.1,0.1,0.9,0.2,0.6,0.1,0.2,2022-05-03
Aaron Holiday,Phoenix Suns,Vet,2.4,96,1,0.4,0.2,0.1,0,0.1,0.2,0.9,0.2,0.3,0.2,0.2,2022-05-03
Quinndary Weatherspoon,Golden State Warriors,Vet,2.8,95.3,1,0.2,0.3,0.1,0,0.1,0.1,0.8,0.2,0.3,0.3,0.4,2022-05-03
DeAndre Jordan,Philadelphia 76ers,Vet,3.3,96.1,1,0.1,0.9,0.4,0.2,0.1,0.2,0.7,0.3,0,0.5,0.4,2022-05-03
Torrey Craig,Phoenix Suns,Vet,3.3,96.8,1,0.2,0.5,0.2,0.1,0.1,0.1,0.9,0.1,0.6,0.2,0.4,2022-05-03
Gabriel Lundberg,Phoenix Suns,Rookie,2.9,97.1,1,0.4,0.3,0.1,0,0.1,0.2,1,0.2,0.5,0.1,0.3,2022-05-03
Damion Lee,Golden State Warriors,Vet,2.6,96,0.9,0.2,0.4,0.1,0,0.1,0.1,0.8,0.2,0.3,0.2,0.2,2022-05-03
Eric Paschall,Utah Jazz,Vet,1.9,95.5,0.9,0.1,0.2,0.1,0,0,0.1,0.7,0.3,0.2,0.2,0.2,2022-05-03
Bol Bol,Orlando Magic,Vet,2.5,96.6,0.9,0.1,0.4,0.2,0.1,0.1,0.1,0.8,0.2,0.3,0.2,0.3,2022-05-03
Day'Ron Sharpe,Brooklyn Nets,Rookie,2,96.2,0.9,0.1,0.4,0.3,0.1,0.1,0.2,0.7,0.2,0.1,0.4,0.3,2022-05-03
Chaundee Brown,Atlanta Hawks,Rookie,2.8,96,0.9,0.2,0.3,0.1,0,0.1,0.1,0.8,0.2,0.5,0.2,0.3,2022-05-03
Avery Bradley,Los Angeles Lakers,Vet,3.6,97.8,0.9,0.1,0.3,0.1,0,0.1,0.1,0.8,0.1,0.5,0.1,0.4,2022-05-03
Serge Ibaka,Milwaukee Bucks,Vet,1.9,97.5,0.8,0.1,0.4,0.1,0.1,0,0.1,0.7,0.1,0.2,0.1,0.2,2022-05-03
Trent Forrest,Utah Jazz,Sophomore,3,93.1,0.8,0.4,0.3,0.1,0,0.1,0.2,0.7,0.2,0.2,0.2,0.2,2022-05-03
Mychal Mulder,Miami Heat,Vet,2.5,96.2,0.8,0.1,0.2,0,0,0,0.1,0.7,0.1,0.5,0.1,0.2,2022-05-03
Kessler Edwards,Brooklyn Nets,Rookie,2.9,98.6,0.8,0.1,0.4,0.1,0.1,0.1,0.1,0.8,0.1,0.4,0.2,0.3,2022-05-03
Marcos Louzada Silva,Portland Trail Blazers,Sophomore,2.7,95.5,0.8,0.1,0.3,0.1,0,0.1,0.1,0.7,0.1,0.5,0.1,0.3,2022-05-03
Jevon Carter,Milwaukee Bucks,Vet,2.6,98.1,0.7,0.3,0.3,0.1,0,0.1,0.1,0.6,0.1,0.3,0,0.2,2022-05-03
Bismack Biyombo,Phoenix Suns,Vet,2.2,95.4,0.7,0.1,0.4,0.2,0.1,0,0.1,0.6,0.3,0,0.3,0.3,2022-05-03
Kira Lewis Jr.,New Orleans Pelicans,Sophomore,1.6,97.1,0.7,0.2,0.1,0,0,0.1,0.1,0.6,0.1,0.3,0.2,0.1,2022-05-03
Jared Harper,New Orleans Pelicans,Vet,1.1,94.3,0.6,0.2,0.1,0,0,0,0.1,0.5,0.1,0.3,0.1,0.1,2022-05-03
Tony Bradley,Chicago Bulls,Vet,1.5,98.9,0.6,0.1,0.3,0.2,0.1,0,0.1,0.4,0.2,0,0.2,0.2,2022-05-03
Taj Gibson,New York Knicks,Vet,2.3,93.9,0.6,0.1,0.4,0.2,0.1,0.1,0.1,0.5,0.1,0.1,0.2,0.4,2022-05-03
Juan Toscano-Anderson,Golden State Warriors,Vet,1.8,96.1,0.6,0.2,0.3,0.1,0,0.1,0.1,0.4,0.1,0.2,0.1,0.2,2022-05-03
LaMarcus Aldridge,Brooklyn Nets,Vet,1.3,97.6,0.6,0.1,0.2,0.1,0.1,0,0.1,0.5,0.2,0.1,0.1,0.1,2022-05-03
Aaron Nesmith,Boston Celtics,Sophomore,1.7,94.6,0.6,0.1,0.2,0.1,0,0.1,0.1,0.5,0.1,0.3,0.1,0.2,2022-05-03
Jericho Sims,New York Knicks,Rookie,2.9,94.6,0.6,0.1,0.6,0.3,0.1,0.1,0.1,0.4,0.2,0,0.2,0.3,2022-05-03
Malachi Flynn,Toronto Raptors,Sophomore,1.9,96.2,0.6,0.2,0.2,0,0,0.1,0.1,0.6,0.1,0.3,0.1,0.2,2022-05-03
Paul Millsap,Philadelphia 76ers,Vet,2,94.1,0.6,0.1,0.4,0.2,0.1,0.1,0.1,0.6,0.2,0.2,0.2,0.3,2022-05-03
John Konchar,Memphis Grizzlies,Vet,1.8,97,0.5,0.1,0.3,0.1,0,0.1,0.1,0.4,0.1,0.2,0.1,0.2,2022-05-03
Jaylen Nowell,Minnesota Timberwolves,Vet,1,101,0.5,0.1,0.1,0,0,0,0,0.5,0.1,0.2,0.1,0.1,2022-05-03
Nemanja Bjelica,Golden State Warriors,Vet,1.4,94.2,0.5,0.2,0.3,0.1,0,0,0.1,0.4,0.1,0.1,0.1,0.2,2022-05-03
Zeke Nnaji,Denver Nuggets,Sophomore,1.4,96.2,0.5,0,0.2,0.1,0,0,0.1,0.4,0.1,0.2,0.1,0.2,2022-05-03
Jordan Nwora,Milwaukee Bucks,Sophomore,1.3,98.1,0.5,0.1,0.2,0,0,0,0.1,0.5,0.1,0.2,0.1,0.1,2022-05-03
Luke Kornet,Boston Celtics,Vet,1.3,93.9,0.4,0.1,0.2,0.1,0.1,0,0,0.3,0.1,0.1,0.1,0.1,2022-05-03
Thomas Bryant,Washington Wizards,Vet,1,95.6,0.4,0,0.2,0.1,0,0,0,0.3,0.1,0.1,0.1,0.1,2022-05-03
Davon Reed,Denver Nuggets,Vet,1.3,96.3,0.4,0.1,0.2,0,0,0,0,0.3,0.1,0.2,0,0.1,2022-05-03
Omer Yurtseven,Miami Heat,Sophomore,0.9,95.8,0.4,0.1,0.2,0.1,0,0,0,0.3,0.1,0,0.2,0.1,2022-05-03
Sam Hauser,Boston Celtics,Rookie,1,94.2,0.4,0.1,0.1,0,0,0,0,0.4,0.1,0.2,0,0.1,2022-05-03
Thanasis Antetokounmpo,Milwaukee Bucks,Vet,1,97.4,0.4,0,0.1,0.1,0,0,0.1,0.3,0.1,0,0.2,0.2,2022-05-03
Juwan Morgan,Boston Celtics,Vet,1.5,94.7,0.4,0.1,0.2,0.1,0,0,0.1,0.4,0.1,0.1,0.1,0.2,2022-05-03
Mac McClung,Los Angeles Lakers,Rookie,1.3,97.3,0.4,0.1,0.1,0,0,0,0.1,0.4,0.1,0.2,0.1,0.2,2022-05-03
Rudy Gay,Utah Jazz,Vet,0.8,95.1,0.3,0,0.1,0,0,0,0,0.3,0.1,0.2,0,0.1,2022-05-03
Frank Ntilikina,Dallas Mavericks,Vet,0.9,93.7,0.3,0.1,0.1,0,0,0,0,0.3,0.1,0.1,0,0.1,2022-05-03
Facundo Campazzo,Denver Nuggets,Sophomore,1.2,95.8,0.3,0.2,0.1,0,0,0.1,0.1,0.3,0.1,0.2,0,0.1,2022-05-03
Romeo Langford,San Antonio Spurs,Vet,1,96.2,0.3,0,0.1,0,0,0,0,0.2,0.1,0.1,0.1,0.1,2022-05-03
Nate Hinton,Indiana Pacers,Sophomore,0.7,96.2,0.3,0,0.1,0,0,0,0,0.2,0.1,0.1,0.1,0.1,2022-05-03
Armoni Brooks,Toronto Raptors,Sophomore,1.1,95.9,0.3,0.1,0.1,0,0,0,0,0.3,0,0.3,0,0.1,2022-05-03
Timothe Luwawu-Cabarrot,Atlanta Hawks,Vet,1.1,99.6,0.3,0.1,0.1,0,0,0,0,0.3,0.1,0.2,0.1,0.1,2022-05-03
Nik Stauskas,Boston Celtics,Vet,0.8,93.8,0.3,0,0.1,0,0,0,0,0.3,0.1,0.2,0,0.1,2022-05-03
Elijah Hughes,Portland Trail Blazers,Sophomore,1,96.1,0.3,0.1,0.1,0,0,0,0,0.3,0,0.2,0,0.1,2022-05-03
Duncan Robinson,Miami Heat,Vet,0.4,93.8,0.2,0,0,0,0,0,0,0.1,0,0.1,0,0,2022-05-03
Boban Marjanovic,Dallas Mavericks,Vet,0.4,94.3,0.2,0,0.1,0,0,0,0,0.2,0.1,0,0.1,0.1,2022-05-03
Vlatko Cancar,Denver Nuggets,Vet,0.6,98.4,0.2,0,0.1,0,0,0,0,0.1,0.1,0.1,0.1,0.1,2022-05-03
Anthony Gill,Washington Wizards,Sophomore,0.5,95.2,0.2,0,0.1,0,0,0,0,0.1,0,0,0,0.1,2022-05-03
Usman Garuba,Houston Rockets,Rookie,0.9,98.8,0.2,0.1,0.2,0.1,0,0,0,0.2,0.1,0.1,0.1,0.1,2022-05-03
Jordan Schakel,Washington Wizards,Rookie,0.7,96.4,0.2,0,0.1,0,0,0,0,0.2,0.1,0.1,0,0.1,2022-05-03
Marquese Chriss,Dallas Mavericks,Vet,0.5,94.3,0.2,0,0.1,0.1,0,0,0,0.2,0.1,0,0.1,0.1,2022-05-03
Kai Jones,Charlotte Hornets,Rookie,0.5,95.7,0.2,0,0.1,0,0,0,0,0.1,0.1,0,0.1,0.1,2022-05-03
Markieff Morris,Miami Heat,Vet,0.6,95.2,0.2,0,0.1,0,0,0,0,0.2,0,0.1,0,0.1,2022-05-03
Xavier Sneed,Utah Jazz,Rookie,0.6,95.6,0.2,0,0.1,0,0,0,0,0.2,0,0.1,0,0.1,2022-05-03
Carsen Edwards,Detroit Pistons,Vet,0.6,96.3,0.2,0.1,0,0,0,0,0,0.2,0,0.1,0,0.1,2022-05-03
Haywood Highsmith,Miami Heat,Vet,0.7,95.2,0.2,0,0.1,0,0,0,0,0.2,0,0.1,0,0.1,2022-05-03
Sterling Brown,Dallas Mavericks,Vet,0.5,94.5,0.1,0,0.1,0,0,0,0,0.1,0,0.1,0,0,2022-05-03
Theo Pinson,Dallas Mavericks,Vet,0.4,94.9,0.1,0,0,0,0,0,0,0.1,0,0.1,0,0,2022-05-03
Moses Moody,Golden State Warriors,Rookie,0.2,95.9,0.1,0,0,0,0,0,0,0.1,0,0,0,0,2022-05-03
Isaiah Joe,Philadelphia 76ers,Sophomore,0.2,95.7,0.1,0,0,0,0,0,0,0.1,0,0,0,0,2022-05-03
Dalano Banton,Toronto Raptors,Rookie,0.2,95.8,0.1,0,0,0,0,0,0,0.1,0,0,0,0,2022-05-03
Nickeil Alexander-Walker,Utah Jazz,Vet,0.3,95.4,0.1,0,0,0,0,0,0,0.1,0,0.1,0,0,2022-05-03
Anthony Lamb,Houston Rockets,Sophomore,0.2,96.2,0.1,0,0,0,0,0,0,0.1,0,0,0,0,2022-05-03
Nick Richards,Charlotte Hornets,Sophomore,0.2,97.7,0.1,0,0,0,0,0,0,0.1,0,0,0,0,2022-05-03
Marko Simonovic,Chicago Bulls,Rookie,0.2,95.9,0.1,0,0,0,0,0,0,0.1,0,0,0,0,2022-05-03
Rayjon Tucker,Milwaukee Bucks,Vet,0.4,97.1,0.1,0,0,0,0,0,0,0.1,0,0,0,0,2022-05-03
Luca Vildoza,Milwaukee Bucks,Sophomore,0.3,95.5,0.1,0,0,0,0,0,0,0.1,0,0.1,0,0,2022-05-03
Khris Middleton,Milwaukee Bucks,Vet,0,98.7,0,0,0,0,0,0,0,0,0,0,0,0,2022-05-03
Steven Adams,Memphis Grizzlies,Vet,0,96.8,0,0,0,0,0,0,0,0,0,0,0,0,2022-05-03
George Hill,Milwaukee Bucks,Vet,0,97.4,0,0,0,0,0,0,0,0,0,0,0,0,2022-05-03
Willy Hernangomez,New Orleans Pelicans,Vet,0,97.3,0,0,0,0,0,0,0,0,0,0,0,0,2022-05-03
Josh Okogie,Minnesota Timberwolves,Vet,0,100.2,0,0,0,0,0,0,0,0,0,0,0,0,2022-05-03
Xavier Tillman,Memphis Grizzlies,Sophomore,0,97.5,0,0,0,0,0,0,0,0,0,0,0,0,2022-05-03
Wayne Ellington,Los Angeles Lakers,Vet,0,97.9,0,0,0,0,0,0,0,0,0,0,0,0,2022-05-03
Jake Layman,Minnesota Timberwolves,Vet,0,98.9,0,0,0,0,0,0,0,0,0,0,0,0,2022-05-03
Killian Tillie,Memphis Grizzlies,Sophomore,0,96.1,0,0,0,0,0,0,0,0,0,0,0,0,2022-05-03
Maurice Harkless,Sacramento Kings,Vet,0,96.9,0,0,0,0,0,0,0,0,0,0,0,0,2022-05-03
Nerlens Noel,New York Knicks,Vet,0,95.1,0,0,0,0,0,0,0,0,0,0,0,0,2022-05-03
Brodric Thomas,Boston Celtics,Sophomore,0,97.7,0,0,0,0,0,0,0,0,0,0,0,0,2022-05-03
Nathan Knight,Minnesota Timberwolves,Sophomore,0,98.1,0,0,0,0,0,0,0,0,0,0,0,0,2022-05-03
Andre Iguodala,Golden State Warriors,Vet,0,94.7,0,0,0,0,0,0,0,0,0,0,0,0,2022-05-03
Isaac Bonga,Toronto Raptors,Vet,0,97.3,0,0,0,0,0,0,0,0,0,0,0,0,2022-05-03
Ish Wainright,Phoenix Suns,Rookie,0,97.1,0,0,0,0,0,0,0,0,0,0,0,0,2022-05-03
Ziaire Williams,Memphis Grizzlies,Rookie,0,101.2,0,0,0,0,0,0,0,0,0,0,0,0,2022-05-03
Justin Champagnie,Toronto Raptors,Rookie,0,97,0,0,0,0,0,0,0,0,0,0,0,0,2022-05-03
Dylan Windler,Cleveland Cavaliers,Vet,0.1,94.4,0,0,0,0,0,0,0,0,0,0,0,0,2022-05-03
Tyrell Terry,Memphis Grizzlies,Sophomore,0,96.7,0,0,0,0,0,0,0,0,0,0,0,0,2022-05-03
Gary Clark,New Orleans Pelicans,Vet,0,95.5,0,0,0,0,0,0,0,0,0,0,0,0,2022-05-03
Markus Howard,Denver Nuggets,Sophomore,0,96.4,0,0,0,0,0,0,0,0,0,0,0,0,2022-05-03
Devontae Cacok,San Antonio Spurs,Vet,0,97.8,0,0,0,0,0,0,0,0,0,0,0,0,2022-05-03
Derrick Favors,Oklahoma City Thunder,Vet,0,96,0,0,0,0,0,0,0,0,0,0,0,0,2022-05-03
Ryan Arcidiacono,New York Knicks,Vet,0,95.6,0,0,0,0,0,0,0,0,0,0,0,0,2022-05-03
Luka Garza,Detroit Pistons,Rookie,0,96.7,0,0,0,0,0,0,0,0,0,0,0,0,2022-05-03
Gorgui Dieng,Atlanta Hawks,Vet,0,95.5,0,0,0,0,0,0,0,0,0,0,0,0,2022-05-03
Matt Thomas,Chicago Bulls,Vet,0,96.3,0,0,0,0,0,0,0,0,0,0,0,0,2022-05-03
Trevelin Queen,Houston Rockets,Rookie,0,96.7,0,0,0,0,0,0,0,0,0,0,0,0,2022-05-03
Scottie Lewis,Charlotte Hornets,Rookie,0,96.2,0,0,0,0,0,0,0,0,0,0,0,0,2022-05-03
Skylar Mays,Atlanta Hawks,Sophomore,0,96.5,0,0,0,0,0,0,0,0,0,0,0,0,2022-05-03
Tony Snell,New Orleans Pelicans,Vet,0,95.5,0,0,0,0,0,0,0,0,0,0,0,0,2022-05-03
Sandro Mamukelashvili,Milwaukee Bucks,Rookie,0,98,0,0,0,0,0,0,0,0,0,0,0,0,2022-05-03
Ed Davis,Cleveland Cavaliers,Vet,0,95.6,0,0,0,0,0,0,0,0,0,0,0,0,2022-05-03
Alex Len,Sacramento Kings,Vet,0,97.5,0,0,0,0,0,0,0,0,0,0,0,0,2022-05-03
Malik Fitts,Boston Celtics,Sophomore,0,94,0,0,0,0,0,0,0,0,0,0,0,0,2022-05-03
Malcolm Hill,Chicago Bulls,Rookie,0.1,97.3,0,0,0,0,0,0,0,0,0,0,0,0,2022-05-03
Charles Bassey,Philadelphia 76ers,Rookie,0,95.6,0,0,0,0,0,0,0,0,0,0,0,0,2022-05-03
Yuta Watanabe,Toronto Raptors,Vet,0,96.9,0,0,0,0,0,0,0,0,0,0,0,0,2022-05-03
Chris Chiozza,Golden State Warriors,Vet,0,94.1,0,0,0,0,0,0,0,0,0,0,0,0,2022-05-03
Neemias Queta,Sacramento Kings,Rookie,0,96.1,0,0,0,0,0,0,0,0,0,0,0,0,2022-05-03
Jason Preston,Los Angeles Clippers,NA,0,96.5,0,0,0,0,0,0,0,0,0,0,0,0,2022-05-03
Kevin Knox II,Atlanta Hawks,Vet,0,99.2,0,0,0,0,0,0,0,0,0,0,0,0,2022-05-03
David Johnson,Toronto Raptors,Rookie,0,96.4,0,0,0,0,0,0,0,0,0,0,0,0,2022-05-03
JT Thor,Charlotte Hornets,Rookie,0,97.6,0,0,0,0,0,0,0,0,0,0,0,0,2022-05-03
Arnoldas Kulboka,Charlotte Hornets,Rookie,0,95.9,0,0,0,0,0,0,0,0,0,0,0,0,2022-05-03
Daishen Nix,Houston Rockets,Rookie,0,98.1,0,0,0,0,0,0,0,0,0,0,0,0,2022-05-03
Jay Scrubb,Los Angeles Clippers,Sophomore,0,98.1,0,0,0,0,0,0,0,0,0,0,0,0,2022-05-03
Matt Ryan,Boston Celtics,Rookie,0,96.9,0,0,0,0,0,0,0,0,0,0,0,0,2022-05-03
Svi Mykhailiuk,Toronto Raptors,Vet,0,96.3,0,0,0,0,0,0,0,0,0,0,0,0,2022-05-03
Yves Pons,Memphis Grizzlies,Rookie,0,97.4,0,0,0,0,0,0,0,0,0,0,0,0,2022-05-03
Javonte Smart,Miami Heat,Rookie,0,96.1,0,0,0,0,0,0,0,0,0,0,0,0,2022-05-03
Jared Butler,Utah Jazz,Rookie,0,95.7,0,0,0,0,0,0,0,0,0,0,0,0,2022-05-03
D.J. Stewart Jr.,San Antonio Spurs,NA,0,94.3,0,0,0,0,0,0,0,0,0,0,0,0,2022-05-03
Robert Woodard II,San Antonio Spurs,Sophomore,0,96.5,0,0,0,0,0,0,0,0,0,0,0,0,2022-05-03
Kent Bazemore,Los Angeles Lakers,Vet,0,96.7,0,0,0,0,0,0,0,0,0,0,0,0,2022-05-03
Rodney Hood,Los Angeles Clippers,Vet,0,95.6,0,0,0,0,0,0,0,0,0,0,0,0,2022-05-03
Trey Burke,Dallas Mavericks,Vet,0,93.7,0,0,0,0,0,0,0,0,0,0,0,0,2022-05-03
Joe Wieskamp,San Antonio Spurs,Rookie,0,96.6,0,0,0,0,0,0,0,0,0,0,0,0,2022-05-03
Bruno Fernando,Houston Rockets,Vet,0,97.5,0,0,0,0,0,0,0,0,0,0,0,0,2022-05-03
Tyler Cook,Chicago Bulls,Vet,0,96.1,0,0,0,0,0,0,0,0,0,0,0,0,2022-05-03
James Wiseman,Golden State Warriors,Sophomore,0,97.1,0,0,0,0,0,0,0,0,0,0,0,0,2022-05-03
Santi Aldama,Memphis Grizzlies,Rookie,0,97.8,0,0,0,0,0,0,0,0,0,0,0,0,2022-05-03
Udoka Azubuike,Utah Jazz,Sophomore,0,97.2,0,0,0,0,0,0,0,0,0,0,0,0,2022-05-03
Xavier Moon,Los Angeles Clippers,Rookie,0.1,96.3,0,0,0,0,0,0,0,0,0,0,0,0,2022-05-03
RJ Nembhard Jr.,Cleveland Cavaliers,Rookie,0,95.6,0,0,0,0,0,0,0,0,0,0,0,0,2022-05-03
Vernon Carey Jr.,Washington Wizards,Sophomore,0,96.6,0,0,0,0,0,0,0,0,0,0,0,0,2022-05-03
Jarrett Culver,Memphis Grizzlies,Vet,0,97.9,0,0,0,0,0,0,0,0,0,0,0,0,2022-05-03
David Duke Jr.,Brooklyn Nets,Rookie,0,97,0,0,0,0,0,0,0,0,0,0,0,0,2022-05-03
Myles Powell,Philadelphia 76ers,Sophomore,0,95.8,0,0,0,0,0,0,0,0,0,0,0,0,2022-05-03
Miles McBride,New York Knicks,Rookie,0,94.1,0,0,0,0,0,0,0,0,0,0,0,0,2022-05-03
Elfrid Payton,Phoenix Suns,Vet,0,94.9,0,0,0,0,0,0,0,0,0,0,0,0,2022-05-03
Charlie Brown Jr.,Philadelphia 76ers,Vet,0,96.6,0,0,0,0,0,0,0,0,0,0,0,0,2022-05-03
Leandro Bolmaro,Minnesota Timberwolves,Rookie,0.1,98.1,0,0,0,0,0,0,0,0,0,0,0,0,2022-05-03
Sharife Cooper,Atlanta Hawks,Rookie,0,96.7,0,0,0,0,0,0,0,0,0,0,0,0,2022-05-03
Moses Wright,Dallas Mavericks,Rookie,0,95.8,0,0,0,0,0,0,0,0,0,0,0,0,2022-05-03
Lindell Wigginton,Milwaukee Bucks,Rookie,0,97.8,0,0,0,0,0,0,0,0,0,0,0,0,2022-05-03
Jalen Johnson,Atlanta Hawks,Rookie,0,97.6,0,0,0,0,0,0,0,0,0,0,0,0,2022-05-03
Feron Hunt,New York Knicks,Rookie,0,96.5,0,0,0,0,0,0,0,0,0,0,0,0,2022-05-03
Jamorko Pickett,Detroit Pistons,Rookie,0,96.6,0,0,0,0,0,0,0,0,0,0,0,0,2022-05-03
Isaiah Todd,Washington Wizards,Rookie,0,97.3,0,0,0,0,0,0,0,0,0,0,0,0,2022-05-03
Cassius Winston,Washington Wizards,Sophomore,0,96.4,0,0,0,0,0,0,0,0,0,0,0,0,2022-05-03
McKinley Wright IV,Minnesota Timberwolves,Rookie,0,96.5,0,0,0,0,0,0,0,0,0,0,0,0,2022-05-03
Keljin Blevins,Portland Trail Blazers,Sophomore,0,94.9,0,0,0,0,0,0,0,0,0,0,0,0,2022-05-03
Garrett Temple,New Orleans Pelicans,Vet,0,94.4,0,0,0,0,0,0,0,0,0,0,0,0,2022-05-03
Udonis Haslem,Miami Heat,Vet,0,94.6,0,0,0,0,0,0,0,0,0,0,0,0,2022-05-03