PLAYER,TEAM,GP,miscPOSS,miscFREQ,miscPPP,miscPTS,miscFGM,miscFGA,miscFG%,miscEFG%,miscFTFREQ,miscTOVFREQ,miscSFFREQ,miscANDONEFREQ,miscSCOREFREQ,miscPERCENTILE
Trae Young,ATL,76,1.5,5.50%,0.98,1.5,0.2,0.4,60.00%,65.00%,35.10%,38.60%,4.40%,0.00%,50.00%,97.1
Nikola Jokic,DEN,74,2.1,8.60%,0.64,1.3,0.2,0.3,68.00%,78.00%,23.00%,60.50%,1.30%,0.00%,33.00%,70
Giannis Antetokounmpo,MIL,67,1.4,5.40%,0.94,1.4,0.3,0.6,50.00%,55.00%,32.00%,30.90%,9.30%,2.00%,49.00%,96.8
Karl-Anthony Towns,MIN,74,1.5,6.90%,0.71,1.1,0.2,0.4,54.00%,67.00%,23.00%,54.90%,4.40%,1.00%,34.00%,79.1
Chris Paul,PHX,65,1.2,8.20%,0.94,1.2,0.2,0.3,53.00%,61.00%,38.80%,37.50%,1.30%,0.00%,49.00%,96.6
Joel Embiid,PHI,68,1.6,5.60%,0.63,1,0.2,0.4,40.00%,42.00%,25.20%,46.70%,5.60%,0.00%,36.00%,66.6
Kevin Durant,BKN,55,1.4,5.30%,0.85,1.2,0,0.2,18.00%,18.00%,44.90%,41.00%,1.30%,0.00%,47.00%,92.4
Pascal Siakam,TOR,68,1.3,5.50%,0.76,1,0.3,0.5,50.00%,53.00%,26.70%,36.00%,4.70%,2.00%,41.00%,82.6
Tyler Herro,MIA,66,1.2,5.60%,0.81,1,0.2,0.5,45.00%,55.00%,23.10%,35.90%,5.10%,1.00%,40.00%,88.5
Devin Booker,PHX,68,1.1,4.40%,0.82,0.9,0.1,0.4,40.00%,44.00%,32.90%,34.20%,0.00%,0.00%,43.00%,89.2
Rudy Gobert,UTA,66,1.5,12.20%,0.6,0.9,0.1,0.1,57.00%,57.00%,40.60%,52.50%,2.00%,0.00%,43.00%,62.7
Christian Wood,HOU,68,1.2,7.10%,0.72,0.9,0.1,0.2,47.00%,50.00%,39.00%,42.70%,4.90%,0.00%,41.00%,80.3
LaMelo Ball,CHA,75,1.2,5.80%,0.63,0.8,0.2,0.4,38.00%,47.00%,19.60%,45.70%,3.30%,0.00%,33.00%,67.6
Russell Westbrook,LAL,78,1.6,7.40%,0.46,0.7,0.2,0.5,31.00%,31.00%,19.80%,50.00%,4.00%,1.00%,26.00%,42.5
Jordan Poole,GSW,76,1,5.60%,0.75,0.7,0.2,0.4,61.00%,75.00%,13.30%,50.70%,2.70%,1.00%,33.00%,82.1
Anthony Davis,LAL,40,1.3,5.90%,1.04,1.4,0.2,0.3,54.00%,58.00%,44.20%,30.80%,3.80%,0.00%,54.00%,98
Jalen Brunson,DAL,79,0.9,5.80%,0.77,0.7,0.2,0.3,59.00%,59.00%,25.70%,44.30%,1.40%,1.00%,41.00%,83.8
Zach LaVine,CHI,67,1,4.40%,0.8,0.8,0.2,0.3,52.00%,54.00%,25.80%,39.40%,4.50%,0.00%,44.00%,87.7
Stephen Curry,GSW,64,1.3,5.40%,0.65,0.8,0.1,0.5,29.00%,37.00%,19.50%,43.90%,6.10%,1.00%,29.00%,72.2
Mike Conley,UTA,72,0.9,6.40%,0.83,0.7,0.1,0.3,32.00%,42.00%,33.30%,36.50%,3.20%,0.00%,43.00%,89.9
Anthony Edwards,MIN,72,1,4.60%,0.72,0.7,0.2,0.5,43.00%,47.00%,15.50%,35.20%,4.20%,0.00%,35.00%,80.1
Kyle Lowry,MIA,63,1.3,9.20%,0.64,0.8,0.1,0.2,27.00%,30.00%,28.80%,52.50%,0.00%,0.00%,34.00%,69.8
Julius Randle,NYK,72,1.4,5.90%,0.52,0.7,0.1,0.2,41.00%,44.00%,27.60%,56.10%,5.10%,1.00%,32.00%,50.1
Shai Gilgeous-Alexander,OKC,56,1.1,4.50%,0.81,0.9,0.2,0.6,36.00%,39.00%,22.60%,22.60%,9.70%,3.00%,40.00%,88.2
Miles Bridges,CHA,80,1,5.10%,0.65,0.6,0.2,0.4,38.00%,39.00%,19.50%,39.00%,7.80%,0.00%,35.00%,73.2
Tyrese Maxey,PHI,75,0.8,4.80%,0.86,0.7,0.1,0.3,37.00%,45.00%,33.30%,33.30%,7.00%,0.00%,46.00%,92.9
Hamidou Diallo,DET,58,1,9.20%,0.83,0.8,0.4,0.5,70.00%,72.00%,10.20%,42.40%,5.10%,3.00%,41.00%,90.4
Terry Rozier,CHA,73,0.8,4.30%,0.84,0.7,0.2,0.4,42.00%,50.00%,22.80%,31.60%,0.00%,0.00%,42.00%,92.1
Jayson Tatum,BOS,76,0.8,3.20%,0.76,0.6,0.1,0.3,32.00%,37.00%,31.70%,39.70%,1.60%,2.00%,38.00%,83.2
Scottie Barnes,TOR,74,1.1,6.90%,0.6,0.6,0.1,0.4,37.00%,38.00%,20.00%,43.80%,6.30%,1.00%,31.00%,62.2
Kevin Love,CLE,74,1,7.50%,0.66,0.6,0.1,0.3,32.00%,42.00%,23.90%,49.30%,0.00%,0.00%,32.00%,75.4
Khris Middleton,MIL,66,0.9,4.70%,0.74,0.7,0.1,0.2,43.00%,43.00%,30.60%,46.80%,3.20%,0.00%,40.00%,81.8
Brandon Ingram,NOP,55,1,4.50%,0.79,0.8,0.1,0.3,44.00%,47.00%,28.10%,40.40%,3.50%,0.00%,40.00%,86
De'Aaron Fox,SAC,59,1.2,4.80%,0.66,0.8,0.2,0.4,44.00%,44.00%,23.50%,44.10%,10.30%,4.00%,34.00%,75.1
Darius Garland,CLE,68,1,4.50%,0.66,0.7,0.1,0.4,30.00%,39.00%,19.10%,41.20%,1.50%,0.00%,31.00%,75.1
LeBron James,LAL,56,1.3,4.90%,0.6,0.8,0.1,0.3,44.00%,50.00%,22.70%,53.30%,1.30%,0.00%,32.00%,62.2
DeMar DeRozan,CHI,76,0.9,3.40%,0.66,0.6,0.1,0.3,35.00%,35.00%,25.40%,41.80%,11.90%,3.00%,34.00%,74.4
Reggie Jackson,LAC,75,1.2,6.00%,0.5,0.6,0.1,0.4,23.00%,25.00%,19.30%,46.60%,0.00%,0.00%,27.00%,47.1
Bojan Bogdanovic,UTA,69,0.7,4.10%,0.92,0.6,0.1,0.2,50.00%,57.00%,38.30%,31.90%,6.40%,0.00%,51.00%,95.6
Harrison Barnes,SAC,77,0.6,4.20%,0.92,0.6,0,0.1,38.00%,38.00%,44.70%,38.30%,6.40%,0.00%,49.00%,95.6
Donovan Mitchell,UTA,67,0.8,3.20%,0.78,0.6,0.2,0.4,48.00%,58.00%,18.20%,40.00%,5.50%,4.00%,35.00%,84.8
Kyle Kuzma,WAS,66,1,5.30%,0.67,0.7,0.1,0.3,36.00%,45.00%,28.10%,37.50%,4.70%,0.00%,38.00%,76.7
D'Angelo Russell,MIN,65,1.4,7.10%,0.48,0.7,0.1,0.4,30.00%,33.00%,21.30%,53.90%,5.60%,1.00%,25.00%,45.5
Cole Anthony,ORL,66,1.2,6.40%,0.55,0.6,0,0.2,20.00%,20.00%,28.90%,52.60%,3.90%,1.00%,32.00%,54.3
Jonas Valanciunas,NOP,74,1.3,7.70%,0.44,0.6,0.1,0.1,45.00%,45.00%,20.80%,69.80%,3.10%,2.00%,24.00%,37.8
Kelly Olynyk,DET,40,1.3,13.50%,0.79,1,0.2,0.3,46.00%,54.00%,32.70%,44.20%,9.60%,2.00%,42.00%,85.7
Jimmy Butler,MIA,58,1.3,6.40%,0.56,0.7,0,0.3,10.00%,10.00%,30.10%,42.50%,8.20%,0.00%,33.00%,56
Fred VanVleet,TOR,65,1.2,5.60%,0.55,0.6,0.1,0.5,26.00%,33.00%,16.00%,37.30%,2.70%,0.00%,28.00%,54.1
Gary Trent Jr.,TOR,70,0.7,4.10%,0.78,0.6,0.1,0.2,24.00%,26.00%,33.30%,33.30%,0.00%,0.00%,41.00%,85.3
John Collins,ATL,54,0.8,5.40%,0.93,0.7,0.1,0.1,75.00%,88.00%,35.70%,45.20%,2.40%,0.00%,48.00%,96.3
Luka Doncic,DAL,65,0.9,3.00%,0.67,0.6,0.1,0.2,53.00%,60.00%,24.10%,50.00%,1.70%,0.00%,34.00%,76.9
Devonte' Graham,NOP,76,0.8,6.10%,0.66,0.5,0.1,0.3,15.00%,21.00%,25.40%,30.50%,0.00%,0.00%,32.00%,74.7
Ja Morant,MEM,57,1.1,4.00%,0.63,0.7,0.1,0.4,29.00%,33.00%,22.60%,38.70%,3.20%,0.00%,34.00%,67.1
Jae'Sean Tate,HOU,78,0.8,6.80%,0.61,0.5,0.2,0.3,50.00%,52.00%,15.60%,48.40%,4.70%,2.00%,33.00%,63.6
Domantas Sabonis,IND,47,1.6,9.00%,0.52,0.8,0.1,0.2,50.00%,50.00%,29.30%,58.70%,4.00%,1.00%,32.00%,49.9
Bradley Beal,WAS,40,1.1,4.60%,0.83,1,0.2,0.4,47.00%,53.00%,30.40%,37.00%,8.70%,4.00%,41.00%,90.2
Dwight Powell,DAL,82,0.8,11.90%,0.56,0.5,0,0.1,50.00%,50.00%,36.40%,56.10%,3.00%,2.00%,35.00%,55.5
Jakob Poeltl,SAS,68,1.3,10.10%,0.43,0.5,0.1,0.2,64.00%,68.00%,22.10%,65.10%,2.30%,0.00%,26.00%,36.4
Luguentz Dort,OKC,51,0.6,3.50%,1.16,0.7,0.1,0.3,54.00%,62.00%,35.50%,22.60%,9.70%,0.00%,58.00%,99.3
Paul George,LAC,31,1.3,4.70%,0.92,1.2,0.2,0.4,46.00%,62.00%,28.20%,38.50%,2.60%,0.00%,44.00%,96.1
Patrick Beverley,MIN,59,0.9,9.50%,0.67,0.6,0.1,0.2,38.00%,38.00%,31.50%,44.40%,3.70%,0.00%,41.00%,76.2
Desmond Bane,MEM,76,0.7,4.40%,0.66,0.5,0.1,0.2,39.00%,50.00%,20.00%,47.30%,0.00%,0.00%,31.00%,74.2
Marcus Smart,BOS,71,0.9,7.00%,0.54,0.5,0.1,0.2,42.00%,42.00%,25.40%,58.20%,3.00%,1.00%,30.00%,52.8
Alperen Sengun,HOU,72,1.1,10.20%,0.46,0.5,0.1,0.2,31.00%,31.00%,25.30%,54.40%,3.80%,0.00%,29.00%,42.3
Saddiq Bey,DET,82,0.6,3.60%,0.71,0.4,0.1,0.3,23.00%,27.00%,22.40%,24.50%,0.00%,0.00%,35.00%,79.6
RJ Barrett,NYK,70,0.8,3.50%,0.64,0.5,0.1,0.3,33.00%,36.00%,24.50%,41.50%,3.80%,0.00%,36.00%,70.5
Daniel Gafford,WAS,72,0.7,9.70%,0.64,0.5,0.1,0.1,78.00%,78.00%,30.80%,55.80%,5.80%,4.00%,35.00%,68.6
Kyrie Irving,BKN,29,1.1,4.20%,1.03,1.1,0.3,0.4,75.00%,92.00%,19.40%,41.90%,0.00%,0.00%,48.00%,97.5
Immanuel Quickley,NYK,78,0.5,4.10%,0.87,0.4,0.1,0.2,46.00%,69.00%,21.60%,43.20%,0.00%,0.00%,38.00%,93.4
Jarrett Allen,CLE,56,1,7.60%,0.56,0.6,0.1,0.2,54.00%,54.00%,22.80%,56.10%,1.80%,2.00%,32.00%,55.8
Evan Mobley,CLE,69,0.9,5.50%,0.54,0.5,0.1,0.2,53.00%,53.00%,22.00%,54.20%,5.10%,2.00%,31.00%,53.1
Jaren Jackson Jr.,MEM,78,0.8,4.80%,0.51,0.4,0.1,0.2,27.00%,27.00%,22.20%,57.10%,4.80%,3.00%,25.00%,48.6
Ivica Zubac,LAC,76,1,10.50%,0.43,0.4,0.1,0.1,80.00%,80.00%,22.70%,70.70%,1.30%,0.00%,27.00%,34.2
Buddy Hield,SAC,55,0.7,4.60%,0.84,0.6,0.1,0.3,31.00%,41.00%,24.30%,32.40%,0.00%,0.00%,38.00%,91.9
Franz Wagner,ORL,79,0.5,3.20%,0.82,0.4,0.1,0.2,53.00%,53.00%,21.10%,34.20%,5.30%,0.00%,45.00%,89.2
Tobias Harris,PHI,73,0.6,3.80%,0.67,0.4,0.1,0.2,43.00%,46.00%,23.90%,47.80%,8.70%,2.00%,35.00%,77.1
Herbert Jones,NOP,78,0.6,6.70%,0.62,0.4,0.1,0.2,64.00%,64.00%,16.00%,56.00%,2.00%,0.00%,34.00%,65.4
Jrue Holiday,MIL,67,0.8,4.20%,0.61,0.5,0.1,0.3,42.00%,50.00%,15.70%,47.10%,2.00%,0.00%,29.00%,63.4
Bam Adebayo,MIA,56,1.5,8.40%,0.36,0.6,0.1,0.3,38.00%,38.00%,17.40%,64.00%,2.30%,0.00%,22.00%,22.6
Kristaps Porzingis,DAL,35,1,5.50%,0.86,0.9,0.1,0.3,45.00%,55.00%,28.60%,40.00%,0.00%,0.00%,43.00%,92.6
Monte Morris,DEN,75,0.6,5.10%,0.67,0.4,0.1,0.2,38.00%,46.00%,22.20%,48.90%,2.20%,0.00%,31.00%,76.2
Cade Cunningham,DET,64,1.1,5.10%,0.44,0.5,0.1,0.2,40.00%,47.00%,13.20%,64.70%,2.90%,0.00%,22.00%,38.6
JaVale McGee,PHX,74,1,12.50%,0.39,0.4,0.1,0.2,58.00%,58.00%,16.90%,67.50%,1.30%,0.00%,25.00%,25.6
Mikal Bridges,PHX,82,0.4,3.60%,0.81,0.4,0.1,0.2,53.00%,56.00%,22.20%,33.30%,2.80%,3.00%,44.00%,88
Bobby Portis,MIL,72,0.7,4.60%,0.62,0.4,0.1,0.2,58.00%,58.00%,19.10%,57.40%,2.10%,2.00%,32.00%,64.6
P.J. Tucker,MIA,71,0.7,9.90%,0.56,0.4,0,0,50.00%,50.00%,34.60%,61.50%,3.80%,0.00%,35.00%,55
Nikola Vucevic,CHI,73,0.9,5.10%,0.43,0.4,0.1,0.2,43.00%,43.00%,16.20%,63.20%,0.00%,0.00%,25.00%,33.9
Wendell Carter Jr.,ORL,62,1.3,8.70%,0.37,0.5,0.1,0.2,45.00%,45.00%,19.20%,69.20%,2.60%,3.00%,23.00%,24.1
Danilo Gallinari,ATL,66,0.4,3.80%,1.04,0.4,0.1,0.2,43.00%,50.00%,29.60%,18.50%,0.00%,0.00%,52.00%,97.8
Jarred Vanderbilt,MIN,74,0.5,8.00%,0.72,0.4,0,0.1,50.00%,50.00%,43.60%,43.60%,10.30%,3.00%,44.00%,79.9
Josh Christopher,HOU,74,0.6,6.60%,0.64,0.4,0.1,0.3,43.00%,48.00%,11.40%,38.60%,4.50%,2.00%,30.00%,69.3
Moritz Wagner,ORL,63,0.8,9.40%,0.58,0.4,0.1,0.1,56.00%,67.00%,27.10%,54.20%,2.10%,0.00%,33.00%,60.3
Jusuf Nurkic,POR,56,1.6,10.10%,0.32,0.5,0.1,0.1,50.00%,50.00%,19.50%,74.70%,1.10%,1.00%,20.00%,18.9
Dennis Schroder,BOS,49,0.6,4.00%,0.9,0.6,0.1,0.2,40.00%,40.00%,36.70%,30.00%,0.00%,0.00%,50.00%,94.6
Garrison Mathews,HOU,65,0.5,6.10%,0.79,0.4,0,0.1,38.00%,56.00%,32.40%,47.10%,5.90%,3.00%,35.00%,86.2
Josh Hart,NOP,41,1,7.40%,0.68,0.7,0.2,0.3,64.00%,68.00%,22.50%,57.50%,10.00%,8.00%,32.00%,77.4
Alec Burks,NYK,81,0.5,4.70%,0.61,0.3,0,0.1,50.00%,58.00%,27.30%,63.60%,9.10%,5.00%,30.00%,64.1
Malik Monk,LAL,76,0.6,4.70%,0.57,0.4,0.1,0.2,44.00%,56.00%,14.90%,46.80%,0.00%,0.00%,28.00%,58.7
Terance Mann,LAC,81,0.6,5.70%,0.56,0.3,0.1,0.2,37.00%,39.00%,16.70%,45.80%,2.10%,2.00%,27.00%,56.7
Anfernee Simons,POR,57,0.8,5.00%,0.56,0.5,0.1,0.2,50.00%,54.00%,16.70%,58.30%,0.00%,0.00%,29.00%,56.7
Kevin Porter Jr.,HOU,61,1.1,6.20%,0.4,0.4,0.1,0.3,32.00%,37.00%,13.40%,59.70%,4.50%,1.00%,19.00%,29.2
Damian Lillard,POR,29,1,4.10%,0.9,0.9,0.2,0.3,62.00%,75.00%,27.60%,44.80%,0.00%,0.00%,45.00%,94.1
Chris Boucher,TOR,80,0.4,4.50%,0.81,0.3,0,0.2,25.00%,29.00%,37.50%,25.00%,3.10%,0.00%,47.00%,88.7
Ben McLemore,POR,64,0.5,5.40%,0.77,0.4,0.1,0.2,45.00%,64.00%,29.40%,38.20%,0.00%,0.00%,41.00%,83.5
Malik Beasley,MIN,79,0.4,3.20%,0.86,0.3,0.1,0.3,45.00%,55.00%,10.30%,20.70%,3.40%,0.00%,41.00%,93.1
Kyle Anderson,MEM,69,0.6,6.90%,0.63,0.4,0.1,0.2,50.00%,54.00%,25.00%,50.00%,5.00%,5.00%,35.00%,66.1
Carmelo Anthony,LAL,69,0.6,4.70%,0.63,0.4,0.1,0.2,36.00%,50.00%,20.00%,52.50%,0.00%,0.00%,30.00%,66.1
Dejounte Murray,SAS,68,0.7,3.20%,0.51,0.4,0,0.2,27.00%,32.00%,28.60%,49.00%,4.10%,0.00%,33.00%,48.9
Buddy Hield,IND,26,0.8,4.60%,1.09,0.9,0.2,0.3,75.00%,88.00%,22.70%,40.90%,0.00%,0.00%,50.00%,98.5
Tyus Jones,MEM,73,0.4,4.30%,0.89,0.3,0,0.1,33.00%,44.00%,37.00%,29.60%,0.00%,0.00%,48.00%,93.9
Damion Lee,GSW,63,0.5,6.60%,0.8,0.4,0,0.1,0.00%,0.00%,46.70%,36.70%,0.00%,0.00%,47.00%,87.3
Jalen Green,HOU,67,0.5,2.60%,0.77,0.4,0.1,0.2,40.00%,53.00%,16.10%,35.50%,6.50%,0.00%,35.00%,84.3
Clint Capela,ATL,74,0.5,5.40%,0.62,0.3,0.1,0.1,60.00%,60.00%,25.60%,48.70%,2.60%,0.00%,38.00%,64.4
Naz Reid,MIN,77,0.6,7.70%,0.5,0.3,0.1,0.1,60.00%,65.00%,12.50%,66.70%,6.30%,0.00%,25.00%,47.1
Jaylen Brown,BOS,66,0.8,3.30%,0.48,0.4,0.1,0.3,28.00%,28.00%,20.00%,46.00%,10.00%,2.00%,26.00%,44.7
Mitchell Robinson,NYK,72,0.7,10.30%,0.48,0.3,0.1,0.1,100%,100%,20.00%,66.00%,4.00%,0.00%,30.00%,44.7
Steven Adams,MEM,76,1.2,15.90%,0.26,0.3,0,0.1,33.00%,33.00%,21.30%,72.30%,1.10%,0.00%,19.00%,9.6
Isaiah Roby,OKC,45,0.6,5.90%,0.92,0.5,0.2,0.2,73.00%,82.00%,16.00%,44.00%,4.00%,4.00%,44.00%,95.8
Kentavious Caldwell-Pope,WAS,77,0.4,3.40%,0.68,0.3,0.1,0.1,40.00%,45.00%,23.50%,47.10%,0.00%,0.00%,35.00%,77.6
Raul Neto,WAS,70,0.5,6.30%,0.64,0.3,0.1,0.2,50.00%,50.00%,13.90%,44.40%,2.80%,3.00%,33.00%,70.3
Cameron Payne,PHX,58,0.7,5.50%,0.58,0.4,0.1,0.1,38.00%,38.00%,25.00%,57.50%,7.50%,2.00%,30.00%,59
Ayo Dosunmu,CHI,77,0.6,6.60%,0.51,0.3,0.1,0.2,46.00%,50.00%,22.20%,51.10%,4.40%,2.00%,31.00%,49.1
James Harden,BKN,44,1.1,4.50%,0.49,0.5,0.1,0.2,38.00%,44.00%,19.10%,63.80%,0.00%,0.00%,26.00%,45.7
Javonte Green,CHI,65,0.3,5.00%,1.1,0.3,0.1,0.1,78.00%,78.00%,25.00%,30.00%,0.00%,0.00%,60.00%,98.8
Blake Griffin,BKN,56,0.5,7.40%,0.79,0.4,0.1,0.1,57.00%,71.00%,32.10%,42.90%,0.00%,0.00%,46.00%,85.5
Spencer Dinwiddie,WAS,44,0.8,5.40%,0.65,0.5,0.1,0.3,36.00%,45.00%,20.60%,47.10%,5.90%,0.00%,32.00%,72.8
Bogdan Bogdanovic,ATL,63,0.5,3.70%,0.65,0.3,0,0.2,27.00%,32.00%,23.50%,44.10%,2.90%,0.00%,32.00%,72.8
Tyrese Haliburton,SAC,51,0.7,4.60%,0.65,0.4,0.1,0.2,33.00%,38.00%,20.60%,44.10%,8.80%,0.00%,32.00%,72.8
Cory Joseph,DET,65,0.5,6.60%,0.63,0.3,0.1,0.2,31.00%,34.00%,17.10%,37.10%,0.00%,0.00%,31.00%,66.8
Juan Toscano-Anderson,GSW,73,0.6,12.50%,0.52,0.3,0.1,0.1,62.00%,75.00%,16.70%,64.30%,0.00%,0.00%,29.00%,50.4
Aaron Gordon,DEN,75,0.8,5.80%,0.36,0.3,0,0.2,20%,27.00%,16.10%,59.70%,3.20%,0.00%,19.00%,21.4
Draymond Green,GSW,46,1.8,19.20%,0.26,0.5,0.1,0.2,56.00%,56.00%,9.50%,81.00%,3.60%,1.00%,14.00%,9.8
Klay Thompson,GSW,32,0.6,3.10%,1.05,0.7,0.2,0.4,50.00%,62.00%,25.00%,20.00%,5.00%,5.00%,50.00%,98.3
James Harden,PHI,21,1.1,5.50%,0.88,1,0.1,0.2,50.00%,50.00%,41.70%,41.70%,0.00%,0.00%,50.00%,93.6
Dalano Banton,TOR,64,0.5,12.00%,0.64,0.3,0.1,0.2,67.00%,75.00%,9.10%,54.50%,3.00%,0.00%,30.00%,69.3
Caris LeVert,IND,39,0.6,2.90%,0.91,0.5,0.1,0.3,45.00%,55.00%,27.30%,27.30%,9.10%,5.00%,45.00%,95.1
Cody Martin,CHA,71,0.3,4.50%,0.83,0.3,0.1,0.1,62.00%,69.00%,37.50%,33.30%,8.30%,4.00%,46.00%,91.6
Kelly Oubre Jr.,CHA,76,0.4,2.90%,0.65,0.3,0,0.1,27.00%,41.00%,19.40%,45.20%,6.50%,0.00%,29.00%,71.8
Delon Wright,ATL,77,0.4,9.00%,0.65,0.3,0.1,0.2,42.00%,46.00%,16.10%,45.20%,0.00%,0.00%,32.00%,71.8
Bones Hyland,DEN,69,0.4,4.40%,0.65,0.3,0.1,0.2,36.00%,41.00%,19.40%,45.20%,0.00%,0.00%,32.00%,71.8
Gordon Hayward,CHA,49,0.6,4.10%,0.65,0.4,0.1,0.2,33.00%,33.00%,25.80%,38.70%,9.70%,3.00%,35.00%,71.8
Derrick White,SAS,49,0.7,4.40%,0.63,0.4,0.1,0.1,67.00%,75.00%,18.80%,62.50%,3.10%,0.00%,31.00%,66.1
Jordan Clarkson,UTA,79,0.4,2.50%,0.61,0.3,0.1,0.2,33.00%,39.00%,12.10%,33.30%,0.00%,0.00%,30.00%,62.9
Will Barton,DEN,71,0.6,3.70%,0.5,0.3,0.1,0.1,50.00%,55.00%,15.00%,60.00%,0.00%,0.00%,28.00%,47.1
Eric Bledsoe,LAC,54,0.9,7.30%,0.44,0.4,0.1,0.3,28.00%,28.00%,17.40%,45.70%,4.30%,2.00%,26.00%,36.9
Deandre Ayton,PHX,58,0.8,5.70%,0.42,0.3,0.1,0.1,71.00%,71.00%,12.50%,72.90%,4.20%,0.00%,23.00%,31.6
Deni Avdija,WAS,82,0.3,3.90%,0.68,0.2,0,0.1,22.00%,22.00%,35.70%,32.10%,3.60%,0.00%,43.00%,78.1
Luke Kennard,LAC,70,0.4,3.90%,0.68,0.3,0.1,0.1,57.00%,57.00%,21.40%,53.60%,0.00%,0.00%,36.00%,78.1
Chris Duarte,IND,55,0.5,4.00%,0.63,0.3,0.1,0.3,47.00%,50.00%,3.30%,36.70%,3.30%,0.00%,30.00%,68.3
Andre Drummond,BKN,24,1.3,11.60%,0.61,0.8,0.2,0.2,80.00%,80.00%,25.80%,58.10%,0.00%,0.00%,39.00%,63.9
Andrew Wiggins,GSW,73,0.4,2.60%,0.59,0.3,0.1,0.2,33.00%,38.00%,18.80%,43.80%,0.00%,0.00%,31.00%,61.7
Jaden McDaniels,MIN,70,0.5,5.00%,0.58,0.3,0.1,0.1,40.00%,40.00%,21.20%,51.50%,3.00%,3.00%,30.00%,59.2
Brandon Clarke,MEM,64,0.5,6.40%,0.56,0.3,0.1,0.2,50.00%,50.00%,23.50%,47.10%,0.00%,0.00%,32.00%,55.3
Patty Mills,BKN,81,0.5,4.60%,0.46,0.2,0,0.1,36.00%,41.00%,17.10%,56.10%,4.90%,0.00%,27.00%,42.8
Hassan Whiteside,UTA,65,0.7,9.40%,0.44,0.3,0.1,0.1,83.00%,83.00%,23.30%,62.80%,2.30%,0.00%,30.00%,38.8
Cam Thomas,BKN,67,0.3,3.60%,0.82,0.3,0.1,0.2,64.00%,64.00%,18.20%,31.80%,0.00%,0.00%,45.00%,89.4
Tim Hardaway Jr.,DAL,42,0.5,3.80%,0.78,0.4,0,0.2,25.00%,31.00%,34.80%,30.40%,0.00%,0.00%,39.00%,85
Otto Porter Jr.,GSW,63,0.4,5.00%,0.75,0.3,0,0.1,60.00%,90.00%,20.80%,58.30%,4.20%,0.00%,33.00%,82.3
Georges Niang,PHI,76,0.4,5.10%,0.55,0.2,0,0.1,30.00%,35.00%,18.20%,51.50%,0.00%,0.00%,27.00%,53.6
R.J. Hampton,ORL,64,0.5,5.70%,0.53,0.3,0,0.2,30.00%,40.00%,17.60%,52.90%,2.90%,0.00%,26.00%,51.4
Grant Williams,BOS,77,0.5,6.50%,0.51,0.2,0,0.1,60.00%,60.00%,22.90%,65.70%,2.90%,3.00%,29.00%,49.4
Kristaps Porzingis,WAS,17,1.3,6.50%,0.77,1,0.1,0.4,33.00%,33.00%,31.80%,40.90%,4.50%,0.00%,41.00%,84
LaMarcus Aldridge,BKN,47,0.6,4.80%,0.65,0.4,0,0.1,33.00%,33.00%,30.80%,61.50%,7.70%,4.00%,31.00%,74
Chuma Okeke,ORL,70,0.4,4.10%,0.63,0.2,0.1,0.1,40.00%,45.00%,18.50%,44.40%,0.00%,0.00%,33.00%,67.3
Caleb Martin,MIA,60,0.5,5.50%,0.61,0.3,0.1,0.1,57.00%,71.00%,14.30%,60.70%,3.60%,0.00%,29.00%,63.1
Malcolm Brogdon,IND,36,0.8,4.20%,0.59,0.5,0.1,0.2,25.00%,31.00%,24.10%,48.30%,6.90%,0.00%,31.00%,60.9
Precious Achiuwa,TOR,73,0.5,4.40%,0.52,0.2,0.1,0.1,44.00%,50.00%,24.20%,48.50%,6.10%,0.00%,30.00%,49.6
Marcus Morris Sr.,LAC,54,0.6,4.20%,0.5,0.3,0.1,0.3,29.00%,29.00%,14.70%,35.30%,0.00%,0.00%,26.00%,47.1
Jae Crowder,PHX,67,0.6,6.10%,0.44,0.3,0,0.2,23.00%,27.00%,17.90%,48.70%,0.00%,0.00%,23.00%,37.3
Nemanja Bjelica,GSW,71,0.6,9.00%,0.41,0.2,0,0.1,75.00%,100.00%,14.30%,76.20%,4.80%,0.00%,21.00%,29.5
Dewayne Dedmon,MIA,67,0.9,14.20%,0.29,0.3,0,0.1,25.00%,38.00%,20.70%,72.40%,1.70%,0.00%,17.00%,14
Isaiah Hartenstein,LAC,68,0.9,11.50%,0.29,0.3,0.1,0.1,50.00%,50.00%,12.10%,74.10%,0.00%,0.00%,17.00%,14
Donte DiVincenzo,SAC,25,0.6,4.90%,1.14,0.6,0,0.1,50.00%,50.00%,57.10%,28.60%,0.00%,0.00%,64.00%,99
Norman Powell,POR,40,0.5,2.90%,0.8,0.4,0.1,0.2,43.00%,57.00%,25.00%,40.00%,10.00%,0.00%,40.00%,87.3
Taj Gibson,NYK,52,0.4,9.50%,0.76,0.3,0.1,0.1,50.00%,50.00%,28.60%,42.90%,4.80%,0.00%,43.00%,83.2
Shake Milton,PHI,55,0.4,4.40%,0.76,0.3,0.1,0.2,44.00%,61.00%,14.30%,42.90%,4.80%,0.00%,33.00%,83.2
Amir Coffey,LAC,69,0.3,3.90%,0.73,0.2,0,0.1,38.00%,38.00%,31.80%,36.40%,4.50%,5.00%,41.00%,81.2
Dillon Brooks,MEM,33,0.7,3.70%,0.7,0.5,0.1,0.3,30.00%,40.00%,17.40%,39.10%,4.30%,0.00%,30.00%,78.4
De'Andre Hunter,ATL,53,0.5,3.90%,0.57,0.3,0,0.1,29.00%,36.00%,32.10%,46.40%,10.70%,4.00%,36.00%,58.1
De'Anthony Melton,MEM,73,0.4,3.70%,0.5,0.2,0,0.1,17.00%,25.00%,25.00%,56.30%,0.00%,0.00%,28.00%,47.1
Duncan Robinson,MIA,79,0.5,4.60%,0.43,0.2,0,0.1,25.00%,31.00%,16.20%,62.20%,0.00%,0.00%,22.00%,36.6
Willy Hernangomez,NOP,50,0.8,8.70%,0.42,0.3,0.1,0.1,50.00%,50.00%,15.80%,68.40%,0.00%,0.00%,24.00%,33
Ricky Rubio,CLE,34,1.2,7.50%,0.39,0.5,0.1,0.5,24.00%,26.00%,17.10%,41.50%,2.40%,0.00%,24.00%,25.9
Gabe Vincent,MIA,68,0.6,6.50%,0.39,0.2,0,0.2,27.00%,36.00%,9.80%,63.40%,0.00%,0.00%,17.00%,25.9
Derrick Rose,NYK,26,0.4,3.10%,1.5,0.6,0.2,0.3,75.00%,81.00%,20.00%,10.00%,20.00%,10.00%,70.00%,100
Grayson Allen,MIL,66,0.3,2.80%,0.83,0.2,0.1,0.1,50.00%,50.00%,22.20%,33.30%,5.60%,0.00%,44.00%,91.6
Lance Stephenson,IND,40,0.5,4.40%,0.83,0.4,0.1,0.2,57.00%,64.00%,16.70%,44.40%,0.00%,0.00%,39.00%,91.6
Eric Gordon,HOU,57,0.5,3.80%,0.54,0.3,0.1,0.2,27.00%,32.00%,21.40%,39.30%,3.60%,0.00%,29.00%,52.3
Austin Reaves,LAL,61,0.5,6.90%,0.54,0.2,0,0.2,30.00%,30.00%,21.40%,42.90%,0.00%,0.00%,32.00%,52.3
OG Anunoby,TOR,48,0.6,3.40%,0.54,0.3,0,0.2,22.00%,22.00%,21.40%,46.40%,0.00%,0.00%,29.00%,52.3
Richaun Holmes,SAC,45,0.7,8.10%,0.47,0.3,0,0.1,50.00%,50.00%,21.90%,65.60%,6.30%,0.00%,28.00%,44
Davion Mitchell,SAC,75,0.4,3.30%,0.46,0.2,0,0.1,18.00%,18.00%,21.20%,45.50%,3.00%,0.00%,27.00%,41.3
Talen Horton-Tucker,LAL,60,0.6,5.50%,0.41,0.3,0.1,0.2,29.00%,32.00%,13.50%,48.60%,0.00%,0.00%,24.00%,29.8
Facundo Campazzo,DEN,65,0.7,11.10%,0.34,0.2,0,0.2,0.00%,0.00%,22.70%,40.90%,4.50%,0.00%,23.00%,20.4
Payton Pritchard,BOS,71,0.2,4.00%,0.82,0.2,0.1,0.1,50.00%,62.00%,11.80%,41.20%,0.00%,0.00%,35.00%,89.7
Jose Alvarado,NOP,54,0.3,5.00%,0.78,0.3,0.1,0.1,57.00%,57.00%,16.70%,44.40%,11.10%,0.00%,39.00%,84.5
Cody Zeller,POR,27,0.7,14.50%,0.74,0.5,0,0,100%,100%,36.80%,57.90%,0.00%,0.00%,42.00%,81.6
Brandon Williams,POR,24,0.8,5.20%,0.7,0.6,0,0.2,25.00%,38.00%,35.00%,45.00%,5.00%,0.00%,35.00%,78.8
Gary Harris,ORL,61,0.4,3.40%,0.64,0.2,0,0.2,30.00%,30.00%,18.20%,36.40%,0.00%,0.00%,32.00%,69.3
Kenyon Martin Jr.,HOU,79,0.4,4.60%,0.48,0.2,0,0.1,60.00%,60.00%,17.20%,65.50%,6.90%,0.00%,28.00%,45.2
Seth Curry,PHI,45,0.7,4.70%,0.47,0.3,0,0.2,29.00%,29.00%,16.70%,60.00%,0.00%,0.00%,23.00%,43.5
Nickeil Alexander-Walker,NOP,50,0.6,4.20%,0.44,0.3,0.1,0.2,25.00%,29.00%,12.50%,50.00%,6.30%,0.00%,22.00%,37.8
Keldon Johnson,SAS,75,0.5,2.80%,0.41,0.2,0,0.1,20.00%,20.00%,17.60%,52.90%,5.90%,0.00%,24.00%,30.7
Jaxson Hayes,NOP,70,0.6,8.10%,0.33,0.2,0,0.1,12.00%,12.00%,18.60%,62.80%,7.00%,0.00%,21.00%,19.4
Damian Jones,SAC,56,0.8,12.10%,0.3,0.3,0.1,0.2,36.00%,36.00%,13.00%,63.00%,0.00%,0.00%,17.00%,17
Trey Murphy III,NOP,62,0.2,3.50%,1.18,0.2,0.1,0.1,56.00%,72.00%,0.00%,18.20%,0.00%,0.00%,45.00%,99.5
Luka Garza,DET,32,0.6,9.50%,0.72,0.4,0.1,0.1,100%,100%,27.80%,55.60%,0.00%,0.00%,44.00%,80.6
Nassir Little,POR,42,0.5,5.10%,0.65,0.3,0.1,0.2,38.00%,44.00%,25.00%,40.00%,5.00%,5.00%,30.00%,73.6
CJ Elleby,POR,58,0.3,5.00%,0.65,0.2,0.1,0.1,38.00%,38.00%,20.00%,40.00%,5.00%,0.00%,35.00%,73.6
Josh Richardson,BOS,44,0.5,5.10%,0.62,0.3,0,0.1,33.00%,33.00%,23.80%,47.60%,4.80%,0.00%,33.00%,65
Avery Bradley,LAL,62,0.3,5.30%,0.62,0.2,0.1,0.1,62.00%,69.00%,4.80%,57.10%,0.00%,0.00%,29.00%,65
Frank Jackson,DET,53,0.4,3.90%,0.59,0.2,0.1,0.2,40.00%,45.00%,13.60%,40.90%,0.00%,0.00%,32.00%,61.4
CJ McCollum,POR,36,0.6,3.00%,0.57,0.4,0.1,0.4,38.00%,46.00%,8.70%,43.50%,8.70%,9.00%,22.00%,57.2
Oshae Brissett,IND,67,0.4,4.10%,0.5,0.2,0.1,0.2,36.00%,41.00%,15.40%,46.20%,7.70%,4.00%,23.00%,47.1
Coby White,CHI,61,0.5,3.70%,0.46,0.2,0,0.2,17.00%,21.00%,17.90%,39.30%,3.60%,0.00%,25.00%,43
Gary Payton II,GSW,71,0.4,7.10%,0.45,0.2,0.1,0.1,83.00%,83.00%,10.30%,69.00%,0.00%,0.00%,24.00%,40.1
Onyeka Okongwu,ATL,48,0.6,9.20%,0.45,0.3,0,0.1,33.00%,33.00%,24.10%,69.00%,3.40%,3.00%,24.00%,40.1
Lauri Markkanen,CLE,61,0.5,3.50%,0.45,0.2,0,0.1,14.00%,14.00%,24.10%,51.70%,0.00%,0.00%,28.00%,40.1
Xavier Tillman,MEM,53,0.5,10.30%,0.45,0.2,0,0.2,25.00%,25.00%,24.10%,48.30%,6.90%,0.00%,31.00%,40.1
Dwight Howard,LAL,60,0.6,10.00%,0.39,0.2,0,0,100%,100%,21.20%,72.70%,0.00%,0.00%,27.00%,26.4
Royce O'Neale,UTA,77,0.4,6.10%,0.39,0.2,0,0.1,38.00%,50.00%,9.10%,66.70%,3.00%,0.00%,18.00%,26.4
Drew Eubanks,SAS,50,0.7,13.70%,0.39,0.3,0,0,100%,100%,21.20%,75.80%,3.00%,0.00%,21.00%,26.4
Jalen Suggs,ORL,48,0.9,5.80%,0.3,0.3,0.1,0.3,25.00%,25.00%,9.10%,63.60%,4.50%,0.00%,16.00%,15
Kevon Looney,GSW,82,0.6,10.70%,0.25,0.2,0,0.1,20.00%,20.00%,13.20%,67.90%,1.90%,0.00%,13.00%,8.4
Mo Bamba,ORL,71,0.8,7.70%,0.23,0.2,0,0.1,33.00%,33.00%,8.90%,75.00%,1.80%,0.00%,12.00%,7.6
Seth Curry,BKN,19,0.5,4.10%,1.2,0.6,0.2,0.3,60.00%,80.00%,20.00%,30.00%,0.00%,0.00%,50.00%,99.8
Aaron Wiggins,OKC,50,0.3,3.50%,0.8,0.2,0,0.1,40.00%,50.00%,26.70%,46.70%,6.70%,7.00%,33.00%,87.3
Jeremy Lamb,IND,39,0.5,6.30%,0.67,0.3,0,0.2,11.00%,11.00%,33.30%,22.20%,11.10%,6.00%,33.00%,76.2
Ish Smith,CHA,37,0.5,8.30%,0.63,0.3,0.1,0.2,57.00%,64.00%,15.80%,52.60%,10.50%,5.00%,32.00%,68
Justin Holiday,IND,49,0.4,3.60%,0.63,0.2,0,0.1,40.00%,50.00%,21.10%,52.60%,0.00%,0.00%,32.00%,68
Cameron Johnson,PHX,66,0.3,2.90%,0.6,0.2,0,0.1,20.00%,20.00%,35.00%,45.00%,5.00%,5.00%,35.00%,62.2
Frank Ntilikina,DAL,58,0.4,8.00%,0.57,0.2,0,0.1,29.00%,36.00%,19.00%,47.60%,9.50%,0.00%,29.00%,58.1
Lonzo Ball,CHI,35,0.6,4.40%,0.57,0.3,0.1,0.2,57.00%,71.00%,4.80%,61.90%,0.00%,0.00%,24.00%,58.1
Domantas Sabonis,SAC,15,1.4,7.40%,0.57,0.8,0.1,0.3,50.00%,62.00%,19.00%,61.90%,0.00%,0.00%,29.00%,58.1
Ziaire Williams,MEM,62,0.4,4.50%,0.55,0.2,0,0.1,11.00%,17.00%,27.30%,31.80%,4.50%,0.00%,27.00%,53.6
Devin Vassell,SAS,71,0.4,2.90%,0.48,0.2,0,0.1,25.00%,31.00%,16.00%,52.00%,4.00%,0.00%,24.00%,44.7
Reggie Bullock,DAL,68,0.4,5.00%,0.44,0.2,0.1,0.1,44.00%,50.00%,7.40%,59.30%,0.00%,0.00%,22.00%,39.3
Isaiah Jackson,IND,36,0.8,9.40%,0.44,0.3,0.1,0.1,100%,100%,22.20%,74.10%,3.70%,4.00%,26.00%,39.3
Corey Kispert,WAS,77,0.4,4.80%,0.43,0.2,0,0.1,25.00%,31.00%,14.30%,57.10%,3.60%,0.00%,21.00%,35
Jordan McLaughlin,MIN,62,0.5,11.20%,0.41,0.2,0,0.2,25.00%,25.00%,17.20%,41.40%,0.00%,0.00%,28.00%,31
Zach Collins,SAS,28,1.1,13.50%,0.39,0.4,0,0,100%,100%,16.10%,80.60%,0.00%,0.00%,19.00%,25.1
Al Horford,BOS,69,0.5,5.50%,0.32,0.2,0,0.1,60.00%,70.00%,10.80%,75.70%,0.00%,0.00%,16.00%,19.2
Jonathan Kuminga,GSW,71,0.6,6.40%,0.3,0.2,0,0.2,25.00%,25.00%,12.50%,57.50%,7.50%,0.00%,20.00%,15.4
Jeff Green,DEN,75,0.5,5.90%,0.3,0.2,0,0.1,33.00%,33.00%,15.00%,72.50%,2.50%,2.00%,18.00%,15.4
Myles Turner,IND,42,1,8.40%,0.29,0.3,0,0.2,25.00%,25.00%,12.20%,68.30%,2.40%,0.00%,17.00%,13.5
Dorian Finney-Smith,DAL,80,0.5,5.10%,0.29,0.2,0,0.1,30.00%,35.00%,12.20%,63.40%,0.00%,0.00%,20.00%,13.5
Terence Davis,SAC,30,0.4,3.50%,1,0.4,0.1,0.2,57.00%,57.00%,18.20%,27.30%,9.10%,9.00%,45.00%,97.3
Bismack Biyombo,PHX,36,0.5,9.40%,0.58,0.3,0,0,100%,100%,47.40%,47.40%,0.00%,0.00%,42.00%,59.5
Terrence Ross,ORL,63,0.4,3.70%,0.44,0.2,0,0.2,20.00%,20.00%,16.00%,44.00%,0.00%,0.00%,24.00%,38.3
Obi Toppin,NYK,72,0.4,4.60%,0.41,0.2,0,0.1,50.00%,50.00%,14.80%,70.40%,0.00%,0.00%,22.00%,30.3
Tre Jones,SAS,69,0.4,6.40%,0.41,0.2,0,0.2,23.00%,23.00%,14.80%,37.00%,3.70%,0.00%,26.00%,30.3
Nicolas Batum,LAC,59,0.5,6.60%,0.38,0.2,0.1,0.1,50.00%,69.00%,0.00%,72.40%,0.00%,0.00%,14.00%,24.6
Kevin Huerter,ATL,74,0.4,3.40%,0.37,0.1,0,0.1,25.00%,25.00%,16.70%,56.70%,0.00%,0.00%,23.00%,23.8
DeMarcus Cousins,DEN,31,1.1,11.10%,0.31,0.4,0,0.1,33.00%,33.00%,14.30%,77.10%,0.00%,0.00%,17.00%,18.4
JaMychal Green,DEN,67,0.6,9.30%,0.28,0.2,0,0.1,50.00%,50.00%,10.00%,80.00%,2.50%,0.00%,15.00%,11.5
Mason Plumlee,CHA,73,0.8,11.60%,0.19,0.2,0,0.1,29.00%,29.00%,19.00%,70.70%,3.40%,2.00%,12.00%,5.2
David Nwaba,HOU,46,0.2,4.80%,0.91,0.2,0,0.1,50.00%,50.00%,36.40%,27.30%,18.20%,0.00%,55.00%,95.1
Josh Okogie,MIN,49,0.2,8.10%,0.83,0.2,0,0,100%,100%,41.70%,50.00%,8.30%,0.00%,42.00%,91.6
Josh Hart,POR,13,0.9,5.10%,0.83,0.8,0.2,0.2,100%,117.00%,16.70%,58.30%,16.70%,0.00%,42.00%,91.6
Nerlens Noel,NYK,25,0.6,17.40%,0.63,0.4,0,0.1,50.00%,50.00%,37.50%,50.00%,0.00%,0.00%,38.00%,66.1
Lonnie Walker IV,SAS,70,0.2,1.90%,0.59,0.1,0,0.1,20.00%,20.00%,17.60%,23.50%,0.00%,0.00%,29.00%,61.2
Pat Connaughton,MIL,65,0.3,3.30%,0.56,0.2,0,0.1,20.00%,30.00%,22.20%,50.00%,0.00%,0.00%,28.00%,54.7
Joe Ingles,UTA,45,0.4,5.30%,0.56,0.2,0,0.1,40.00%,60.00%,11.10%,61.10%,0.00%,0.00%,22.00%,54.7
Jerami Grant,DET,47,0.4,2.10%,0.53,0.2,0,0.1,25.00%,25.00%,31.60%,47.40%,5.30%,0.00%,32.00%,50.7
Olivier Sarr,OKC,22,0.9,14.00%,0.53,0.5,0,0.1,50.00%,50.00%,26.30%,63.20%,0.00%,0.00%,32.00%,50.7
George Hill,MIL,54,0.4,5.90%,0.5,0.2,0,0.1,17.00%,17.00%,25.00%,45.00%,5.00%,0.00%,25.00%,47.1
Jaylen Nowell,MIN,62,0.3,4.30%,0.48,0.2,0,0.1,29.00%,29.00%,23.80%,42.90%,0.00%,0.00%,29.00%,44.2
Isaac Okoro,CLE,67,0.3,3.90%,0.46,0.1,0,0.1,29.00%,29.00%,18.20%,50.00%,0.00%,0.00%,27.00%,41.3
Tre Mann,OKC,60,0.4,3.30%,0.44,0.2,0,0.2,8.00%,12.00%,17.40%,30.40%,0.00%,0.00%,22.00%,36.9
CJ McCollum,NOP,26,0.9,4.00%,0.42,0.4,0,0.3,12.00%,19.00%,16.70%,50.00%,4.20%,0.00%,21.00%,31.6
Jock Landale,SAS,54,0.4,9.50%,0.42,0.2,0,0.1,33.00%,33.00%,20.80%,66.70%,4.20%,0.00%,25.00%,31.6
Rudy Gay,UTA,55,0.5,5.40%,0.4,0.2,0.1,0.1,43.00%,43.00%,12.00%,60.00%,8.00%,0.00%,20.00%,27.6
Nic Claxton,BKN,47,0.6,8.70%,0.33,0.2,0,0.1,25.00%,25.00%,16.70%,70.00%,6.70%,0.00%,20.00%,19.8
Maxi Kleber,DAL,59,0.6,7.60%,0.3,0.2,0,0.1,0.00%,0.00%,24.20%,66.70%,0.00%,0.00%,21.00%,16.7
Montrezl Harrell,WAS,46,0.7,6.50%,0.29,0.2,0,0.1,17.00%,25.00%,20.60%,61.80%,0.00%,0.00%,18.00%,14.5
P.J. Washington,CHA,65,0.6,5.70%,0.27,0.2,0,0.2,30.00%,30.00%,8.10%,64.90%,0.00%,0.00%,16.00%,10.1
Tomas Satoransky,WAS,22,0.5,8.50%,0.9,0.4,0.1,0.2,40.00%,40.00%,30.00%,20.00%,10.00%,0.00%,50.00%,94.6
Lamar Stevens,CLE,63,0.2,3.60%,0.64,0.1,0,0,100%,100%,28.60%,57.10%,0.00%,0.00%,43.00%,70.9
Josh Richardson,SAS,21,0.7,6.10%,0.64,0.4,0,0.1,0.00%,0.00%,35.70%,42.90%,0.00%,0.00%,36.00%,70.9
Cam Reddish,ATL,34,0.5,3.80%,0.56,0.3,0,0.2,14.00%,21.00%,18.80%,37.50%,0.00%,0.00%,25.00%,56.7
Chimezie Metu,SAC,61,0.3,2.90%,0.56,0.1,0,0.1,25.00%,25.00%,31.30%,43.80%,6.30%,0.00%,31.00%,56.7
Kemba Walker,NYK,37,0.5,3.80%,0.53,0.2,0.1,0.1,40.00%,50.00%,17.60%,52.90%,5.90%,0.00%,29.00%,51.4
Matisse Thybulle,PHI,66,0.3,4.80%,0.53,0.1,0,0.1,40.00%,50.00%,11.80%,58.80%,0.00%,0.00%,24.00%,51.4
Trent Forrest,UTA,60,0.3,8.00%,0.5,0.2,0.1,0.1,50.00%,50.00%,11.10%,55.60%,0.00%,0.00%,28.00%,47.1
Markelle Fultz,ORL,18,1,7.90%,0.5,0.5,0.2,0.4,38.00%,38.00%,11.10%,50.00%,5.60%,6.00%,22.00%,47.1
Duane Washington Jr.,IND,48,0.4,4.10%,0.43,0.2,0.1,0.2,30.00%,35.00%,4.80%,47.60%,0.00%,0.00%,19.00%,35
Jordan Nwora,MIL,62,0.3,3.90%,0.43,0.1,0,0.1,22.00%,28.00%,9.50%,47.60%,0.00%,0.00%,19.00%,35
Darius Bazley,OKC,69,0.4,3.60%,0.31,0.1,0,0.1,43.00%,43.00%,10.30%,65.50%,6.90%,0.00%,21.00%,17.7
Evan Fournier,NYK,80,0.4,2.60%,0.31,0.1,0,0.1,29.00%,36.00%,10.30%,65.50%,3.40%,0.00%,17.00%,17.7
Trendon Watford,POR,48,0.6,8.50%,0.3,0.2,0,0.1,20.00%,20.00%,13.30%,70.00%,3.30%,0.00%,17.00%,15.4
Robert Covington,POR,48,0.7,7.80%,0.28,0.2,0,0.1,25.00%,25.00%,12.50%,75.00%,0.00%,0.00%,16.00%,12.6
Danny Green,PHI,62,0.5,8.60%,0.28,0.1,0,0.2,18.00%,23.00%,6.30%,59.40%,0.00%,0.00%,12.00%,12.6
Killian Hayes,DET,66,0.5,5.50%,0.27,0.1,0,0.1,33.00%,33.00%,12.10%,60.60%,3.00%,0.00%,18.00%,10.4
Josh Giddey,OKC,54,0.9,5.40%,0.19,0.2,0.1,0.2,23.00%,23.00%,6.40%,66.00%,2.10%,0.00%,13.00%,5.7
Naji Marshall,NOP,55,0.2,2.80%,0.8,0.1,0,0.1,33.00%,33.00%,40.00%,30.00%,30.00%,0.00%,40.00%,87.3
Eric Paschall,UTA,58,0.2,3.40%,0.8,0.1,0,0,0.00%,0.00%,40.00%,40.00%,10.00%,0.00%,40.00%,87.3
Aaron Holiday,PHX,22,0.5,6.60%,0.73,0.4,0.1,0.1,100%,100%,27.30%,63.60%,9.10%,9.00%,36.00%,81.2
Donte DiVincenzo,MIL,17,0.8,8.80%,0.57,0.5,0.1,0.2,50.00%,50.00%,21.40%,50.00%,0.00%,0.00%,36.00%,58.1
Aaron Holiday,WAS,41,0.4,5.60%,0.53,0.2,0,0.1,67.00%,83.00%,13.30%,66.70%,0.00%,0.00%,27.00%,51.8
Jalen Smith,PHX,29,0.6,9.90%,0.44,0.3,0.1,0.2,40.00%,40.00%,16.70%,55.60%,0.00%,0.00%,22.00%,39.3
Taurean Prince,MIN,69,0.3,4.00%,0.42,0.1,0,0.1,29.00%,29.00%,15.80%,52.60%,5.30%,5.00%,21.00%,33
Landry Shamet,PHX,69,0.3,3.40%,0.42,0.1,0,0.1,0.00%,0.00%,31.60%,36.80%,0.00%,0.00%,32.00%,33
Max Strus,MIA,68,0.3,3.00%,0.42,0.1,0,0.1,14.00%,21.00%,15.80%,47.40%,0.00%,0.00%,21.00%,33
John Konchar,MEM,72,0.3,6.40%,0.4,0.1,0,0.1,38.00%,38.00%,15.00%,45.00%,5.00%,0.00%,20.00%,27.6
Khem Birch,TOR,55,0.4,7.70%,0.4,0.1,0,0,0.00%,0.00%,30.00%,65.00%,0.00%,0.00%,30.00%,27.6
Serge Ibaka,LAC,35,0.6,8.40%,0.4,0.2,0.1,0.2,57.00%,57.00%,0.00%,65.00%,0.00%,0.00%,20.00%,27.6
Andre Iguodala,GSW,31,0.7,13.30%,0.38,0.3,0,0.2,20.00%,20.00%,19.00%,57.10%,0.00%,0.00%,24.00%,24.8
Omer Yurtseven,MIA,56,0.5,9.20%,0.28,0.1,0,0.1,67.00%,67.00%,10.30%,79.30%,0.00%,0.00%,17.00%,11.9
James Johnson,BKN,62,0.5,7.70%,0.28,0.1,0,0.1,43.00%,43.00%,10.30%,65.50%,3.40%,0.00%,17.00%,11.9
Alex Caruso,CHI,41,0.7,8.40%,0.28,0.2,0,0.1,33.00%,33.00%,13.80%,75.90%,0.00%,0.00%,14.00%,11.9
Robert Williams III,BOS,61,0.7,8.90%,0.19,0.1,0,0,100%,100%,11.90%,85.70%,0.00%,0.00%,10.00%,5.4
Malachi Flynn,TOR,44,0.2,4.90%,0.7,0.2,0,0.2,29.00%,29.00%,20.00%,10.00%,0.00%,0.00%,40.00%,78.8
Brandon Boston Jr.,LAC,51,0.2,3.10%,0.58,0.1,0,0.2,12.00%,19.00%,16.70%,16.70%,0.00%,0.00%,25.00%,60.3
Daniel Theis,BOS,21,0.6,8.60%,0.58,0.3,0.1,0.1,67.00%,83.00%,8.30%,66.70%,0.00%,0.00%,25.00%,60.3
Davis Bertans,WAS,34,0.4,6.20%,0.58,0.2,0,0.1,0.00%,0.00%,33.30%,25.00%,0.00%,0.00%,33.00%,60.3
Keifer Sykes,IND,32,0.4,5.30%,0.58,0.2,0.1,0.1,67.00%,67.00%,16.70%,58.30%,0.00%,0.00%,33.00%,60.3
Troy Brown Jr.,CHI,66,0.2,4.80%,0.5,0.1,0,0.1,50.00%,50.00%,7.10%,50.00%,0.00%,0.00%,29.00%,47.1
Josh Jackson,DET,39,0.4,4.80%,0.47,0.2,0.1,0.1,50.00%,50.00%,13.30%,60.00%,0.00%,0.00%,27.00%,43.5
T.J. McConnell,IND,27,0.6,6.10%,0.47,0.3,0.1,0.2,33.00%,33.00%,13.30%,46.70%,0.00%,0.00%,27.00%,43.5
Stanley Johnson,LAL,48,0.3,5.00%,0.44,0.1,0,0.1,33.00%,42.00%,12.50%,50.00%,6.30%,0.00%,19.00%,37.8
Larry Nance Jr.,POR,37,0.5,7.30%,0.39,0.2,0,0.1,0.00%,0.00%,27.80%,61.10%,0.00%,0.00%,22.00%,25.3
Keita Bates-Diop,SAS,59,0.3,6.00%,0.35,0.1,0,0.1,33.00%,33.00%,15.00%,70.00%,0.00%,0.00%,20.00%,20.7
Ish Smith,WAS,28,0.7,6.90%,0.35,0.3,0.1,0.3,33.00%,39.00%,0.00%,55.00%,0.00%,0.00%,15.00%,20.7
Tyrese Haliburton,IND,26,0.8,4.80%,0.33,0.3,0,0.3,12.00%,12.00%,14.30%,47.60%,9.50%,0.00%,19.00%,19.8
Robin Lopez,ORL,37,0.6,8.20%,0.32,0.2,0,0.1,33.00%,33.00%,13.60%,72.70%,0.00%,0.00%,18.00%,18.7
Bruce Brown,BKN,72,0.3,3.70%,0.3,0.1,0,0.1,25.00%,25.00%,8.70%,56.50%,0.00%,0.00%,17.00%,17
Andre Drummond,PHI,49,1,13.60%,0.15,0.1,0,0.1,0.00%,0.00%,10.40%,79.20%,2.10%,0.00%,10.00%,3.9
Theo Maledon,OKC,51,0.2,2.60%,0.55,0.1,0,0,100%,100%,9.10%,72.70%,0.00%,0.00%,27.00%,53.6
Robert Covington,LAC,23,0.5,6.30%,0.5,0.3,0,0.1,0.00%,0.00%,33.30%,41.70%,0.00%,0.00%,33.00%,47.1
Jalen Smith,IND,22,0.6,5.50%,0.43,0.3,0,0,0.00%,0.00%,28.60%,64.30%,0.00%,0.00%,29.00%,35
Doug McDermott,SAS,51,0.3,2.70%,0.43,0.1,0,0.1,33.00%,42.00%,7.10%,50.00%,0.00%,0.00%,21.00%,35
Lou Williams,ATL,56,0.3,3.50%,0.43,0.1,0,0.1,25.00%,25.00%,14.30%,57.10%,0.00%,0.00%,21.00%,35
D.J. Augustin,HOU,34,0.4,7.20%,0.43,0.2,0,0.1,0.00%,0.00%,21.40%,64.30%,7.10%,0.00%,21.00%,35
Thomas Bryant,WAS,27,0.5,7.60%,0.43,0.2,0.1,0.1,50.00%,50.00%,7.10%,64.30%,0.00%,0.00%,21.00%,35
Torrey Craig,IND,51,0.3,5.10%,0.35,0.1,0,0.1,25.00%,25.00%,11.80%,64.70%,0.00%,0.00%,18.00%,21.1
Daniel Theis,HOU,26,0.8,8.80%,0.3,0.2,0,0.1,0.00%,0.00%,20.00%,65.00%,0.00%,0.00%,20.00%,15.4
Garrett Temple,NOP,59,0.4,6.20%,0.27,0.1,0,0.1,40.00%,40.00%,9.10%,68.20%,0.00%,0.00%,18.00%,10.4
Trey Lyles,DET,51,0.5,4.90%,0.24,0.1,0,0.2,0.00%,0.00%,16.00%,52.00%,0.00%,0.00%,16.00%,8.1
Goga Bitadze,IND,50,0.6,8.60%,0.21,0.1,0,0.1,33.00%,33.00%,13.80%,79.30%,6.90%,3.00%,14.00%,6.4
Isaiah Stewart,DET,71,0.8,9.10%,0.11,0.1,0,0.1,20.00%,20.00%,3.60%,87.50%,0.00%,0.00%,5.00%,2.7
Isaiah Joe,PHI,55,0.2,5.40%,0.46,0.1,0,0.1,20.00%,30.00%,9.10%,45.50%,9.10%,0.00%,18.00%,41.3
Daishen Nix,HOU,24,0.5,10.40%,0.46,0.2,0.1,0.2,40.00%,40.00%,18.20%,45.50%,18.20%,9.00%,27.00%,41.3
Brook Lopez,MIL,13,0.8,7.20%,0.46,0.4,0.1,0.3,25.00%,25.00%,18.20%,45.50%,0.00%,0.00%,27.00%,41.3
Michael Porter Jr.,DEN,9,1.2,9.30%,0.46,0.6,0.2,0.7,33.00%,33.00%,9.10%,36.40%,0.00%,0.00%,27.00%,41.3
Montrezl Harrell,CHA,25,0.5,5.20%,0.42,0.2,0,0.1,0.00%,0.00%,25.00%,58.30%,8.30%,0.00%,25.00%,31.6
Terry Taylor,IND,33,0.4,4.50%,0.42,0.2,0,0.1,50.00%,50.00%,25.00%,66.70%,8.30%,8.00%,25.00%,31.6
Dean Wade,CLE,51,0.3,5.80%,0.36,0.1,0,0.1,0.00%,0.00%,21.40%,57.10%,0.00%,0.00%,21.00%,21.8
Tristan Thompson,SAC,30,0.5,6.80%,0.36,0.2,0,0.1,33.00%,33.00%,35.70%,42.90%,7.10%,0.00%,29.00%,21.8
Elfrid Payton,PHX,51,0.3,5.90%,0.36,0.1,0,0.1,50.00%,50.00%,14.30%,57.10%,0.00%,0.00%,21.00%,21.8
Jeremiah Robinson-Earl,OKC,49,0.3,3.60%,0.36,0.1,0,0.1,67.00%,83.00%,0.00%,78.60%,0.00%,0.00%,14.00%,21.8
Josh Green,DAL,67,0.2,5.00%,0.31,0.1,0,0,33.00%,33.00%,18.80%,62.50%,0.00%,0.00%,19.00%,18.2
Derrick White,BOS,26,0.7,5.80%,0.29,0.2,0,0.2,20.00%,20.00%,17.60%,58.80%,5.90%,6.00%,18.00%,14.5
Dennis Smith Jr.,POR,37,0.5,7.60%,0.25,0.1,0,0.1,0.00%,0.00%,15.00%,75.00%,0.00%,0.00%,15.00%,8.7
Furkan Korkmaz,PHI,67,0.3,3.90%,0.23,0.1,0,0.1,17.00%,17.00%,13.60%,59.10%,4.50%,0.00%,18.00%,7.4
Alex Len,SAC,39,0.6,9.70%,0.21,0.1,0,0,0.00%,0.00%,20.80%,79.20%,0.00%,0.00%,17.00%,6.6
Wenyen Gabriel,LAL,19,0.5,7.90%,0.4,0.2,0.1,0.1,100%,100%,20.00%,70.00%,0.00%,0.00%,20.00%,27.6
Killian Tillie,MEM,36,0.3,6.90%,0.4,0.1,0,0.1,25.00%,25.00%,20.00%,40.00%,0.00%,0.00%,30.00%,27.6
Markieff Morris,MIA,17,0.6,7.20%,0.4,0.2,0.1,0.2,67.00%,67.00%,0.00%,70.00%,0.00%,0.00%,20.00%,27.6
Moses Moody,GSW,52,0.2,4.80%,0.4,0.1,0,0.1,25.00%,25.00%,10.00%,50.00%,0.00%,0.00%,20.00%,27.6
Mike Muscala,OKC,43,0.2,3.50%,0.4,0.1,0,0,0.00%,0.00%,30.00%,60.00%,0.00%,0.00%,20.00%,27.6
Maurice Harkless,SAC,47,0.2,4.90%,0.36,0.1,0,0.1,67.00%,67.00%,0.00%,72.70%,0.00%,0.00%,18.00%,23
Marvin Bagley III,SAC,30,0.4,3.90%,0.36,0.1,0,0.1,50.00%,50.00%,18.20%,63.60%,0.00%,0.00%,27.00%,23
Saben Lee,DET,37,0.3,4.50%,0.36,0.1,0.1,0.1,40.00%,40.00%,0.00%,54.50%,0.00%,0.00%,18.00%,23
Rui Hachimura,WAS,42,0.3,2.50%,0.36,0.1,0,0,100%,100%,9.10%,72.70%,9.10%,0.00%,18.00%,23
DeAndre' Bembry,BKN,48,0.3,4.60%,0.33,0.1,0,0.1,50.00%,50.00%,8.30%,58.30%,0.00%,0.00%,17.00%,19.8
Derrick Jones Jr.,CHI,51,0.3,5.50%,0.29,0.1,0,0,0.00%,0.00%,21.40%,71.40%,7.10%,0.00%,21.00%,13.1
DeAndre Jordan,LAL,32,0.4,11.40%,0.29,0.1,0.1,0.1,67.00%,67.00%,0.00%,78.60%,0.00%,0.00%,14.00%,13.1
Tristan Thompson,CHI,23,0.7,12.40%,0.25,0.2,0,0.1,0.00%,0.00%,25.00%,62.50%,0.00%,0.00%,25.00%,8.7
Justise Winslow,LAC,37,0.5,8.60%,0.24,0.1,0,0.1,20.00%,20.00%,11.80%,58.80%,5.90%,0.00%,12.00%,7.9
Joshua Primo,SAS,50,0.4,5.10%,0.22,0.1,0,0.1,0.00%,0.00%,16.70%,61.10%,0.00%,0.00%,17.00%,6.9
Greg Brown III,POR,48,0.4,7.10%,0.22,0.1,0,0,0.00%,0.00%,11.10%,83.30%,5.60%,0.00%,11.00%,6.9
Kenrich Williams,OKC,49,0.5,6.40%,0.16,0.1,0,0.2,11.00%,11.00%,8.00%,56.00%,0.00%,0.00%,8.00%,4.2
Marvin Bagley III,DET,18,0.6,4.10%,0.3,0.2,0.1,0.1,100%,100%,10.00%,80.00%,0.00%,0.00%,20.00%,15.4
Danuel House Jr.,UTA,25,0.4,6.50%,0.3,0.1,0,0,0.00%,0.00%,30.00%,60.00%,0.00%,0.00%,20.00%,15.4
Rajon Rondo,CLE,21,0.5,7.40%,0.27,0.1,0,0.1,0.00%,0.00%,18.20%,63.60%,0.00%,0.00%,18.00%,10.4
Enes Freedom,BOS,35,0.3,8.50%,0.27,0.1,0,0,100%,100%,9.10%,81.80%,0.00%,0.00%,18.00%,10.4
Aaron Nesmith,BOS,52,0.2,5.00%,0.27,0.1,0,0,100%,100%,9.10%,90.90%,9.10%,9.00%,9.00%,10.4
Kessler Edwards,BKN,49,0.2,3.80%,0.25,0.1,0,0.1,33.00%,50.00%,0.00%,75.00%,0.00%,0.00%,8.00%,8.7
Drew Eubanks,POR,22,1,7.70%,0.14,0.1,0,0,0.00%,0.00%,9.50%,85.70%,4.80%,0.00%,10.00%,3.4
Kent Bazemore,LAL,39,0.3,5.90%,0.2,0.1,0,0.1,0.00%,0.00%,10.00%,50.00%,0.00%,0.00%,10.00%,5.9
Anthony Gill,WAS,44,0.2,6.60%,0.2,0,0,0,50.00%,50.00%,0.00%,80.00%,0.00%,0.00%,10.00%,5.9
Zeke Nnaji,DEN,41,0.3,4.60%,0.18,0,0,0,100%,100%,0.00%,90.90%,0.00%,0.00%,9.00%,4.9
Rajon Rondo,LAL,18,0.7,11.30%,0.17,0.1,0.1,0.1,100%,100%,0.00%,91.70%,0.00%,0.00%,8.00%,4.4
Austin Rivers,DEN,67,0.2,3.30%,0.14,0,0,0,0.00%,0.00%,14.30%,71.40%,0.00%,0.00%,7.00%,3.4
Dennis Schroder,HOU,15,1,7.70%,0.13,0.1,0,0.2,0.00%,0.00%,6.70%,73.30%,6.70%,0.00%,7.00%,3.2
Marquese Chriss,DAL,34,0.5,9.60%,0.13,0.1,0,0.1,0.00%,0.00%,12.50%,62.50%,0.00%,0.00%,6.00%,2.9
Day'Ron Sharpe,BKN,32,0.7,10.60%,0.1,0.1,0,0.1,50.00%,50.00%,23.80%,71.40%,9.50%,5.00%,5.00%,1.7
Tony Bradley,CHI,52,0.4,13.10%,0,0,0,0,0.00%,0.00%,0.00%,95.00%,0.00%,0.00%,0.00%,0
Brandon Goodwin,CLE,36,0.6,10.40%,0.1,0.1,0,0.2,0.00%,0.00%,14.30%,47.60%,0.00%,0.00%,10.00%,1.7
Aleksej Pokusevski,OKC,61,0.4,4.20%,0.08,0,0,0.1,25.00%,25.00%,4.20%,79.20%,0.00%,0.00%,4.00%,1.5
Ty Jerome,OKC,48,0.2,2.60%,0.1,0,0,0.1,0.00%,0.00%,20.00%,50.00%,0.00%,0.00%,10.00%,2.2
Udoka Azubuike,UTA,17,0.6,15.40%,0.1,0.1,0,0,0.00%,0.00%,10.00%,90.00%,0.00%,0.00%,10.00%,2.2
Rodney McGruder,DET,51,0.2,3.80%,0,0,0,0.1,0.00%,0.00%,0.00%,40.00%,0.00%,0.00%,0.00%,0
DeAndre Jordan,PHI,16,0.8,15.60%,0,0,0,0.1,0.00%,0.00%,0.00%,91.70%,0.00%,0.00%,0.00%,0
Admiral Schofield,ORL,38,0.3,8.50%,0,0,0,0.1,0.00%,0.00%,0.00%,84.60%,0.00%,0.00%,0.00%,0
Kira Lewis Jr.,NOP,24,0.6,8.00%,0,0,0,0.2,0.00%,0.00%,0.00%,71.40%,0.00%,0.00%,0.00%,0
Jericho Sims,NYK,41,0.3,16.10%,0,0,0,0,0.00%,0.00%,14.30%,78.60%,0.00%,0.00%,0.00%,0
Jevon Carter,BKN,46,0.4,8.40%,0,0,0,0.1,0.00%,0.00%,0.00%,70.60%,0.00%,0.00%,0.00%,0