PLAYER,TEAM,GP,pnr_roller_POSS,pnr_roller_FREQ,pnr_roller_PPP,pnr_roller_PTS,pnr_roller_FGM,pnr_roller_FGA,pnr_roller_FG%,pnr_roller_EFG%,pnr_roller_FTFREQ,pnr_roller_TOVFREQ,pnr_roller_SFFREQ,pnr_roller_AND ONEFREQ,pnr_roller_SCOREFREQ,pnr_roller_PERCENTILE
Nikola Vucevic,CHI,73,6.6,35.80%,0.94,6.2,2.6,6,44.20%,49.90%,2.70%,7.30%,2.70%,1.00%,41.90%,24.9
Joel Embiid,PHI,68,4.6,16.60%,1.24,5.8,1.9,3.4,56.40%,61.50%,23.10%,7.00%,22.80%,4.70%,60.10%,70.4
Nikola Jokic,DEN,74,4,16.90%,1.07,4.3,1.8,3.5,50.00%,54.80%,8.70%,7.00%,8.00%,3.30%,48.80%,44.4
Deandre Ayton,PHX,58,4.4,29.80%,1.25,5.4,2.4,3.7,64.80%,65.50%,11.50%,7.50%,11.50%,3.20%,62.80%,71.6
Rudy Gobert,UTA,66,3.4,27.10%,1.32,4.5,1.7,2.3,71.40%,71.40%,25.30%,8.40%,23.60%,2.20%,69.30%,82.1
Jakob Poeltl,SAS,68,3.7,29.70%,1.16,4.3,2,3.3,60.80%,60.80%,12.60%,5.50%,12.60%,5.50%,58.30%,60.7
Jonas Valanciunas,NOP,74,3.4,20.00%,1.1,3.7,1.5,2.9,52.30%,57.90%,6.00%,8.40%,6.00%,1.20%,49.80%,48.6
Clint Capela,ATL,74,2.6,26.30%,1.37,3.5,1.6,2.3,71.90%,71.90%,13.20%,1.60%,13.70%,3.20%,70.00%,86.8
Jusuf Nurkic,POR,56,3.8,24.80%,1.19,4.5,1.8,2.9,62.70%,63.70%,20.60%,10.30%,20.60%,6.50%,59.80%,65.8
Karl-Anthony Towns,MIN,74,2.8,12.50%,1.2,3.3,1.2,2.2,54.60%,62.60%,14.70%,8.30%,14.70%,2.90%,54.90%,67.7
Christian Wood,HOU,68,2.9,16.90%,1.2,3.4,1.3,2.4,53.70%,64.20%,12.80%,7.20%,12.80%,3.60%,52.30%,66.9
LaMarcus Aldridge,BKN,47,4.1,35.80%,1.2,5,2.2,3.7,59.20%,60.60%,6.70%,5.20%,6.70%,1.50%,58.20%,68.1
Domantas Sabonis,IND,47,3.7,20.60%,1.33,4.9,1.9,3,64.70%,70.10%,15.10%,9.30%,15.10%,5.80%,61.60%,82.9
Dwight Powell,DAL,82,2,28.90%,1.42,2.8,1.1,1.5,71.20%,72.40%,21.30%,6.30%,21.30%,6.30%,69.40%,92.6
Wendell Carter Jr.,ORL,62,3.4,23.30%,1.06,3.6,1.5,2.9,50.30%,55.90%,8.20%,7.20%,8.20%,1.40%,49.50%,44
JaVale McGee,PHX,74,2.1,24.80%,1.4,2.9,1.2,1.7,73.00%,73.00%,19.00%,5.20%,18.30%,6.50%,71.20%,89.5
John Collins,ATL,54,2.7,18.60%,1.44,3.9,1.5,2.2,67.80%,72.70%,15.90%,5.50%,15.20%,4.80%,66.90%,94.6
Daniel Gafford,WAS,72,2.1,28.30%,1.32,2.8,1.2,1.9,65.90%,65.90%,11.90%,2.60%,11.90%,4.00%,66.20%,82.5
Anthony Davis,LAL,40,4.5,20.50%,1.06,4.8,2,3.9,52.60%,52.90%,11.20%,5.60%,10.10%,3.90%,53.10%,43.6
Jarrett Allen,CLE,56,2.6,19.40%,1.28,3.3,1.3,1.9,70.10%,70.10%,20.70%,11.70%,20.70%,6.20%,65.50%,78.5
Bam Adebayo,MIA,56,2.9,16.20%,1.12,3.3,1.3,2.4,54.90%,54.90%,17.00%,5.50%,16.40%,3.00%,57.60%,52.5
Naz Reid,MIN,77,2,25.00%,1.15,2.3,0.8,1.7,50.80%,57.00%,14.10%,6.40%,14.10%,2.60%,53.20%,59.1
Julius Randle,NYK,72,2.3,10.20%,0.99,2.3,0.9,2.1,43.30%,50.70%,6.50%,7.10%,6.50%,2.40%,42.60%,30
Giannis Antetokounmpo,MIL,67,1.8,6.80%,1.34,2.5,0.9,1.4,64.50%,66.70%,25.20%,4.90%,24.40%,5.70%,67.50%,85.2
Ivica Zubac,LAC,76,1.9,20.80%,1.11,2.2,0.8,1.4,58.30%,58.30%,20.30%,9.50%,19.60%,2.70%,58.10%,51.4
Damian Jones,SAC,56,2.1,31.20%,1.37,2.9,1.2,1.7,70.20%,71.80%,21.80%,7.60%,20.20%,8.40%,67.20%,87.2
Isaiah Hartenstein,LAC,68,1.9,24.90%,1.26,2.3,0.9,1.5,64.60%,66.70%,17.50%,8.70%,16.70%,4.80%,62.70%,75.9
Evan Mobley,CLE,69,2.4,15.40%,0.93,2.2,0.9,1.9,47.40%,50.00%,11.50%,9.70%,10.30%,1.80%,46.10%,22.6
Bobby Portis,MIL,72,1.9,13.40%,1.1,2.1,0.8,1.7,46.30%,57.70%,3.70%,7.40%,3.70%,1.50%,44.10%,48.2
Richaun Holmes,SAC,45,2.6,29.60%,1.27,3.3,1.4,2.2,65.70%,65.70%,13.70%,8.50%,13.70%,6.80%,62.40%,76.3
Kevin Love,CLE,74,1.5,12.10%,1.27,2,0.6,1.4,45.70%,61.90%,6.10%,1.80%,6.10%,0.00%,48.20%,77
Brandon Clarke,MEM,64,1.6,19.10%,1.41,2.3,1,1.4,72.40%,72.40%,18.60%,2.00%,17.60%,6.90%,72.50%,91.4
Trey Lyles,DET,51,2.4,24.30%,1.12,2.7,0.8,2,43.00%,53.00%,19.40%,4.00%,18.50%,4.00%,49.20%,54.5
Mike Muscala,OKC,43,2.1,32.20%,1.48,3.2,1,2,53.60%,72.00%,12.00%,2.20%,12.00%,5.40%,55.40%,96.5
Mitchell Robinson,NYK,72,1.3,19.80%,1.42,1.9,0.8,1.1,72.80%,72.80%,14.60%,3.10%,14.60%,2.10%,72.90%,92.2
Montrezl Harrell,WAS,46,2.3,20.10%,1.26,2.9,1.1,1.7,64.60%,64.60%,19.00%,8.60%,20.00%,3.80%,63.80%,75.5
Hassan Whiteside,UTA,65,1.4,20.50%,1.39,2,0.8,1.2,70.10%,70.10%,21.30%,3.20%,21.30%,6.40%,70.20%,89.1
Willy Hernangomez,NOP,50,2,22.80%,1.31,2.6,0.9,1.5,61.80%,63.80%,25.00%,6.00%,25.00%,7.00%,64.00%,81.7
Jaxson Hayes,NOP,70,1.3,16.90%,1.39,1.8,0.6,1,67.20%,67.90%,27.80%,7.80%,26.70%,10.00%,67.80%,88.2
Al Horford,BOS,69,1.9,19.10%,0.95,1.8,0.7,1.7,42.60%,49.10%,5.40%,7.00%,5.40%,1.60%,41.10%,25.3
Goga Bitadze,IND,50,1.9,28.80%,1.25,2.4,0.9,1.5,58.70%,66.00%,19.60%,6.20%,18.60%,3.10%,59.80%,71.2
Miles Bridges,CHA,80,1.3,6.80%,1.19,1.5,0.6,1.1,53.60%,56.00%,18.60%,3.90%,17.60%,4.90%,56.90%,65.4
Dewayne Dedmon,MIA,67,1.4,23.50%,1.25,1.8,0.8,1.2,65.40%,66.70%,14.60%,8.30%,14.60%,4.20%,61.50%,74
Alperen Sengun,HOU,72,1.7,15.80%,0.96,1.6,0.6,1.3,43.30%,49.00%,13.80%,10.60%,13.00%,3.30%,43.90%,26.1
Maxi Kleber,DAL,59,1.7,23.80%,1.14,2,0.7,1.6,43.60%,56.90%,6.80%,2.90%,5.80%,1.00%,44.70%,58
Isaiah Roby,OKC,45,2.2,24.00%,1.11,2.5,0.9,1.8,48.80%,56.10%,14.90%,6.90%,13.90%,3.00%,50.50%,51.8
Mason Plumlee,CHA,73,1.2,18.20%,1.22,1.5,0.6,0.9,72.30%,72.30%,24.20%,7.70%,24.20%,3.30%,65.90%,69.3
Jeremiah Robinson-Earl,OKC,49,2.5,31.80%,0.9,2.3,0.9,2.2,38.90%,49.10%,3.20%,9.70%,3.20%,0.00%,37.10%,18.7
Jeff Green,DEN,75,1.2,13.20%,1.21,1.5,0.5,1,51.40%,56.10%,17.80%,4.40%,16.70%,4.40%,55.60%,68.9
Jaren Jackson Jr.,MEM,78,1.4,8.50%,0.96,1.4,0.4,1.1,39.50%,47.70%,15.20%,8.90%,14.30%,0.90%,42.90%,27.2
Drew Eubanks,POR,22,3.5,28.00%,1.41,4.9,2.2,3,71.60%,72.40%,9.20%,5.30%,7.90%,2.60%,69.70%,90.7
LeBron James,LAL,56,1.3,4.70%,1.43,1.9,0.7,1.2,60.00%,69.20%,12.30%,1.40%,12.30%,2.70%,63.00%,93
P.J. Washington,CHA,65,1.4,14.50%,1.11,1.6,0.6,1.2,50.00%,59.40%,8.50%,9.60%,8.50%,3.20%,47.90%,51
Isaiah Jackson,IND,36,2.4,29.70%,1.2,2.8,1.2,2,63.40%,63.40%,12.90%,8.20%,12.90%,4.70%,61.20%,66.9
Nic Claxton,BKN,47,2,26.90%,1.1,2.2,0.9,1.6,57.50%,57.50%,17.20%,7.50%,17.20%,3.20%,57.00%,49
Onyeka Okongwu,ATL,48,1.5,22.20%,1.44,2.1,0.8,1,78.00%,78.00%,24.30%,8.60%,22.90%,4.30%,72.90%,94.9
Precious Achiuwa,TOR,73,1.4,13.40%,1.01,1.4,0.6,1.2,48.80%,53.50%,6.00%,9.00%,6.00%,1.00%,47.00%,39.3
JaMychal Green,DEN,67,1.6,25.30%,0.91,1.5,0.5,1.4,38.00%,45.10%,8.30%,8.30%,8.30%,0.90%,39.40%,20.2
Kristaps Porzingis,DAL,35,2.5,13.90%,1.1,2.8,0.9,2.1,44.40%,50.70%,15.90%,3.40%,14.80%,1.10%,51.10%,50.2
Robert Williams III,BOS,61,1.2,15.20%,1.33,1.6,0.7,1,67.80%,67.80%,16.70%,5.60%,16.70%,4.20%,68.10%,84.3
Isaiah Stewart,DET,71,1.4,15.60%,1,1.4,0.5,1.2,46.40%,49.40%,11.50%,6.30%,10.40%,5.20%,46.90%,33.2
Mo Bamba,ORL,71,1.4,13.90%,0.94,1.3,0.5,1.3,37.00%,48.40%,5.00%,4.00%,5.00%,0.00%,37.60%,23.7
Myles Turner,IND,42,1.9,16.50%,1.16,2.2,0.9,1.8,52.00%,59.30%,4.90%,4.90%,4.90%,2.50%,50.60%,61.5
Derrick Favors,OKC,39,2.2,42.90%,1.08,2.4,1.2,2,58.40%,58.40%,4.60%,5.70%,5.70%,0.00%,55.20%,45.9
Omer Yurtseven,MIA,56,1.5,26.30%,1.08,1.6,0.7,1.3,54.80%,54.80%,9.60%,7.20%,9.60%,4.80%,53.00%,47.1
Blake Griffin,BKN,56,1.6,23.70%,0.98,1.6,0.6,1.3,42.70%,47.30%,12.40%,5.60%,12.40%,2.20%,44.90%,28.8
Moritz Wagner,ORL,63,1.2,14.70%,1.08,1.3,0.5,1,47.60%,55.60%,12.00%,8.00%,10.70%,4.00%,48.00%,45.5
Kristaps Porzingis,WAS,17,3.8,18.80%,1.25,4.7,1.7,3.4,50.00%,60.30%,10.90%,3.10%,10.90%,4.70%,51.60%,74
Steven Adams,MEM,76,0.9,11.70%,1.15,1,0.4,0.8,59.60%,59.60%,18.80%,5.80%,18.80%,8.70%,56.50%,58.4
Chris Boucher,TOR,80,1,11.20%,1,1,0.3,0.8,39.40%,46.20%,15.20%,2.50%,13.90%,1.30%,46.80%,33.2
Kenyon Martin Jr.,HOU,79,0.8,9.50%,1.3,1,0.4,0.6,66.00%,69.00%,15.00%,6.70%,15.00%,5.00%,61.70%,80.5
Daniel Theis,HOU,26,2.7,31.10%,1.06,2.9,1.1,2.2,49.10%,56.10%,12.70%,9.90%,12.70%,2.80%,49.30%,43.2
Alex Len,SAC,39,1.9,30.40%,1,1.9,0.8,1.6,51.60%,53.20%,10.70%,10.70%,10.70%,4.00%,49.30%,33.2
Dwight Howard,LAL,60,1,17.80%,1.25,1.2,0.5,0.7,66.70%,70.20%,25.40%,6.80%,25.40%,3.40%,64.40%,75.1
Drew Eubanks,SAS,50,1.7,34.40%,0.89,1.5,0.6,1.4,43.50%,43.50%,14.50%,3.60%,13.30%,2.40%,47.00%,17.9
Aaron Gordon,DEN,75,0.7,4.80%,1.43,1,0.4,0.6,65.10%,65.10%,23.50%,2.00%,23.50%,9.80%,68.60%,93.8
Bismack Biyombo,PHX,36,1.8,32.00%,1.12,2,0.8,1.4,56.90%,56.90%,21.50%,6.20%,21.50%,6.20%,58.50%,54.9
Pascal Siakam,TOR,68,0.8,3.30%,1.39,1,0.4,0.7,57.80%,66.70%,13.70%,2.00%,13.70%,3.90%,60.80%,88.7
Luka Garza,DET,32,1.9,32.10%,1.16,2.2,0.8,1.8,46.60%,56.90%,11.50%,1.60%,11.50%,8.20%,47.50%,61.9
Darius Bazley,OKC,69,1.1,9.10%,0.96,1,0.4,0.9,43.30%,46.70%,18.90%,6.80%,18.90%,6.80%,45.90%,26.5
Zach Collins,SAS,28,2.2,26.50%,1.15,2.5,1,1.9,50.00%,56.50%,9.80%,4.90%,9.80%,3.30%,50.80%,59.5
DeMarcus Cousins,DEN,31,2.7,27.00%,0.81,2.2,0.7,2.1,32.30%,40.00%,14.10%,10.60%,12.90%,1.20%,36.50%,8.6
Jalen Smith,IND,22,2.6,22.70%,1.17,3.1,1.1,2.1,51.10%,59.60%,15.50%,5.20%,15.50%,1.70%,55.20%,63.8
Lauri Markkanen,CLE,61,1,7.70%,1.03,1.1,0.3,0.9,36.80%,46.50%,12.50%,1.60%,12.50%,3.10%,42.20%,40.6
Andre Drummond,BKN,24,1.9,16.90%,1.4,2.6,1.2,1.6,74.40%,74.40%,8.90%,8.90%,8.90%,4.40%,68.90%,90.2
Andre Drummond,PHI,49,1.2,16.50%,1.07,1.3,0.6,0.9,63.60%,63.60%,6.90%,17.20%,3.40%,0.00%,55.20%,44.7
Montrezl Harrell,CHA,25,1.9,20.70%,1.27,2.4,1,1.4,68.60%,68.60%,27.10%,8.30%,25.00%,10.40%,64.60%,76.7
Nemanja Bjelica,GSW,71,0.8,12.70%,1.03,0.9,0.3,0.7,48.90%,59.60%,8.50%,13.60%,6.80%,1.70%,44.10%,41.2
Marquese Chriss,DAL,34,1.4,28.90%,1.25,1.8,0.8,1.3,57.80%,62.20%,6.30%,2.10%,6.30%,2.10%,58.30%,74
Jae'Sean Tate,HOU,78,0.6,5.30%,1.2,0.8,0.3,0.5,57.10%,63.10%,10.00%,10.00%,10.00%,4.00%,54.00%,66.9
Danilo Gallinari,ATL,66,0.8,7.40%,1.15,0.9,0.3,0.7,39.50%,54.70%,13.50%,3.80%,13.50%,0.00%,46.20%,60.3
Jock Landale,SAS,54,1,21.00%,1.11,1.1,0.4,0.9,50.00%,58.70%,9.40%,9.40%,9.40%,5.70%,47.20%,52.1
Jayson Tatum,BOS,76,0.8,3.00%,1,0.8,0.3,0.6,38.80%,48.00%,13.60%,6.80%,11.90%,3.40%,40.70%,33.2
Terry Taylor,IND,33,1.2,15.20%,1.45,1.8,0.8,1.1,69.40%,72.20%,10.00%,2.50%,10.00%,2.50%,70.00%,95.7
Xavier Tillman,MEM,53,1,18.50%,1.12,1.1,0.5,0.9,56.50%,56.50%,11.50%,3.80%,11.50%,3.80%,55.80%,53.1
Mikal Bridges,PHX,82,0.5,4.00%,1.43,0.7,0.3,0.4,72.70%,74.20%,12.50%,7.50%,12.50%,2.50%,70.00%,93.4
Kevon Looney,GSW,82,0.7,12.10%,0.95,0.7,0.3,0.6,49.00%,49.00%,13.30%,6.70%,13.30%,1.70%,51.70%,25.7
Domantas Sabonis,SAC,15,3,15.80%,1.24,3.7,1.5,2.3,65.70%,67.10%,15.60%,11.10%,13.30%,4.40%,62.20%,70.8
Georges Niang,PHI,76,0.5,6.40%,1.34,0.7,0.3,0.5,51.20%,67.10%,0.00%,0.00%,0.00%,0.00%,51.20%,85.2
Jalen Smith,PHX,29,1.7,26.40%,1.15,1.9,0.6,1.3,48.60%,55.40%,22.90%,6.30%,22.90%,6.30%,54.20%,58.8
Khem Birch,TOR,55,1,21.50%,0.98,1,0.4,0.9,48.90%,48.90%,14.30%,3.60%,14.30%,1.80%,51.80%,29.6
Malik Monk,LAL,76,0.5,3.60%,1.44,0.7,0.3,0.4,67.70%,80.60%,2.80%,11.10%,0.00%,0.00%,61.10%,95.3
Daniel Theis,BOS,21,1.7,25.70%,1.42,2.4,1,1.6,63.60%,68.20%,19.40%,0.00%,19.40%,11.10%,63.90%,92.2
Day'Ron Sharpe,BKN,32,1.4,22.20%,1.16,1.6,0.7,1.1,62.90%,62.90%,13.60%,9.10%,15.90%,4.50%,56.80%,61.1
Tristan Thompson,SAC,30,1.9,27.50%,0.86,1.6,0.8,1.5,51.10%,51.10%,7.00%,15.80%,5.30%,1.80%,42.10%,14.8
Bruce Brown,BKN,72,0.8,9.30%,0.86,0.7,0.3,0.7,46.80%,47.90%,5.30%,12.30%,5.30%,0.00%,43.90%,14.8
Pat Connaughton,MIL,65,0.6,6.70%,1.3,0.7,0.3,0.5,53.10%,67.20%,8.10%,5.40%,8.10%,0.00%,54.10%,80.2
Aleksej Pokusevski,OKC,61,0.8,8.70%,0.96,0.8,0.3,0.8,41.30%,51.10%,6.00%,6.00%,6.00%,4.00%,40.00%,26.8
Serge Ibaka,LAC,35,1.5,22.60%,0.87,1.3,0.6,1.3,44.70%,47.90%,1.90%,11.10%,1.90%,0.00%,40.70%,16
Dorian Finney-Smith,DAL,80,0.5,4.80%,1.18,0.6,0.2,0.4,51.50%,63.60%,7.70%,7.70%,7.70%,0.00%,51.30%,64.6
Chimezie Metu,SAC,61,0.8,8.40%,1,0.8,0.3,0.6,43.60%,52.60%,6.50%,10.90%,6.50%,2.20%,41.30%,33.2
Kelly Olynyk,DET,40,1.2,12.20%,0.98,1.1,0.5,1.1,41.90%,50.00%,4.30%,6.40%,4.30%,2.10%,40.40%,29.2
Marvin Bagley III,DET,18,1.8,13.60%,1.36,2.5,1.1,1.6,69.00%,70.70%,18.20%,0.00%,21.20%,9.10%,66.70%,86.4
Thomas Bryant,WAS,27,1.4,20.50%,1.18,1.7,0.6,1.3,50.00%,57.40%,7.90%,2.60%,5.30%,0.00%,52.60%,65
Jarred Vanderbilt,MIN,74,0.5,8.20%,1.13,0.6,0.3,0.4,63.30%,63.30%,15.00%,10.00%,15.00%,0.00%,60.00%,55.9
DeMarcus Cousins,MIL,17,2.1,24.50%,1.22,2.6,0.9,1.8,50.00%,58.30%,25.00%,8.30%,25.00%,16.70%,50.00%,69.6
Serge Ibaka,MIL,19,1.5,24.60%,1.48,2.3,0.9,1.4,63.00%,72.20%,10.30%,3.40%,10.30%,6.90%,62.10%,96.9
Carmelo Anthony,LAL,69,0.7,5.70%,0.9,0.6,0.2,0.6,32.50%,41.30%,10.40%,6.30%,10.40%,0.00%,37.50%,19.1
Kyle Kuzma,WAS,66,0.7,4.10%,0.86,0.6,0.2,0.6,35.70%,46.40%,4.10%,10.20%,4.10%,0.00%,34.70%,13.4
Obi Toppin,NYK,72,0.7,8.60%,0.84,0.6,0.2,0.5,45.90%,47.30%,10.00%,16.00%,10.00%,0.00%,44.00%,11.3
Sandro Mamukelashvili,MIL,29,0.8,23.70%,1.13,0.9,0.3,0.7,47.40%,65.80%,4.30%,13.00%,4.30%,0.00%,43.50%,55.3
Cody Zeller,POR,27,1.3,26.70%,1.17,1.5,0.7,1.1,60.00%,60.00%,11.40%,5.70%,11.40%,2.90%,60.00%,63.4
Scottie Barnes,TOR,74,0.6,4.10%,0.87,0.6,0.3,0.6,46.30%,47.60%,6.40%,10.60%,6.40%,4.30%,42.60%,16.3
Jimmy Butler,MIA,58,0.5,2.70%,1.29,0.7,0.2,0.4,54.20%,54.20%,25.80%,0.00%,22.60%,3.20%,64.50%,79.8
Kelly Oubre Jr.,CHA,76,0.4,2.70%,1.35,0.5,0.2,0.4,48.30%,67.20%,3.40%,0.00%,3.40%,3.40%,48.30%,85.6
Harrison Barnes,SAC,77,0.5,3.60%,0.98,0.5,0.2,0.4,40.00%,45.00%,20.00%,12.50%,20.00%,7.50%,42.50%,28.4
Derrick Jones Jr.,CHI,51,0.6,12.90%,1.15,0.7,0.2,0.4,50.00%,55.00%,30.30%,15.20%,27.30%,6.10%,54.50%,59.9
Saddiq Bey,DET,82,0.4,2.50%,1.12,0.5,0.2,0.4,44.80%,58.60%,11.80%,5.90%,11.80%,2.90%,44.10%,53.9
Draymond Green,GSW,46,0.8,8.40%,1.03,0.8,0.3,0.6,55.20%,58.60%,10.80%,10.80%,10.80%,0.00%,54.10%,40.1
Frank Kaminsky,PHX,9,3.2,36.70%,1.28,4.1,1.3,2.3,57.10%,61.90%,24.10%,10.30%,20.70%,6.90%,58.60%,78.5
Oshae Brissett,IND,67,0.6,6.30%,0.93,0.6,0.2,0.5,37.10%,45.70%,15.00%,0.00%,12.50%,2.50%,40.00%,22.2
Taj Gibson,NYK,52,0.8,19.50%,0.86,0.7,0.3,0.7,44.40%,45.80%,7.00%,11.60%,7.00%,2.30%,41.90%,15.6
Tony Bradley,CHI,52,0.8,27.50%,0.86,0.7,0.3,0.6,45.20%,45.20%,11.90%,14.30%,11.90%,0.00%,45.20%,12
Larry Nance Jr.,POR,37,1.2,17.80%,0.84,1,0.4,1.1,38.50%,41.00%,11.40%,2.30%,11.40%,2.30%,40.90%,12.1
Udoka Azubuike,UTA,17,1.2,30.80%,1.8,2.1,0.9,1.1,88.90%,88.90%,20.00%,0.00%,15.00%,10.00%,90.00%,100
Eric Paschall,UTA,58,0.5,9.10%,1.33,0.6,0.2,0.4,61.90%,71.40%,18.50%,7.40%,18.50%,3.70%,63.00%,84.3
Jae Crowder,PHX,67,0.5,5.00%,1.13,0.5,0.2,0.4,48.30%,56.90%,9.40%,6.30%,9.40%,6.30%,46.90%,55.9
Brook Lopez,MIL,13,2.3,19.60%,1.17,2.7,1.1,2.2,50.00%,55.40%,10.00%,0.00%,10.00%,3.30%,53.30%,62.7
Otto Porter Jr.,GSW,63,0.6,7.30%,1,0.6,0.2,0.5,46.70%,53.30%,8.60%,8.60%,8.60%,2.90%,45.70%,33.2
Zeke Nnaji,DEN,41,0.9,14.50%,1,0.9,0.3,0.7,44.40%,51.90%,14.30%,11.40%,14.30%,2.90%,45.70%,33.2
Jonathan Kuminga,GSW,71,0.5,5.80%,0.97,0.5,0.2,0.3,47.80%,52.20%,25.00%,11.10%,25.00%,0.00%,50.00%,27.7
P.J. Tucker,MIA,71,0.5,6.90%,0.97,0.5,0.2,0.4,46.70%,51.70%,8.30%,8.30%,8.30%,0.00%,44.40%,27.7
Nicolas Batum,LAC,59,0.5,6.80%,1.13,0.6,0.2,0.4,53.80%,63.50%,3.30%,13.30%,3.30%,3.30%,46.70%,57.4
Olivier Sarr,OKC,22,1.7,27.20%,0.92,1.5,0.6,1.5,42.40%,48.50%,8.10%,8.10%,8.10%,5.40%,40.50%,21.8
Rudy Gay,UTA,55,0.6,6.90%,1.03,0.6,0.2,0.5,40.70%,50.00%,9.40%,6.30%,9.40%,0.00%,43.80%,40.6
Jericho Sims,NYK,41,0.6,27.60%,1.33,0.8,0.3,0.4,76.50%,76.50%,20.80%,8.30%,20.80%,0.00%,75.00%,84.3
Jerami Grant,DET,47,0.7,3.80%,0.94,0.7,0.3,0.6,44.40%,46.30%,14.70%,5.90%,11.80%,0.00%,50.00%,24.2
DeAndre Jordan,LAL,32,0.8,20.30%,1.24,1,0.5,0.6,78.90%,78.90%,12.00%,12.00%,12.00%,0.00%,64.00%,70
Tobias Harris,PHI,73,0.6,3.40%,0.76,0.4,0.2,0.5,30.80%,39.70%,0.00%,4.90%,0.00%,0.00%,29.30%,6.2
Fred VanVleet,TOR,65,0.4,1.70%,1.3,0.5,0.2,0.3,45.50%,65.90%,4.30%,0.00%,0.00%,0.00%,47.80%,81.3
Mamadi Diakite,OKC,13,1.8,40.70%,1.25,2.3,1.1,1.7,63.60%,63.60%,4.20%,4.20%,4.20%,0.00%,62.50%,74
Trendon Watford,POR,48,0.7,9.60%,0.88,0.6,0.3,0.7,37.50%,40.60%,8.80%,0.00%,8.80%,2.90%,41.20%,17.1
Patty Mills,BKN,81,0.3,2.70%,1.21,0.4,0.1,0.3,43.50%,63.00%,0.00%,4.20%,0.00%,0.00%,41.70%,68.5
Marvin Bagley III,SAC,30,0.9,9.10%,1.12,1,0.4,0.8,54.20%,56.30%,7.70%,0.00%,3.80%,0.00%,57.70%,53.1
Grayson Allen,MIL,66,0.3,3.30%,1.33,0.4,0.1,0.3,47.40%,68.40%,9.50%,0.00%,9.50%,0.00%,52.40%,84.3
Moses Brown,CLE,14,1.6,27.50%,1.27,2,0.9,1.2,76.50%,76.50%,9.10%,13.60%,9.10%,0.00%,68.20%,77.7
Tristan Thompson,CHI,23,1.1,20.20%,1.08,1.2,0.5,0.9,57.10%,57.10%,23.10%,0.00%,19.20%,3.80%,61.50%,45.1
Tyler Cook,CHI,20,0.8,24.60%,1.8,1.4,0.5,0.5,100%,100%,46.70%,0.00%,40.00%,6.70%,100%,100
Kessler Edwards,BKN,49,0.4,6.70%,1.29,0.6,0.2,0.4,52.60%,71.10%,0.00%,9.50%,0.00%,0.00%,47.60%,79.3
Cameron Johnson,PHX,66,0.5,4.30%,0.9,0.4,0.2,0.4,35.70%,44.60%,6.70%,3.30%,6.70%,3.30%,36.70%,19.5
Royce O'Neale,UTA,77,0.4,6.10%,0.82,0.4,0.1,0.4,37.00%,40.70%,9.10%,9.10%,6.10%,0.00%,39.40%,9
Robin Lopez,ORL,37,0.6,8.60%,1.13,0.7,0.3,0.4,68.80%,68.80%,21.70%,13.00%,21.70%,4.30%,60.90%,56.8
Gordon Hayward,CHA,49,0.5,3.20%,1.08,0.5,0.2,0.4,50.00%,60.00%,4.20%,12.50%,4.20%,0.00%,45.80%,46.5
Austin Reaves,LAL,61,0.3,4.40%,1.39,0.4,0.2,0.2,71.40%,75.00%,11.10%,11.10%,11.10%,0.00%,66.70%,88.2
Anthony Gill,WAS,44,0.4,11.90%,1.39,0.6,0.2,0.3,61.50%,73.10%,16.70%,11.10%,11.10%,0.00%,61.10%,88.2
Jaden McDaniels,MIN,70,0.3,3.00%,1.25,0.4,0.2,0.3,63.20%,65.80%,5.00%,5.00%,5.00%,5.00%,60.00%,74
Grant Williams,BOS,77,0.3,4.30%,1.09,0.3,0.1,0.2,47.10%,58.80%,13.00%,13.00%,13.00%,0.00%,47.80%,47.5
DeAndre Jordan,PHI,16,0.9,18.20%,1.71,1.5,0.8,0.9,85.70%,85.70%,0.00%,0.00%,0.00%,0.00%,85.70%,99.2
Kentavious Caldwell-Pope,WAS,77,0.2,1.70%,1.41,0.3,0.1,0.2,64.30%,82.10%,5.90%,17.60%,5.90%,5.90%,52.90%,91.4
Terry Rozier,CHA,73,0.3,1.70%,1.04,0.3,0.1,0.3,42.90%,54.80%,4.30%,8.70%,4.30%,4.30%,39.10%,41.6
Bojan Bogdanovic,UTA,69,0.4,2.40%,0.86,0.3,0.1,0.3,34.80%,39.10%,14.30%,10.70%,14.30%,7.10%,35.70%,13.4
Rui Hachimura,WAS,42,0.4,3.60%,1.44,0.5,0.2,0.4,60.00%,73.30%,6.30%,0.00%,6.30%,0.00%,62.50%,94.2
Dean Wade,CLE,51,0.4,9.10%,1.05,0.5,0.2,0.4,42.90%,54.80%,0.00%,4.50%,0.00%,0.00%,40.90%,42
Reggie Perry,POR,9,2.3,22.30%,1.05,2.4,1.1,2.1,52.60%,57.90%,0.00%,9.50%,0.00%,0.00%,47.60%,42.6
Duncan Robinson,MIA,79,0.3,2.60%,1.05,0.3,0.1,0.3,33.30%,50.00%,4.80%,0.00%,4.80%,4.80%,33.30%,42.6
Franz Wagner,ORL,79,0.3,2.10%,0.88,0.3,0.1,0.3,40.00%,40.00%,12.00%,8.00%,12.00%,0.00%,44.00%,16.7
Max Strus,MIA,68,0.3,2.80%,1.17,0.3,0.1,0.3,41.20%,61.80%,0.00%,5.60%,0.00%,0.00%,38.90%,62.7
De'Andre Hunter,ATL,53,0.4,3.20%,0.91,0.4,0.1,0.4,36.80%,44.70%,13.00%,0.00%,17.40%,0.00%,43.50%,21
Robert Covington,POR,48,0.5,6.10%,0.84,0.4,0.1,0.4,35.00%,52.50%,0.00%,20.00%,0.00%,0.00%,28.00%,11.3
Thanasis Antetokounmpo,MIL,35,0.3,10.30%,0.92,0.3,0.1,0.2,50.00%,50.00%,16.70%,16.70%,16.70%,0.00%,50.00%,21.6
Nerlens Noel,NYK,25,0.7,18.50%,1.18,0.8,0.4,0.5,69.20%,69.20%,5.90%,17.60%,5.90%,0.00%,58.80%,64.2
Enes Freedom,BOS,35,0.6,16.90%,0.91,0.6,0.2,0.5,42.10%,44.70%,9.10%,9.10%,9.10%,4.50%,40.90%,20.6
Brandon Ingram,NOP,55,0.4,1.90%,0.83,0.4,0.1,0.4,28.60%,33.30%,12.50%,0.00%,12.50%,0.00%,37.50%,10.2
Luke Kennard,LAC,70,0.2,1.80%,1.46,0.3,0.1,0.2,61.50%,73.10%,0.00%,0.00%,0.00%,0.00%,61.50%,96.1
Caleb Martin,MIA,60,0.2,2.80%,1.36,0.3,0.1,0.2,54.50%,77.30%,7.10%,14.30%,7.10%,0.00%,50.00%,86
Kevin Huerter,ATL,74,0.2,1.90%,1.12,0.3,0.1,0.2,40.00%,50.00%,11.80%,0.00%,11.80%,0.00%,47.10%,53.9
Talen Horton-Tucker,LAL,60,0.3,2.80%,1,0.3,0.1,0.3,46.70%,50.00%,15.80%,10.50%,15.80%,5.30%,47.40%,33.2
Greg Brown III,POR,48,0.4,7.50%,1,0.4,0.1,0.3,37.50%,46.90%,10.50%,5.30%,10.50%,0.00%,42.10%,33.2
Vlatko Cancar,DEN,15,0.7,19.30%,1.64,1.2,0.5,0.6,77.80%,83.30%,18.20%,0.00%,18.20%,0.00%,81.80%,98.8
Cade Cunningham,DET,64,0.2,0.90%,1.5,0.3,0.1,0.2,80.00%,90.00%,8.30%,16.70%,8.30%,8.30%,66.70%,98
Marcus Morris Sr.,LAC,54,0.3,1.70%,1.29,0.3,0.1,0.3,50.00%,64.30%,0.00%,0.00%,0.00%,0.00%,50.00%,79.3
Tim Hardaway Jr.,DAL,42,0.4,2.60%,1.13,0.4,0.1,0.3,45.50%,54.50%,25.00%,12.50%,25.00%,6.30%,50.00%,55.9
Taurean Prince,MIN,69,0.2,3.40%,1.13,0.3,0.1,0.2,50.00%,60.70%,6.30%,12.50%,6.30%,6.30%,43.80%,55.9
Jalen McDaniels,CHA,55,0.3,5.60%,1,0.3,0.1,0.3,43.80%,46.90%,11.10%,5.60%,11.10%,5.60%,44.40%,33.2
Juan Toscano-Anderson,GSW,73,0.3,6.30%,0.86,0.2,0.1,0.3,47.40%,47.40%,4.80%,9.50%,4.80%,4.80%,42.90%,13.4
Chuma Okeke,ORL,70,0.2,2.60%,1,0.2,0.1,0.2,37.50%,53.10%,5.90%,5.90%,5.90%,5.90%,35.30%,33.2
Avery Bradley,LAL,62,0.3,4.80%,0.9,0.3,0.1,0.2,40.00%,50.00%,5.30%,15.80%,5.30%,0.00%,36.80%,18.3
Reggie Bullock,DAL,68,0.3,3.70%,0.85,0.3,0.1,0.3,31.60%,44.70%,0.00%,5.00%,0.00%,0.00%,30.00%,12.8
Joe Harris,BKN,14,1.1,11.30%,1,1.1,0.4,1,42.90%,50.00%,6.30%,6.30%,6.30%,0.00%,43.80%,33.2
Markieff Morris,MIA,17,0.9,11.60%,1,0.9,0.4,0.7,50.00%,50.00%,12.50%,12.50%,12.50%,0.00%,50.00%,33.2
OG Anunoby,TOR,48,0.4,2.00%,0.94,0.3,0.1,0.3,40.00%,46.70%,5.90%,5.90%,5.90%,0.00%,41.20%,24.2
Wenyen Gabriel,LAL,19,1,15.00%,0.84,0.8,0.3,0.7,42.90%,42.90%,15.80%,10.50%,5.30%,0.00%,47.40%,12.5
Kevin Durant,BKN,55,0.4,1.60%,0.67,0.3,0.1,0.4,34.80%,34.80%,0.00%,4.20%,0.00%,0.00%,33.30%,4.3
Chris Duarte,IND,55,0.2,1.30%,1.5,0.3,0.1,0.2,60.00%,75.00%,0.00%,0.00%,0.00%,0.00%,60.00%,98
Gary Trent Jr.,TOR,70,0.1,0.80%,1.5,0.2,0.1,0.1,55.60%,72.20%,10.00%,0.00%,10.00%,0.00%,60.00%,98
Hamidou Diallo,DET,58,0.3,2.30%,1,0.3,0.1,0.2,41.70%,41.70%,20.00%,0.00%,13.30%,0.00%,53.30%,33.2
Marcus Smart,BOS,71,0.2,1.60%,1,0.2,0.1,0.2,33.30%,50.00%,13.30%,6.70%,6.70%,0.00%,40.00%,33.2
Matisse Thybulle,PHI,66,0.2,4.50%,0.94,0.2,0.1,0.2,38.50%,42.30%,18.80%,0.00%,18.80%,0.00%,43.80%,23
Khris Middleton,MIL,66,0.2,1.20%,0.94,0.2,0.1,0.2,33.30%,40.00%,12.50%,0.00%,12.50%,6.30%,37.50%,23
Jordan Clarkson,UTA,79,0.2,1.50%,0.79,0.2,0.1,0.2,33.30%,38.90%,5.30%,5.30%,5.30%,5.30%,31.60%,7.4
James Johnson,BKN,62,0.3,5.00%,0.79,0.2,0.1,0.3,43.80%,46.90%,0.00%,15.80%,0.00%,0.00%,36.80%,7.4
Frank Jackson,DET,53,0.2,1.80%,1.4,0.3,0.1,0.2,50.00%,65.00%,10.00%,0.00%,10.00%,10.00%,50.00%,90.2
Cory Joseph,DET,65,0.2,2.30%,1.17,0.2,0.1,0.1,44.40%,55.60%,16.70%,8.30%,16.70%,0.00%,50.00%,62.7
Corey Kispert,WAS,77,0.2,2.40%,1,0.2,0.1,0.1,50.00%,50.00%,14.30%,14.30%,14.30%,0.00%,50.00%,33.2
Stephen Curry,GSW,64,0.2,0.80%,1.08,0.2,0.1,0.2,40.00%,55.00%,8.30%,8.30%,8.30%,0.00%,41.70%,46.5
Larry Nance Jr.,NOP,9,1.4,20.60%,1,1.4,0.6,1.2,45.50%,50.00%,7.70%,7.70%,7.70%,0.00%,46.20%,33.2
Zach LaVine,CHI,67,0.1,0.70%,1.2,0.2,0.1,0.1,40.00%,60.00%,0.00%,0.00%,0.00%,0.00%,40.00%,66.9
Justin Holiday,IND,49,0.2,2.10%,1.09,0.2,0.1,0.2,40.00%,60.00%,0.00%,9.10%,0.00%,0.00%,36.40%,47.9
Gary Payton II,GSW,71,0.2,2.90%,1,0.2,0.1,0.1,66.70%,66.70%,0.00%,25.00%,0.00%,0.00%,50.00%,33.2
Deni Avdija,WAS,82,0.2,2.20%,0.75,0.1,0,0.1,27.30%,31.80%,18.80%,12.50%,18.80%,0.00%,37.50%,5.8
Bogdan Bogdanovic,ATL,63,0.3,2.20%,0.6,0.2,0,0.3,18.80%,28.10%,10.00%,10.00%,5.00%,0.00%,25.00%,2.3
Devin Booker,PHX,68,0.1,0.60%,1.1,0.2,0.1,0.1,44.40%,50.00%,10.00%,0.00%,10.00%,0.00%,50.00%,49.6
Greg Monroe,MIN,4,2.5,31.30%,1.1,2.8,1.3,2.3,55.60%,55.60%,10.00%,0.00%,10.00%,0.00%,60.00%,49.6
Keldon Johnson,SAS,75,0.1,0.90%,1,0.1,0.1,0.1,50.00%,55.00%,18.20%,0.00%,18.20%,9.10%,45.50%,33.2
Jalen Brunson,DAL,79,0.1,0.90%,1,0.1,0.1,0.1,40.00%,50.00%,9.10%,0.00%,9.10%,0.00%,45.50%,33.2
Jaylen Brown,BOS,66,0.2,0.80%,0.92,0.2,0.1,0.2,36.40%,45.50%,8.30%,8.30%,8.30%,8.30%,33.30%,21.4
Stanley Johnson,LAL,48,0.3,4.40%,0.79,0.2,0.1,0.3,25.00%,29.20%,14.30%,0.00%,14.30%,0.00%,35.70%,6.6
Kyle Anderson,MEM,69,0.2,2.70%,0.69,0.2,0,0.1,30.00%,30.00%,25.00%,12.50%,25.00%,0.00%,37.50%,4.7
Jordan Nwora,MIL,62,0.2,1.90%,1,0.2,0.1,0.2,40.00%,50.00%,0.00%,0.00%,0.00%,0.00%,40.00%,33.2
Tristan Thompson,IND,4,3,36.40%,0.83,2.5,1.3,2.8,45.50%,45.50%,8.30%,0.00%,8.30%,0.00%,41.70%,10.2
Jordan Poole,GSW,76,0.2,0.90%,0.83,0.1,0.1,0.1,36.40%,45.50%,0.00%,8.30%,0.00%,0.00%,33.30%,10.2
Cody Martin,CHA,71,0.2,2.10%,0.82,0.1,0,0.1,33.30%,38.90%,18.20%,0.00%,18.20%,0.00%,45.50%,9
Javonte Green,CHI,65,0.2,3.30%,0.69,0.1,0,0.1,37.50%,37.50%,23.10%,15.40%,23.10%,0.00%,46.20%,5.1
Trey Lyles,SAC,24,0.6,6.30%,0.64,0.4,0.1,0.4,22.20%,22.20%,21.40%,14.30%,14.30%,0.00%,35.70%,3.5
Admiral Schofield,ORL,38,0.4,9.20%,0.64,0.2,0.1,0.3,30.80%,34.60%,0.00%,7.10%,0.00%,0.00%,28.60%,3.5
Buddy Hield,IND,26,0.7,3.60%,0.53,0.3,0.2,0.6,25.00%,28.10%,0.00%,5.90%,0.00%,0.00%,23.50%,1.2
Davis Bertans,DAL,22,0.5,8.80%,0.8,0.4,0.1,0.4,25.00%,37.50%,10.00%,10.00%,10.00%,0.00%,30.00%,8.2
Trevor Ariza,LAL,24,0.5,9.30%,0.73,0.3,0.1,0.4,30.00%,40.00%,0.00%,9.10%,0.00%,0.00%,27.30%,5.4
Buddy Hield,SAC,55,0.2,1.60%,0.62,0.1,0.1,0.2,25.00%,33.30%,0.00%,7.70%,0.00%,0.00%,23.10%,2.7
Duane Washington Jr.,IND,48,0.3,2.70%,0.57,0.2,0.1,0.3,25.00%,33.30%,0.00%,14.30%,0.00%,0.00%,21.40%,1.6
Klay Thompson,GSW,32,0.6,2.80%,0.44,0.3,0.1,0.6,16.70%,22.20%,0.00%,0.00%,0.00%,0.00%,16.70%,0.4
David Nwaba,HOU,46,0.2,4.80%,0.64,0.2,0,0.2,22.20%,22.20%,18.20%,0.00%,18.20%,0.00%,36.40%,3.1
DeAndre' Bembry,BKN,48,0.3,5.40%,0.5,0.1,0.1,0.2,33.30%,33.30%,14.30%,28.60%,14.30%,7.10%,21.40%,0.8
Paul Millsap,BKN,24,0.8,17.30%,0.39,0.3,0.1,0.6,14.30%,17.90%,5.60%,16.70%,5.60%,0.00%,16.70%,0