PLAYER,TEAM,GP,putback_POSS,putback_FREQ,putback_PPP,putback_PTS,putback_FGM,putback_FGA,putback_FG%,putback_EFG%,putback_FTFREQ,putback_TOVFREQ,putback_SFFREQ,putback_ANDONEFREQ,putback_SCOREFREQ,putback_PERCENTILE
Mitchell Robinson,NYK,72,2.9,43.00%,1.32,3.8,1.6,2.2,73.40%,73.40%,25.00%,6.30%,25.50%,7.70%,69.20%,87.5
Rudy Gobert,UTA,66,2.7,21.20%,1.31,3.5,1.3,1.9,68.80%,68.80%,24.00%,7.40%,20.50%,4.00%,67.60%,86.8
Jonas Valanciunas,NOP,74,2.4,14.40%,1.24,3,1.3,2.1,60.60%,60.60%,15.00%,2.80%,13.40%,3.90%,62.00%,73
Nikola Jokic,DEN,74,2.2,9.20%,1.31,2.9,1.1,1.9,61.20%,61.20%,19.00%,2.50%,17.20%,6.70%,64.40%,85.8
Steven Adams,MEM,76,2.5,31.60%,0.96,2.4,1.1,2,51.90%,51.90%,12.00%,8.00%,9.60%,2.70%,50.80%,27
Jakob Poeltl,SAS,68,2.3,17.90%,1.14,2.6,1.2,1.9,62.10%,62.10%,10.00%,6.50%,9.80%,3.30%,58.80%,57.9
Clint Capela,ATL,74,2.7,27.70%,0.83,2.2,1,2.4,42.50%,42.50%,9.00%,2.50%,9.50%,1.50%,43.00%,13.4
Robert Williams III,BOS,61,2.2,28.10%,1.24,2.7,1.3,2,63.10%,63.10%,8.00%,3.80%,7.50%,3.80%,61.70%,75.1
Karl-Anthony Towns,MIN,74,1.8,8.30%,1.21,2.2,0.9,1.5,57.80%,57.80%,19.00%,5.90%,18.50%,5.90%,60.00%,68.8
Hassan Whiteside,UTA,65,2.1,30.10%,1.11,2.4,1,1.6,59.40%,59.40%,18.00%,7.20%,15.90%,2.20%,58.00%,51
Ivica Zubac,LAC,76,1.9,20.20%,1.06,2,0.9,1.6,55.90%,55.90%,11.00%,6.90%,11.80%,0.70%,56.30%,41
Jarrett Allen,CLE,56,2.1,15.50%,1.24,2.6,1.1,1.6,68.90%,68.90%,16.00%,12.10%,16.40%,6.00%,62.90%,75.6
Chris Boucher,TOR,80,1.8,20.30%,1.01,1.8,0.7,1.5,45.80%,45.80%,15.00%,2.80%,14.70%,2.10%,51.70%,35
Daniel Gafford,WAS,72,1.6,21.50%,1.24,2,0.8,1.3,67.00%,67.00%,13.00%,12.20%,13.00%,4.30%,61.70%,73.3
Joel Embiid,PHI,68,1.7,6.20%,1.21,2.1,0.7,1.3,56.50%,56.50%,30.00%,6.00%,29.10%,8.50%,61.50%,68.5
JaVale McGee,PHX,74,1.6,19.80%,1.15,1.9,0.9,1.5,59.10%,59.10%,8.00%,4.10%,8.20%,2.50%,58.20%,58.5
Wendell Carter Jr.,ORL,62,1.4,9.70%,1.56,2.2,1,1.2,77.60%,77.60%,17.00%,4.60%,17.20%,9.20%,75.90%,99.1
Scottie Barnes,TOR,74,1.4,9.10%,1.27,1.8,0.8,1.2,64.10%,65.20%,11.00%,3.80%,11.30%,1.90%,64.20%,80.4
Mo Bamba,ORL,71,1.6,15.40%,1.2,1.9,0.9,1.4,61.40%,61.90%,5.00%,5.40%,5.40%,0.90%,59.80%,66.2
Bobby Portis,MIL,72,1.8,13.00%,0.98,1.8,0.8,1.6,50.40%,50.40%,9.00%,6.10%,9.10%,2.30%,50.00%,29.1
Domantas Sabonis,IND,47,2.2,12.60%,1.22,2.7,1.1,1.7,62.20%,62.20%,19.00%,7.60%,17.10%,4.80%,61.90%,70.9
Brandon Clarke,MEM,64,1.5,18.00%,1.31,2,0.9,1.3,68.60%,68.60%,7.00%,3.10%,7.30%,0.00%,67.70%,86.8
Isaiah Stewart,DET,71,2.1,24.40%,0.83,1.7,0.8,1.9,41.50%,41.50%,7.00%,3.30%,7.30%,0.70%,42.70%,12.8
Jusuf Nurkic,POR,56,2.1,13.30%,1.06,2.2,0.9,1.8,52.50%,52.50%,12.00%,5.20%,12.20%,3.50%,52.20%,40.4
Giannis Antetokounmpo,MIL,67,1.3,4.90%,1.36,1.8,0.7,1.1,67.60%,67.60%,22.00%,2.20%,21.30%,4.50%,68.50%,90.5
Nikola Vucevic,CHI,73,1.2,6.80%,1.33,1.7,0.8,1.2,67.40%,67.40%,5.00%,1.10%,6.60%,2.20%,65.90%,88.1
Deandre Ayton,PHX,58,1.8,12.30%,1.13,2,0.9,1.5,61.80%,61.80%,5.00%,9.60%,5.80%,1.00%,56.70%,54.8
Julius Randle,NYK,72,1.3,5.70%,1.21,1.6,0.6,1.1,56.80%,57.40%,16.00%,2.10%,15.80%,3.20%,61.10%,69.7
Montrezl Harrell,WAS,46,1.6,14.20%,1.42,2.3,1,1.4,70.30%,70.30%,16.00%,1.40%,17.60%,5.40%,70.30%,94.4
Christian Wood,HOU,68,1.1,6.70%,1.36,1.5,0.6,0.9,72.10%,72.10%,18.00%,6.50%,15.60%,3.90%,70.10%,91.4
Kevon Looney,GSW,82,1.2,20.40%,1.03,1.3,0.5,1,54.30%,54.30%,12.00%,10.90%,11.90%,3.00%,52.50%,36.2
Jarred Vanderbilt,MIN,74,1.6,23.90%,0.9,1.4,0.6,1.3,49.50%,49.50%,7.00%,13.80%,6.90%,2.60%,44.80%,19.3
Andre Drummond,PHI,49,2,27.30%,1.06,2.1,0.9,1.6,58.20%,58.20%,10.00%,8.30%,10.40%,1.00%,56.30%,41
Dwight Howard,LAL,60,1.4,25.70%,1.19,1.7,0.6,1,62.30%,62.30%,24.00%,7.10%,23.50%,2.40%,61.20%,65.6
Bam Adebayo,MIA,56,1.3,7.10%,1.33,1.7,0.7,1,71.90%,71.90%,17.00%,9.70%,16.70%,5.60%,66.70%,89
Evan Mobley,CLE,69,1.3,8.10%,1.1,1.4,0.6,0.9,60.00%,60.00%,20.00%,9.20%,18.40%,3.40%,59.80%,50.1
Naz Reid,MIN,77,1,12.00%,1.25,1.2,0.5,0.8,61.00%,61.00%,21.00%,5.30%,21.30%,5.30%,64.00%,77.4
Aaron Gordon,DEN,75,1.1,7.50%,1.18,1.3,0.6,1,57.50%,57.50%,9.00%,2.50%,10.00%,3.80%,57.50%,63.1
Jae'Sean Tate,HOU,78,1.1,8.90%,1.13,1.2,0.5,0.9,60.00%,60.00%,13.00%,9.60%,13.30%,7.20%,56.60%,56.4
Anthony Davis,LAL,40,2,8.90%,1.19,2.3,1,1.7,59.70%,59.70%,17.00%,1.30%,14.10%,3.80%,62.80%,65.9
Alperen Sengun,HOU,72,1.1,10.60%,1.12,1.3,0.5,0.9,60.90%,60.90%,12.00%,12.20%,12.20%,2.40%,57.30%,54
Richaun Holmes,SAC,45,1.6,18.20%,1.26,2,0.9,1.3,66.10%,66.10%,12.00%,9.70%,9.70%,4.20%,62.50%,79.5
Jaren Jackson Jr.,MEM,78,1.1,6.30%,1.1,1.2,0.4,0.8,53.20%,54.00%,18.00%,9.60%,18.10%,2.40%,55.40%,49.3
Willy Hernangomez,NOP,50,2.1,23.70%,0.87,1.8,0.8,1.9,40.90%,40.90%,10.00%,1.90%,8.70%,1.00%,45.20%,16.6
Jaxson Hayes,NOP,70,1.2,15.30%,1.1,1.3,0.6,1,59.40%,59.40%,6.00%,9.90%,6.20%,1.20%,55.60%,49.6
Jimmy Butler,MIA,58,1,5.30%,1.45,1.5,0.6,0.8,68.10%,68.10%,23.00%,3.30%,23.30%,5.00%,71.70%,95.5
Terry Taylor,IND,33,1.8,23.10%,1.38,2.5,1.1,1.5,68.60%,68.60%,20.00%,3.30%,19.70%,6.60%,70.50%,92.3
Dwight Powell,DAL,82,0.8,11.20%,1.29,1,0.4,0.6,60.40%,60.40%,24.00%,8.10%,24.20%,9.70%,61.30%,82.8
Nic Claxton,BKN,47,1.3,18.20%,1.24,1.7,0.8,1.2,64.90%,64.90%,10.00%,3.20%,7.90%,3.20%,63.50%,74.7
Precious Achiuwa,TOR,73,1.2,11.80%,0.89,1.1,0.5,1.1,46.20%,46.20%,10.00%,3.40%,11.40%,3.40%,45.50%,18.1
Dewayne Dedmon,MIA,67,1,15.90%,1.17,1.1,0.5,0.8,64.20%,64.20%,8.00%,12.30%,7.70%,1.50%,58.50%,62.3
Isaiah Hartenstein,LAC,68,1,13.20%,1.1,1.1,0.5,0.9,57.40%,57.40%,6.00%,6.00%,4.50%,3.00%,55.20%,50.4
JaMychal Green,DEN,67,0.9,13.70%,1.24,1.1,0.4,0.6,59.50%,59.50%,22.00%,6.80%,20.30%,0.00%,62.70%,74.2
Keldon Johnson,SAS,75,0.7,4.40%,1.36,1,0.4,0.6,66.70%,67.80%,19.00%,0.00%,15.10%,3.80%,67.90%,90.2
Kevin Love,CLE,74,0.8,6.30%,1.22,1,0.4,0.6,63.80%,63.80%,14.00%,11.90%,13.60%,5.10%,59.30%,71.2
Pascal Siakam,TOR,68,1.1,4.80%,0.96,1.1,0.5,1,46.40%,46.40%,11.00%,4.00%,9.30%,6.70%,46.70%,27.3
Kelly Oubre Jr.,CHA,76,0.8,5.80%,1.11,0.9,0.4,0.7,50.90%,53.60%,15.00%,1.60%,12.90%,4.80%,54.80%,51.3
Damian Jones,SAC,56,0.9,13.40%,1.31,1.2,0.5,0.7,69.20%,69.20%,20.00%,7.80%,19.60%,3.90%,68.60%,87.2
Onyeka Okongwu,ATL,48,1.2,18.00%,1.18,1.4,0.6,0.9,64.40%,64.40%,18.00%,10.50%,17.50%,7.00%,57.90%,63.5
LeBron James,LAL,56,0.8,3.00%,1.41,1.2,0.5,0.8,69.00%,69.00%,13.00%,0.00%,10.90%,4.30%,71.70%,94.1
John Collins,ATL,54,1.1,7.80%,1.07,1.2,0.5,1,50.90%,50.90%,10.00%,0.00%,8.20%,0.00%,55.70%,41.8
Marvin Bagley III,SAC,30,1.6,17.20%,1.31,2.1,0.9,1.5,61.40%,62.50%,12.00%,2.00%,12.20%,4.10%,63.30%,85.5
LaMarcus Aldridge,BKN,47,1.1,9.40%,1.26,1.4,0.6,1,60.00%,60.00%,14.00%,0.00%,13.70%,2.00%,64.70%,77.7
Hamidou Diallo,DET,58,0.9,7.80%,1.26,1.1,0.5,0.8,61.40%,61.40%,12.00%,2.00%,12.00%,2.00%,64.00%,78.9
Saddiq Bey,DET,82,0.7,4.50%,1.05,0.8,0.3,0.6,49.10%,50.90%,12.00%,3.30%,13.30%,5.00%,50.00%,38.8
Al Horford,BOS,69,0.6,5.60%,1.63,0.9,0.4,0.5,76.50%,76.50%,18.00%,2.60%,18.40%,10.50%,76.30%,99.7
Montrezl Harrell,CHA,25,1.7,18.10%,1.48,2.5,1.1,1.4,79.40%,79.40%,17.00%,7.10%,16.70%,4.80%,76.20%,96.7
Goga Bitadze,IND,50,1.1,16.00%,1.15,1.2,0.5,0.9,60.00%,60.00%,15.00%,7.40%,13.00%,5.60%,59.30%,58.8
Javonte Green,CHI,65,0.8,13.60%,1.13,0.9,0.4,0.7,52.20%,52.20%,19.00%,1.90%,18.50%,5.60%,55.60%,55.5
Jayson Tatum,BOS,76,0.7,2.80%,1.09,0.8,0.3,0.6,54.50%,54.50%,18.00%,10.70%,17.90%,7.10%,53.60%,46.6
Drew Eubanks,POR,22,1.8,14.40%,1.51,2.7,1,1.4,76.70%,76.70%,18.00%,7.70%,17.90%,2.60%,74.40%,97.9
Andre Drummond,BKN,24,3,26.60%,0.83,2.5,1.2,2.5,46.70%,46.70%,11.00%,8.50%,11.30%,4.20%,42.30%,13.6
Tobias Harris,PHI,73,0.7,3.90%,1.21,0.8,0.4,0.6,60.50%,60.50%,10.00%,4.20%,10.40%,4.20%,60.40%,69.3
Kyle Kuzma,WAS,66,0.8,4.40%,1.09,0.9,0.3,0.6,53.70%,54.90%,17.00%,5.70%,18.90%,1.90%,56.60%,48.4
Trey Lyles,DET,51,0.9,8.80%,1.24,1.1,0.5,0.8,57.50%,57.50%,22.00%,4.40%,22.20%,15.60%,57.80%,76.3
Kenyon Martin Jr.,HOU,79,0.7,9.00%,0.98,0.7,0.3,0.6,54.00%,54.00%,7.00%,7.00%,5.30%,1.80%,50.90%,29.8
Day'Ron Sharpe,BKN,32,1.8,28.80%,0.98,1.8,0.8,1.6,51.90%,51.90%,5.00%,7.00%,5.30%,3.50%,49.10%,29.8
Zeke Nnaji,DEN,41,1.1,19.50%,1.17,1.3,0.5,0.8,65.60%,67.20%,21.00%,12.80%,19.10%,2.10%,63.80%,62.6
Myles Turner,IND,42,0.8,7.10%,1.54,1.3,0.5,0.7,78.60%,78.60%,23.00%,5.70%,22.90%,8.60%,77.10%,98.8
Andrew Wiggins,GSW,73,0.6,3.60%,1.23,0.7,0.4,0.6,63.40%,63.40%,9.00%,2.30%,9.10%,4.50%,61.40%,71.8
Enes Freedom,BOS,35,1.4,38.50%,1.08,1.5,0.7,1.2,56.10%,56.10%,14.00%,10.00%,12.00%,6.00%,54.00%,44.2
Isaiah Jackson,IND,36,1.4,17.10%,1.08,1.5,0.6,1.2,53.50%,53.50%,14.00%,2.00%,14.30%,4.10%,57.10%,44.8
Mason Plumlee,CHA,73,1,14.00%,0.76,0.7,0.3,0.7,45.80%,45.80%,19.00%,15.70%,18.60%,2.90%,40.00%,7.4
Carmelo Anthony,LAL,69,0.6,4.60%,1.33,0.8,0.3,0.4,61.30%,62.90%,21.00%,0.00%,20.50%,2.60%,66.70%,89
OG Anunoby,TOR,48,1,5.50%,1.13,1.1,0.4,0.7,55.90%,57.40%,24.00%,8.70%,21.70%,6.50%,54.30%,56
Aleksej Pokusevski,OKC,61,0.8,8.70%,1.04,0.9,0.4,0.8,54.30%,54.30%,4.00%,4.00%,4.00%,0.00%,54.00%,36.8
Terry Rozier,CHA,73,0.5,2.80%,1.38,0.7,0.3,0.5,66.70%,71.20%,11.00%,5.40%,10.80%,5.40%,64.90%,92.6
Terance Mann,LAC,81,0.6,6.10%,0.98,0.6,0.3,0.6,48.90%,48.90%,8.00%,5.80%,7.70%,0.00%,50.00%,29.4
Omer Yurtseven,MIA,56,0.9,16.80%,0.96,0.9,0.4,0.8,47.80%,47.80%,11.00%,1.90%,11.30%,0.00%,50.90%,27.6
Lauri Markkanen,CLE,61,0.7,4.80%,1.25,0.8,0.3,0.6,61.80%,63.20%,12.00%,5.00%,12.50%,2.50%,62.50%,77
Miles Bridges,CHA,80,0.5,2.50%,1.29,0.6,0.3,0.4,64.50%,67.70%,11.00%,7.90%,10.50%,0.00%,63.20%,82.5
Otto Porter Jr.,GSW,63,0.6,8.30%,1.23,0.8,0.4,0.6,62.20%,63.50%,5.00%,5.00%,5.00%,2.50%,60.00%,71.5
Keita Bates-Diop,SAS,59,0.7,12.50%,1.17,0.8,0.4,0.6,59.50%,59.50%,10.00%,2.40%,9.50%,0.00%,59.50%,61.6
Kyle Anderson,MEM,69,0.7,8.40%,1,0.7,0.3,0.7,51.10%,51.10%,4.00%,6.10%,4.10%,2.00%,49.00%,31.7
Oshae Brissett,IND,67,0.8,8.20%,0.94,0.7,0.3,0.6,46.30%,46.30%,15.00%,9.60%,15.40%,3.80%,46.20%,25.5
Khem Birch,TOR,55,1,21.20%,0.89,0.9,0.3,0.8,41.30%,41.30%,15.00%,5.50%,14.50%,3.60%,43.60%,19
Rudy Gay,UTA,55,0.7,8.40%,1.23,0.9,0.4,0.5,74.10%,74.10%,18.00%,17.90%,15.40%,5.10%,64.10%,72.5
P.J. Washington,CHA,65,0.7,6.90%,1.07,0.7,0.3,0.6,56.40%,56.40%,7.00%,6.70%,6.70%,0.00%,55.60%,42.3
DeMarcus Cousins,DEN,31,1.2,11.70%,1.27,1.5,0.6,0.9,65.50%,65.50%,16.00%,5.40%,16.20%,0.00%,64.90%,79.8
Derrick Jones Jr.,CHI,51,0.8,15.60%,1.18,0.9,0.4,0.7,60.00%,60.00%,10.00%,5.00%,10.00%,2.50%,60.00%,63.1
Harrison Barnes,SAC,77,0.5,3.70%,1.15,0.6,0.2,0.4,51.60%,51.60%,27.00%,4.90%,26.80%,7.30%,58.50%,58.2
Robin Lopez,ORL,37,1.1,15.70%,1.12,1.3,0.6,1.1,56.40%,56.40%,5.00%,2.40%,4.80%,0.00%,57.10%,53.3
Franz Wagner,ORL,79,0.5,3.50%,1.12,0.6,0.2,0.4,50.00%,53.10%,19.00%,7.10%,16.70%,2.40%,54.80%,53.3
John Konchar,MEM,72,0.5,10.60%,1.39,0.6,0.3,0.4,71.00%,71.00%,6.00%,0.00%,6.10%,0.00%,72.70%,93.5
Kristaps Porzingis,DAL,35,1.1,5.90%,1.24,1.3,0.7,1,63.90%,63.90%,0.00%,2.70%,0.00%,0.00%,62.20%,76
Gary Payton II,GSW,71,0.5,9.50%,1.18,0.6,0.3,0.5,65.60%,65.60%,8.00%,10.30%,7.70%,0.00%,61.50%,64.1
Dorian Finney-Smith,DAL,80,0.5,5.20%,1.1,0.6,0.3,0.5,59.50%,62.20%,0.00%,11.90%,0.00%,0.00%,52.40%,48.8
Bruce Brown,BKN,72,0.7,8.40%,0.89,0.6,0.3,0.6,45.20%,45.20%,10.00%,9.60%,7.70%,0.00%,46.20%,17.8
Tristan Thompson,SAC,30,1.8,26.60%,0.84,1.5,0.6,1.5,43.20%,43.20%,13.00%,9.10%,9.10%,1.80%,43.60%,14.5
Trendon Watford,POR,48,0.7,9.90%,1.29,0.9,0.5,0.6,71.00%,71.00%,3.00%,8.60%,2.90%,0.00%,65.70%,82
Obi Toppin,NYK,72,0.6,6.80%,1.13,0.6,0.3,0.5,56.80%,56.80%,5.00%,5.00%,5.00%,2.50%,55.00%,54.8
Nemanja Bjelica,GSW,71,0.6,9.40%,1.02,0.6,0.3,0.5,55.30%,55.30%,9.00%,6.80%,9.10%,2.30%,52.30%,35.3
Ja Morant,MEM,57,0.8,2.80%,1,0.8,0.3,0.6,54.30%,54.30%,9.00%,13.60%,9.10%,2.30%,50.00%,31.7
Herbert Jones,NOP,78,0.5,5.40%,1.08,0.6,0.2,0.3,55.60%,55.60%,20.00%,15.00%,20.00%,2.50%,55.00%,43.3
Isaiah Roby,OKC,45,0.9,10.00%,1.02,1,0.4,0.7,54.50%,56.10%,14.00%,7.10%,14.30%,0.00%,54.80%,35.6
LaMelo Ball,CHA,75,0.6,2.80%,0.96,0.6,0.2,0.5,50.00%,51.40%,7.00%,13.30%,2.20%,0.00%,46.70%,26.7
Russell Westbrook,LAL,78,0.7,3.20%,0.8,0.6,0.2,0.5,39.50%,39.50%,19.00%,13.00%,18.50%,1.90%,42.60%,10.1
Larry Nance Jr.,POR,37,0.8,12.60%,1.36,1.1,0.5,0.8,65.50%,65.50%,10.00%,0.00%,9.70%,3.20%,67.70%,89.6
Blake Griffin,BKN,56,0.7,10.10%,1.11,0.8,0.3,0.6,52.90%,52.90%,13.00%,2.60%,10.50%,5.30%,55.30%,50.7
Torrey Craig,IND,51,0.6,9.60%,1.28,0.8,0.4,0.6,65.50%,65.50%,6.00%,3.10%,6.30%,0.00%,65.60%,81
Jonathan Kuminga,GSW,71,0.5,6.10%,1.08,0.6,0.2,0.4,51.60%,51.60%,16.00%,5.30%,15.80%,2.60%,52.60%,43.9
Josh Giddey,OKC,54,0.8,5.00%,0.93,0.8,0.4,0.7,51.30%,51.30%,2.00%,9.10%,2.30%,0.00%,47.70%,24
Taj Gibson,NYK,52,0.9,21.80%,0.85,0.8,0.3,0.7,47.20%,47.20%,10.00%,18.80%,10.40%,4.20%,41.70%,16
Xavier Tillman,MEM,53,0.7,13.20%,1.08,0.8,0.3,0.6,54.80%,54.80%,14.00%,8.10%,13.50%,5.40%,54.10%,44.5
Darius Bazley,OKC,69,0.6,4.70%,1.05,0.6,0.2,0.4,61.50%,61.50%,18.00%,15.80%,18.40%,2.60%,57.90%,39.5
Jeremiah Robinson-Earl,OKC,49,0.8,10.00%,1.03,0.8,0.3,0.6,50.00%,50.00%,15.00%,7.70%,12.80%,0.00%,53.80%,35.9
Alex Len,SAC,39,0.8,12.10%,1.3,1,0.4,0.6,64.00%,64.00%,17.00%,6.70%,16.70%,6.70%,63.30%,85
Jalen Smith,IND,22,1.4,11.80%,1.3,1.8,0.7,1.2,61.50%,61.50%,13.00%,0.00%,13.30%,0.00%,66.70%,85
Luka Garza,DET,32,1,16.30%,1.26,1.2,0.5,0.7,65.20%,65.20%,26.00%,6.50%,25.80%,6.50%,67.70%,78.3
Luka Doncic,DAL,65,0.5,1.60%,1.26,0.6,0.3,0.4,67.90%,67.90%,3.00%,6.50%,3.20%,0.00%,64.50%,78.3
Bojan Bogdanovic,UTA,69,0.5,3.10%,1.08,0.6,0.2,0.4,57.10%,57.10%,14.00%,11.10%,13.90%,2.80%,55.60%,45.4
Greg Brown III,POR,48,0.6,11.00%,1.32,0.8,0.3,0.5,65.20%,65.20%,25.00%,0.00%,25.00%,7.10%,67.90%,87.8
Marvin Bagley III,DET,18,1.6,11.90%,1.28,2.1,0.9,1.3,66.70%,66.70%,14.00%,6.90%,13.80%,3.40%,65.50%,80.7
Donovan Mitchell,UTA,67,0.4,1.50%,1.44,0.5,0.2,0.3,70.00%,72.50%,24.00%,8.00%,20.00%,12.00%,68.00%,95.3
DeMar DeRozan,CHI,76,0.4,1.50%,1.24,0.5,0.2,0.3,64.00%,66.00%,7.00%,6.90%,3.40%,0.00%,62.10%,75.6
P.J. Tucker,MIA,71,0.5,7.10%,0.97,0.5,0.2,0.4,54.80%,54.80%,8.00%,13.50%,8.10%,5.40%,48.60%,28.8
Jaden McDaniels,MIN,70,0.6,5.90%,0.92,0.5,0.2,0.5,47.20%,47.20%,5.00%,7.70%,5.10%,5.10%,43.60%,22.3
Caleb Martin,MIA,60,0.5,5.50%,1.25,0.6,0.3,0.4,68.00%,68.00%,4.00%,10.70%,3.60%,3.60%,60.70%,77
Dejounte Murray,SAS,68,0.5,2.40%,0.95,0.5,0.2,0.5,48.40%,50.00%,8.00%,10.80%,8.10%,2.70%,45.90%,26.4
Trey Murphy III,NOP,62,0.4,8.00%,1.36,0.5,0.2,0.3,63.20%,63.20%,24.00%,4.00%,24.00%,4.00%,68.00%,90.8
Corey Kispert,WAS,77,0.4,4.60%,1.26,0.4,0.2,0.3,66.70%,66.70%,4.00%,7.40%,3.70%,0.00%,63.00%,78.6
Josh Christopher,HOU,74,0.4,4.20%,1.21,0.5,0.2,0.3,62.50%,62.50%,11.00%,10.70%,10.70%,7.10%,57.10%,70.4
Jock Landale,SAS,54,0.6,12.70%,1.06,0.6,0.3,0.5,53.60%,53.60%,9.00%,6.30%,9.40%,3.10%,53.10%,41
Bismack Biyombo,PHX,36,1,17.70%,0.94,0.9,0.4,0.8,50.00%,50.00%,14.00%,8.30%,11.10%,5.60%,50.00%,25.9
Mikal Bridges,PHX,82,0.4,3.60%,0.94,0.4,0.2,0.4,45.20%,45.20%,14.00%,5.60%,13.90%,5.60%,47.20%,25.9
RJ Barrett,NYK,70,0.5,2.40%,0.92,0.5,0.2,0.4,46.40%,50.00%,14.00%,13.50%,13.50%,2.70%,45.90%,22
James Harden,BKN,44,0.5,2.30%,1.38,0.8,0.3,0.5,65.20%,65.20%,8.00%,0.00%,4.20%,4.20%,66.70%,92
Devin Booker,PHX,68,0.4,1.70%,1.14,0.5,0.2,0.3,52.20%,52.20%,24.00%,6.90%,20.70%,10.30%,55.20%,57
Jalen Smith,PHX,29,1.1,18.10%,1,1.1,0.5,0.9,56.00%,56.00%,9.00%,15.20%,9.10%,0.00%,51.50%,31.7
Khris Middleton,MIL,66,0.4,2.00%,1.23,0.5,0.2,0.3,60.90%,60.90%,15.00%,3.80%,15.40%,7.70%,61.50%,72.5
Grant Williams,BOS,77,0.4,5.00%,1.19,0.4,0.2,0.2,68.40%,68.40%,11.00%,18.50%,11.10%,0.00%,59.30%,65.3
De'Anthony Melton,MEM,73,0.4,3.30%,1.14,0.4,0.2,0.3,60.00%,64.00%,0.00%,10.70%,0.00%,0.00%,53.60%,57.4
Will Barton,DEN,71,0.4,2.90%,1.03,0.5,0.2,0.4,57.10%,57.10%,0.00%,9.70%,0.00%,0.00%,51.60%,36.5
Drew Eubanks,SAS,50,0.7,13.70%,0.97,0.6,0.3,0.5,53.80%,53.80%,9.00%,12.10%,9.10%,0.00%,48.50%,28.5
Tony Bradley,CHI,52,0.6,19.60%,1,0.6,0.3,0.5,53.80%,53.80%,13.00%,3.30%,13.30%,3.30%,53.30%,32.8
Trae Young,ATL,76,0.3,1.20%,1.29,0.4,0.1,0.2,61.10%,61.10%,21.00%,8.30%,16.70%,4.20%,62.50%,83.1
Aaron Wiggins,OKC,50,0.6,6.80%,1.07,0.6,0.3,0.5,53.80%,53.80%,7.00%,3.40%,6.90%,0.00%,55.20%,42.7
Kenrich Williams,OKC,49,0.7,8.70%,0.91,0.6,0.3,0.5,50.00%,55.80%,9.00%,14.70%,8.80%,0.00%,44.10%,21.1
James Johnson,BKN,62,0.5,8.00%,1,0.5,0.2,0.5,50.00%,50.00%,0.00%,0.00%,0.00%,0.00%,50.00%,31.7
Malik Monk,LAL,76,0.2,1.70%,1.71,0.4,0.1,0.2,78.60%,85.70%,24.00%,11.80%,23.50%,17.60%,70.60%,100
Marcus Smart,BOS,71,0.3,2.40%,1.26,0.4,0.2,0.3,65.00%,67.50%,4.00%,8.70%,0.00%,0.00%,60.90%,79.2
Moritz Wagner,ORL,63,0.4,4.70%,1.21,0.5,0.2,0.3,66.70%,66.70%,12.00%,12.50%,8.30%,0.00%,62.50%,69.3
Lamar Stevens,CLE,63,0.4,6.40%,1.16,0.5,0.2,0.3,54.50%,54.50%,12.00%,4.00%,12.00%,4.00%,56.00%,60.5
Desmond Bane,MEM,76,0.3,2.10%,1.12,0.4,0.1,0.3,52.40%,54.80%,12.00%,7.70%,7.70%,0.00%,53.80%,51.9
Deni Avdija,WAS,82,0.3,3.60%,1.12,0.4,0.1,0.3,54.50%,54.50%,12.00%,3.80%,11.50%,0.00%,57.70%,51.9
Jordan Clarkson,UTA,79,0.3,2.00%,1.12,0.4,0.2,0.3,56.00%,58.00%,0.00%,3.80%,0.00%,0.00%,53.80%,51.9
Jaylen Brown,BOS,66,0.5,2.00%,0.97,0.4,0.2,0.3,59.10%,59.10%,7.00%,20.00%,6.70%,0.00%,50.00%,28.2
Kelly Olynyk,DET,40,0.8,8.10%,0.94,0.7,0.3,0.7,42.90%,42.90%,13.00%,3.20%,12.90%,6.50%,45.20%,24.6
Cameron Johnson,PHX,66,0.3,2.70%,1.47,0.4,0.2,0.2,68.80%,68.80%,21.00%,5.30%,21.10%,10.50%,68.40%,96.4
Kristaps Porzingis,WAS,17,1.4,7.10%,1.17,1.6,0.6,1.2,52.40%,52.40%,17.00%,0.00%,12.50%,4.20%,58.30%,61.6
Jrue Holiday,MIL,67,0.4,2.10%,1.12,0.4,0.2,0.4,52.00%,56.00%,0.00%,0.00%,0.00%,0.00%,52.00%,53.7
Devin Vassell,SAS,71,0.4,3.00%,1.08,0.4,0.2,0.4,52.00%,52.00%,4.00%,0.00%,3.80%,0.00%,53.80%,43.6
Anthony Edwards,MIN,72,0.4,1.90%,0.97,0.4,0.2,0.3,44.00%,48.00%,10.00%,6.90%,10.30%,3.40%,44.80%,27.9
CJ Elleby,POR,58,0.5,7.80%,0.9,0.5,0.2,0.4,41.70%,41.70%,16.00%,9.70%,16.10%,3.20%,45.20%,20.5
Trey Lyles,SAC,24,0.8,8.00%,1.5,1.1,0.5,0.6,73.30%,73.30%,17.00%,5.60%,16.70%,5.60%,72.20%,97.6
Luguentz Dort,OKC,51,0.5,2.70%,1.13,0.5,0.2,0.4,61.10%,63.90%,17.00%,12.50%,12.50%,4.20%,54.20%,54.8
Isaac Okoro,CLE,67,0.4,5.20%,0.93,0.4,0.2,0.3,52.40%,54.80%,10.00%,17.20%,10.30%,0.00%,44.80%,23.7
DeAndre Jordan,LAL,32,1,25.20%,0.87,0.8,0.3,0.8,44.00%,44.00%,16.00%,6.50%,16.10%,3.20%,48.40%,16.9
Tyler Herro,MIA,66,0.3,1.20%,1.53,0.4,0.2,0.2,73.30%,76.70%,12.00%,5.90%,11.80%,5.90%,70.60%,98.2
Bradley Beal,WAS,40,0.5,2.00%,1.3,0.7,0.3,0.4,68.80%,68.80%,15.00%,5.00%,15.00%,0.00%,70.00%,85
Eric Paschall,UTA,58,0.4,7.10%,1.24,0.4,0.2,0.3,66.70%,66.70%,24.00%,9.50%,19.00%,4.80%,61.90%,74.7
David Nwaba,HOU,46,0.5,10.00%,1.13,0.6,0.3,0.4,60.00%,60.00%,4.00%,8.70%,4.30%,0.00%,56.50%,56
Jaylen Hoard,OKC,7,3.7,24.50%,1,3.7,1.9,2.9,65.00%,65.00%,8.00%,15.40%,7.70%,0.00%,50.00%,31.7
Derrick Favors,OKC,39,0.7,13.80%,0.93,0.7,0.3,0.7,46.40%,46.40%,0.00%,0.00%,0.00%,0.00%,46.40%,22.8
Sandro Mamukelashvili,MIL,29,0.5,14.40%,1.14,0.6,0.3,0.5,57.10%,57.10%,0.00%,0.00%,0.00%,0.00%,57.10%,59.5
Olivier Sarr,OKC,22,0.8,12.50%,1.47,1.1,0.4,0.5,81.80%,81.80%,24.00%,11.80%,17.60%,0.00%,76.50%,96.1
Anthony Gill,WAS,44,0.5,14.60%,1.14,0.6,0.2,0.3,53.30%,53.30%,23.00%,9.10%,22.70%,0.00%,59.10%,56.7
Thanasis Antetokounmpo,MIL,35,0.4,12.00%,1.21,0.5,0.2,0.4,61.50%,61.50%,7.00%,0.00%,7.10%,0.00%,64.30%,74.2
Wenyen Gabriel,LAL,19,1.2,18.10%,1.09,1.3,0.6,1.1,55.00%,55.00%,13.00%,4.30%,8.70%,4.30%,56.50%,46.1
Jordan Nwora,MIL,62,0.4,4.30%,1.09,0.4,0.2,0.3,57.10%,57.10%,4.00%,8.70%,4.30%,4.30%,52.20%,46.1
Domantas Sabonis,SAC,15,1.6,8.50%,1.04,1.7,0.7,1.3,50.00%,50.00%,12.00%,8.30%,12.50%,4.20%,50.00%,37.1
Josh Hart,NOP,41,0.6,4.60%,1,0.6,0.2,0.4,50.00%,50.00%,24.00%,12.00%,16.00%,0.00%,56.00%,31.7
Daniel Theis,HOU,26,0.8,9.60%,1.09,0.9,0.4,0.7,57.90%,57.90%,5.00%,9.10%,4.50%,0.00%,54.50%,47.4
Serge Ibaka,LAC,35,0.7,9.60%,1.04,0.7,0.3,0.6,55.00%,55.00%,13.00%,4.30%,13.00%,4.30%,56.50%,37.6
Dalano Banton,TOR,64,0.4,8.40%,1.04,0.4,0.2,0.3,57.90%,57.90%,9.00%,8.70%,8.70%,0.00%,56.50%,37.6
Patrick Beverley,MIN,59,0.4,4.00%,1.04,0.4,0.2,0.3,61.10%,61.10%,13.00%,13.00%,13.00%,4.30%,56.50%,37.6
Tristan Thompson,CHI,23,1.2,20.90%,0.89,1,0.5,1,45.80%,45.80%,7.00%,3.70%,7.40%,0.00%,44.40%,18.5
Cody Zeller,POR,27,1.1,22.10%,0.83,0.9,0.4,0.9,47.80%,47.80%,7.00%,13.80%,6.90%,0.00%,44.80%,13.1
Stanley Johnson,LAL,48,0.3,4.70%,1.53,0.5,0.2,0.3,73.30%,76.70%,0.00%,0.00%,0.00%,0.00%,73.30%,98.5
Rui Hachimura,WAS,42,0.4,3.60%,1.44,0.5,0.2,0.3,71.40%,75.00%,6.00%,6.30%,6.30%,0.00%,68.80%,95
Shai Gilgeous-Alexander,OKC,56,0.3,1.20%,1.35,0.4,0.2,0.3,60.00%,63.30%,18.00%,0.00%,17.60%,5.90%,64.70%,89.3
Thomas Bryant,WAS,27,0.8,11.40%,1.1,0.9,0.4,0.7,55.00%,55.00%,5.00%,0.00%,4.80%,0.00%,57.10%,48.8
Santi Aldama,MEM,32,0.7,13.90%,1.05,0.7,0.3,0.6,55.00%,55.00%,5.00%,4.50%,4.50%,0.00%,54.50%,38.3
Shake Milton,PHI,55,0.3,3.40%,1.38,0.4,0.2,0.3,73.30%,73.30%,0.00%,6.30%,0.00%,0.00%,68.80%,92
Dillon Brooks,MEM,33,0.5,2.70%,1.29,0.7,0.3,0.5,66.70%,66.70%,12.00%,11.80%,11.80%,11.80%,58.80%,83.6
Robert Covington,POR,48,0.4,4.60%,1.16,0.5,0.2,0.3,60.00%,60.00%,11.00%,10.50%,10.50%,0.00%,57.90%,60.1
DeMarcus Cousins,MIL,17,1.1,12.90%,1.16,1.3,0.5,0.9,50.00%,50.00%,16.00%,0.00%,15.80%,0.00%,57.90%,60.1
Chris Duarte,IND,55,0.5,3.30%,0.88,0.4,0.1,0.4,38.10%,38.10%,12.00%,4.00%,12.00%,0.00%,44.00%,17.5
Cade Cunningham,DET,64,0.5,2.30%,0.71,0.3,0.2,0.5,33.30%,33.30%,10.00%,0.00%,9.70%,6.50%,35.50%,5
Serge Ibaka,MIL,19,0.8,13.60%,1.31,1.1,0.5,0.7,64.30%,64.30%,12.00%,6.30%,12.50%,6.30%,62.50%,86.8
Chimezie Metu,SAC,61,0.3,2.90%,1.31,0.3,0.1,0.2,75.00%,79.20%,6.00%,18.80%,6.30%,0.00%,62.50%,86.8
Jerami Grant,DET,47,0.4,1.90%,1.24,0.4,0.2,0.3,66.70%,66.70%,18.00%,11.80%,17.60%,0.00%,64.70%,73.8
Chuma Okeke,ORL,70,0.2,2.60%,1.24,0.3,0.1,0.2,53.30%,53.30%,18.00%,0.00%,11.80%,5.90%,58.80%,73.8
Justise Winslow,LAC,37,0.5,10.10%,1.05,0.6,0.2,0.4,50.00%,50.00%,15.00%,10.00%,10.00%,5.00%,50.00%,38.8
Daniel Theis,BOS,21,1,14.30%,1.05,1,0.5,0.7,71.40%,71.40%,5.00%,25.00%,5.00%,0.00%,55.00%,38.8
Zach Collins,SAS,28,0.8,10.00%,0.91,0.8,0.3,0.6,52.90%,52.90%,9.00%,17.40%,8.70%,0.00%,47.80%,21.4
Kevin Porter Jr.,HOU,61,0.2,1.30%,1.43,0.3,0.1,0.2,81.80%,81.80%,14.00%,14.30%,14.30%,7.10%,71.40%,94.7
Mike Muscala,OKC,43,0.4,5.90%,1.18,0.5,0.2,0.3,58.30%,58.30%,29.00%,5.90%,23.50%,5.90%,64.70%,63.8
Jaylen Nowell,MIN,62,0.2,2.50%,1.58,0.3,0.1,0.2,75.00%,79.20%,0.00%,0.00%,0.00%,0.00%,75.00%,99.4
Delon Wright,ATL,77,0.2,4.10%,1.36,0.2,0.1,0.2,64.30%,67.90%,0.00%,0.00%,0.00%,0.00%,64.30%,89.9
Maxi Kleber,DAL,59,0.3,3.90%,1.12,0.3,0.1,0.2,58.30%,58.30%,24.00%,11.80%,17.60%,5.90%,58.80%,52.7
David Duke Jr.,BKN,22,0.8,13.40%,1.12,0.9,0.3,0.6,50.00%,50.00%,18.00%,0.00%,11.80%,0.00%,58.80%,52.7
Jericho Sims,NYK,41,0.4,20.70%,1.06,0.5,0.2,0.3,61.50%,61.50%,28.00%,5.60%,27.80%,5.60%,55.60%,39.9
Brandon Ingram,NOP,55,0.3,1.40%,1.06,0.3,0.1,0.3,43.80%,43.80%,11.00%,0.00%,11.10%,0.00%,50.00%,39.9
DeAndre' Bembry,BKN,48,0.5,8.40%,0.86,0.4,0.2,0.4,45.00%,45.00%,5.00%,4.50%,4.50%,0.00%,45.50%,16.3
Nerlens Noel,NYK,25,0.9,25.00%,0.83,0.8,0.3,0.6,43.80%,43.80%,13.00%,17.40%,13.00%,0.00%,43.50%,12.5
Jeff Green,DEN,75,0.3,3.50%,0.79,0.3,0.1,0.2,31.30%,31.30%,21.00%,16.70%,20.80%,4.20%,37.50%,9.8
Tyrese Haliburton,SAC,51,0.2,1.60%,1.5,0.4,0.2,0.2,80.00%,80.00%,17.00%,8.30%,16.70%,8.30%,75.00%,97.6
Stephen Curry,GSW,64,0.2,0.80%,1.39,0.3,0.1,0.2,58.30%,66.70%,8.00%,0.00%,7.70%,0.00%,61.50%,93.2
Jalen Green,HOU,67,0.2,1.20%,1.29,0.3,0.1,0.1,80.00%,80.00%,7.00%,21.40%,7.10%,0.00%,64.30%,82
Kevin Durant,BKN,55,0.3,0.90%,1.29,0.3,0.1,0.2,72.70%,72.70%,7.00%,14.30%,0.00%,0.00%,64.30%,82
Avery Bradley,LAL,62,0.2,3.50%,1.29,0.3,0.1,0.2,64.30%,64.30%,0.00%,0.00%,0.00%,0.00%,64.30%,82
Bogdan Bogdanovic,ATL,63,0.2,1.60%,1.2,0.3,0.1,0.2,53.80%,53.80%,20.00%,0.00%,20.00%,6.70%,60.00%,67.7
Romeo Langford,BOS,44,0.3,7.00%,1.2,0.4,0.2,0.3,61.50%,61.50%,20.00%,6.70%,20.00%,13.30%,60.00%,67.7
Troy Brown Jr.,CHI,66,0.2,5.10%,1.2,0.3,0.1,0.2,66.70%,66.70%,7.00%,13.30%,6.70%,0.00%,60.00%,67.7
Malik Beasley,MIN,79,0.2,1.60%,1.2,0.2,0.1,0.2,57.10%,64.30%,0.00%,6.70%,0.00%,0.00%,53.30%,67.7
Kevin Huerter,ATL,74,0.2,1.80%,1.13,0.2,0.1,0.2,64.30%,64.30%,0.00%,12.50%,0.00%,0.00%,56.30%,54.8
Alec Burks,NYK,81,0.2,1.90%,1,0.2,0.1,0.1,50.00%,50.00%,28.00%,16.70%,22.20%,0.00%,55.60%,31.7
Nassir Little,POR,42,0.4,4.60%,1,0.4,0.2,0.3,57.10%,57.10%,6.00%,16.70%,5.60%,0.00%,50.00%,31.7
Moses Brown,CLE,14,1.4,25.00%,0.9,1.3,0.5,1.1,43.80%,43.80%,15.00%,5.00%,10.00%,0.00%,45.00%,19.7
Kessler Edwards,BKN,49,0.5,7.30%,0.78,0.4,0.2,0.5,39.10%,39.10%,0.00%,0.00%,0.00%,0.00%,39.10%,8.6
Brook Lopez,MIL,13,1.1,9.20%,1.21,1.3,0.6,0.9,66.70%,66.70%,7.00%,14.30%,7.10%,7.10%,57.10%,70.4
CJ McCollum,POR,36,0.4,1.80%,1.21,0.5,0.2,0.3,63.60%,68.20%,7.00%,14.30%,7.10%,0.00%,57.10%,70.4
Malcolm Brogdon,IND,36,0.4,2.30%,1.06,0.5,0.2,0.4,50.00%,50.00%,12.00%,6.30%,12.50%,6.30%,50.00%,41
Royce O'Neale,UTA,77,0.3,4.20%,0.74,0.2,0.1,0.2,42.90%,42.90%,17.00%,21.70%,8.70%,0.00%,39.10%,6.5
Buddy Hield,SAC,55,0.5,3.10%,0.68,0.3,0.1,0.4,38.10%,40.50%,0.00%,16.00%,0.00%,0.00%,32.00%,4.2
Jordan Poole,GSW,76,0.2,0.90%,1.33,0.2,0.1,0.1,70.00%,70.00%,8.00%,8.30%,8.30%,0.00%,66.70%,89
Doug McDermott,SAS,51,0.3,2.50%,1.23,0.3,0.2,0.2,66.70%,66.70%,0.00%,7.70%,0.00%,0.00%,61.50%,72.5
Rodney McGruder,DET,51,0.3,5.40%,1.14,0.3,0.1,0.2,60.00%,60.00%,14.00%,14.30%,14.30%,0.00%,57.10%,57.4
Fred VanVleet,TOR,65,0.2,1.10%,1.07,0.2,0.1,0.2,38.50%,50.00%,13.00%,6.70%,13.30%,6.70%,40.00%,42.3
Kentavious Caldwell-Pope,WAS,77,0.2,1.80%,0.89,0.2,0.1,0.2,40.00%,40.00%,17.00%,5.60%,16.70%,5.60%,44.40%,18.5
Draymond Green,GSW,46,0.4,4.30%,0.84,0.3,0.2,0.3,50.00%,50.00%,0.00%,15.80%,0.00%,0.00%,42.10%,14.9
Naji Marshall,NOP,55,0.4,5.90%,0.76,0.3,0.1,0.3,35.70%,35.70%,19.00%,14.30%,19.00%,0.00%,42.90%,7.7
Marquese Chriss,DAL,34,0.7,14.50%,0.67,0.5,0.2,0.7,30.40%,30.40%,8.00%,0.00%,8.30%,4.20%,33.30%,3.3
Charlie Brown Jr.,PHI,15,0.7,25.00%,0.4,0.3,0.1,0.7,20.00%,20.00%,0.00%,0.00%,0.00%,0.00%,20.00%,0.4
Damion Lee,GSW,63,0.2,2.20%,1.5,0.2,0.1,0.1,77.80%,83.30%,0.00%,10.00%,0.00%,0.00%,70.00%,97.6
Pat Connaughton,MIL,65,0.2,2.00%,1.36,0.2,0.1,0.1,85.70%,85.70%,18.00%,27.30%,18.20%,9.10%,63.60%,91.4
Matisse Thybulle,PHI,66,0.2,3.40%,1.25,0.2,0.1,0.2,58.30%,58.30%,8.00%,0.00%,8.30%,8.30%,58.30%,77
Juan Toscano-Anderson,GSW,73,0.2,3.90%,1.15,0.2,0.1,0.2,63.60%,63.60%,8.00%,7.70%,7.70%,0.00%,61.50%,59.4
Lonzo Ball,CHI,35,0.4,2.70%,1.15,0.4,0.2,0.3,60.00%,60.00%,15.00%,15.40%,15.40%,7.70%,53.80%,59.4
Tre Mann,OKC,60,0.2,2.00%,1.07,0.3,0.1,0.2,58.30%,58.30%,7.00%,7.10%,7.10%,0.00%,57.10%,43
Gordon Hayward,CHA,49,0.3,2.10%,0.94,0.3,0.1,0.3,42.90%,42.90%,12.00%,0.00%,12.50%,0.00%,50.00%,24.9
DeAndre Jordan,PHI,16,1.3,27.30%,0.71,0.9,0.4,1.1,35.30%,35.30%,10.00%,9.50%,9.50%,0.00%,38.10%,5.4
Ziaire Williams,MEM,62,0.2,2.10%,1.4,0.2,0.1,0.1,66.70%,66.70%,10.00%,0.00%,10.00%,0.00%,70.00%,93.8
George Hill,MIL,54,0.2,3.20%,1.27,0.3,0.1,0.1,66.70%,66.70%,27.00%,18.20%,18.20%,0.00%,63.60%,80.1
Danny Green,PHI,62,0.2,3.20%,1.17,0.2,0.1,0.1,55.60%,66.70%,8.00%,16.70%,0.00%,0.00%,50.00%,61.6
Darius Garland,CLE,68,0.2,0.90%,1,0.2,0.1,0.2,50.00%,50.00%,7.00%,7.10%,0.00%,0.00%,50.00%,31.7
Josh Jackson,DET,39,0.4,4.50%,1,0.4,0.2,0.3,58.30%,58.30%,0.00%,14.30%,0.00%,0.00%,50.00%,31.7
Kyle Lowry,MIA,63,0.2,1.70%,0.93,0.2,0.1,0.2,45.50%,50.00%,13.00%,13.30%,6.70%,0.00%,46.70%,24.3
Paul Millsap,BKN,24,0.7,15.40%,0.88,0.6,0.3,0.6,46.70%,46.70%,0.00%,6.30%,0.00%,0.00%,43.80%,17.2
Danilo Gallinari,ATL,66,0.3,2.40%,0.82,0.2,0.1,0.2,30.80%,30.80%,24.00%,0.00%,17.60%,0.00%,47.10%,12.2
Tre Jones,SAS,69,0.1,2.40%,1.3,0.2,0.1,0.1,60.00%,60.00%,10.00%,0.00%,10.00%,10.00%,60.00%,85
Furkan Korkmaz,PHI,67,0.1,1.80%,1.3,0.2,0.1,0.1,60.00%,65.00%,0.00%,0.00%,0.00%,0.00%,60.00%,85
Gary Trent Jr.,TOR,70,0.2,0.90%,1.18,0.2,0.1,0.1,50.00%,60.00%,9.00%,9.10%,9.10%,9.10%,45.50%,64.8
Ignas Brazdeikis,ORL,42,0.3,5.00%,1.18,0.3,0.1,0.2,66.70%,66.70%,9.00%,9.10%,0.00%,0.00%,63.60%,64.8
Collin Sexton,CLE,11,1,5.60%,1.18,1.2,0.5,0.7,62.50%,68.80%,18.00%,9.10%,18.20%,0.00%,63.60%,64.8
Joshua Primo,SAS,50,0.2,3.40%,1.08,0.3,0.1,0.2,75.00%,75.00%,8.00%,25.00%,8.30%,0.00%,58.30%,45.4
Reggie Perry,POR,9,1.3,12.80%,1.08,1.4,0.4,1,44.40%,44.40%,33.00%,8.30%,33.30%,16.70%,50.00%,45.4
Austin Reaves,LAL,61,0.2,3.40%,0.93,0.2,0.1,0.2,45.50%,45.50%,14.00%,7.10%,14.30%,0.00%,50.00%,22.8
Cam Reddish,ATL,34,0.4,3.30%,0.93,0.4,0.1,0.3,36.40%,40.90%,14.00%,7.10%,7.10%,0.00%,42.90%,22.8
Wesley Matthews,MIL,49,0.3,5.60%,0.93,0.3,0.1,0.2,55.60%,61.10%,7.00%,28.60%,0.00%,0.00%,42.90%,22.8
De'Andre Hunter,ATL,53,0.3,2.20%,0.81,0.2,0.1,0.2,38.50%,38.50%,12.00%,6.30%,12.50%,0.00%,43.80%,11
James Bouknight,CHA,30,0.4,7.10%,1,0.4,0.2,0.4,50.00%,50.00%,0.00%,0.00%,0.00%,0.00%,50.00%,31.8
Caris LeVert,IND,39,0.4,2.10%,0.81,0.3,0.1,0.3,27.30%,27.30%,25.00%,6.30%,18.80%,0.00%,43.80%,11
Nickeil Alexander-Walker,NOP,50,0.4,2.40%,0.72,0.3,0.1,0.3,26.70%,26.70%,17.00%,0.00%,16.70%,0.00%,38.90%,5.9
D'Angelo Russell,MIN,65,0.2,0.80%,1.2,0.2,0.1,0.1,66.70%,66.70%,0.00%,10.00%,0.00%,0.00%,60.00%,67.7
Dennis Smith Jr.,POR,37,0.3,3.80%,1.2,0.3,0.1,0.2,55.60%,61.10%,10.00%,0.00%,10.00%,0.00%,60.00%,67.7
Garrett Temple,NOP,59,0.2,3.10%,1.09,0.2,0.1,0.2,60.00%,60.00%,0.00%,9.10%,0.00%,0.00%,54.50%,47.4
R.J. Hampton,ORL,64,0.2,1.90%,1.09,0.2,0.1,0.2,60.00%,60.00%,9.00%,0.00%,9.10%,0.00%,54.50%,47.4
Jalen Suggs,ORL,48,0.3,1.60%,1,0.3,0.1,0.2,50.00%,50.00%,8.00%,8.30%,8.30%,0.00%,50.00%,31.7
Justise Winslow,POR,11,1.1,8.70%,1,1.1,0.5,1,54.50%,54.50%,8.00%,0.00%,16.70%,8.30%,50.00%,31.7
Cole Anthony,ORL,66,0.2,1.30%,0.8,0.2,0.1,0.2,42.90%,42.90%,0.00%,6.70%,0.00%,0.00%,40.00%,10.4
Reggie Jackson,LAC,75,0.2,1.00%,0.8,0.2,0.1,0.2,30.80%,38.50%,7.00%,6.70%,6.70%,0.00%,33.30%,10.4
Evan Fournier,NYK,80,0.2,1.40%,0.75,0.2,0.1,0.2,35.70%,35.70%,6.00%,6.30%,6.30%,0.00%,37.50%,6.8
Cody Martin,CHA,71,0.3,4.00%,0.57,0.2,0.1,0.2,35.30%,35.30%,10.00%,14.30%,9.50%,4.80%,28.60%,1.8
Greg Monroe,MIL,5,2,34.50%,1.1,2.2,1,1.8,55.60%,55.60%,10.00%,10.00%,10.00%,10.00%,50.00%,49.9
Devonte' Graham,NOP,76,0.1,1.10%,1,0.1,0.1,0.1,50.00%,50.00%,9.00%,9.10%,9.10%,9.10%,45.50%,31.7
Amir Coffey,LAC,69,0.2,2.10%,0.92,0.2,0.1,0.1,40.00%,40.00%,17.00%,0.00%,8.30%,0.00%,50.00%,21.7
Reggie Bullock,DAL,68,0.2,2.40%,0.85,0.2,0.1,0.2,45.50%,50.00%,0.00%,15.40%,0.00%,0.00%,38.50%,15.5
Josh Green,DAL,67,0.2,4.00%,0.85,0.2,0.1,0.1,44.40%,44.40%,15.00%,15.40%,15.40%,0.00%,46.20%,15.5
Spencer Dinwiddie,WAS,44,0.3,2.20%,0.79,0.3,0.1,0.3,33.30%,33.30%,14.00%,0.00%,7.10%,0.00%,42.90%,9
Talen Horton-Tucker,LAL,60,0.2,2.10%,0.79,0.2,0.1,0.2,40.00%,40.00%,14.00%,14.30%,14.30%,0.00%,42.90%,9
Killian Hayes,DET,66,0.2,2.30%,0.79,0.2,0.1,0.1,57.10%,57.10%,14.00%,35.70%,14.30%,0.00%,42.90%,9
Gary Harris,ORL,61,0.3,2.60%,0.65,0.2,0.1,0.2,33.30%,33.30%,18.00%,17.60%,17.60%,5.90%,35.30%,2.7
Ayo Dosunmu,CHI,77,0.2,2.50%,0.65,0.1,0.1,0.2,33.30%,33.30%,6.00%,5.90%,5.90%,0.00%,35.30%,2.7
Josh Richardson,BOS,44,0.2,2.40%,1,0.2,0.1,0.2,42.90%,42.90%,20.00%,10.00%,20.00%,0.00%,50.00%,31.7
Sterling Brown,DAL,49,0.2,5.90%,0.91,0.2,0.1,0.2,33.30%,33.30%,18.00%,0.00%,18.20%,0.00%,45.50%,20.8
Cameron Payne,PHX,58,0.2,1.70%,0.83,0.2,0.1,0.2,41.70%,41.70%,0.00%,0.00%,0.00%,0.00%,41.70%,14
Elfrid Payton,PHX,51,0.2,5.10%,0.83,0.2,0.1,0.2,55.60%,55.60%,0.00%,25.00%,0.00%,0.00%,41.70%,14
Jae Crowder,PHX,67,0.2,2.00%,0.77,0.1,0.1,0.1,40.00%,45.00%,8.00%,15.40%,7.70%,0.00%,38.50%,8.3
Zach LaVine,CHI,67,0.2,0.90%,0.71,0.1,0.1,0.2,36.40%,36.40%,7.00%,14.30%,7.10%,0.00%,35.70%,5.4
Marcus Morris Sr.,LAC,54,0.2,1.20%,0.9,0.2,0.1,0.1,37.50%,37.50%,20.00%,10.00%,20.00%,10.00%,40.00%,19.7
Norman Powell,POR,40,0.3,1.50%,0.9,0.2,0.1,0.2,50.00%,50.00%,20.00%,10.00%,20.00%,10.00%,50.00%,19.7
Josh Okogie,MIN,49,0.2,7.40%,0.82,0.2,0.1,0.2,37.50%,37.50%,18.00%,9.10%,18.20%,0.00%,45.50%,11.6
Svi Mykhailiuk,TOR,56,0.2,3.90%,0.82,0.2,0.1,0.1,37.50%,37.50%,18.00%,9.10%,18.20%,0.00%,45.50%,11.6
Torrey Craig,PHX,27,0.4,6.20%,0.75,0.3,0.1,0.3,44.40%,44.40%,8.00%,16.70%,8.30%,0.00%,41.70%,6.8
Brandon Boston Jr.,LAC,51,0.3,3.40%,0.69,0.2,0.1,0.2,33.30%,33.30%,8.00%,0.00%,7.70%,0.00%,38.50%,4.5
Buddy Hield,IND,26,0.6,3.10%,0.6,0.3,0.2,0.4,40.00%,45.00%,0.00%,33.30%,0.00%,0.00%,26.70%,2.1
Lonnie Walker IV,SAS,70,0.2,1.20%,0.73,0.1,0,0.1,28.60%,28.60%,18.00%,18.20%,18.20%,0.00%,36.40%,6.2
Georges Niang,PHI,76,0.2,1.90%,0.67,0.1,0,0.1,30.00%,40.00%,0.00%,16.70%,0.00%,0.00%,25.00%,3.3
Quentin Grimes,NYK,46,0.2,3.70%,0.7,0.2,0,0.2,28.60%,28.60%,30.00%,10.00%,20.00%,10.00%,30.00%,4.7
Theo Maledon,OKC,51,0.2,2.60%,0.64,0.1,0,0.1,33.30%,41.70%,9.00%,36.40%,9.10%,0.00%,27.30%,2.4
Alex Caruso,CHI,41,0.3,3.70%,0.54,0.2,0.1,0.3,27.30%,27.30%,15.00%,0.00%,15.40%,0.00%,30.80%,1.5
Jalen McDaniels,CHA,55,0.3,4.60%,0.47,0.1,0.1,0.2,25.00%,25.00%,7.00%,6.70%,13.30%,0.00%,26.70%,0.9
Taurean Prince,MIN,69,0.2,2.70%,0.46,0.1,0,0.1,10.00%,10.00%,15.00%,7.70%,15.40%,0.00%,23.10%,0.6
Immanuel Quickley,NYK,78,0.1,1.10%,0.5,0.1,0,0.1,16.70%,25.00%,10.00%,30.00%,0.00%,0.00%,20.00%,1.2
Grayson Allen,MIL,66,0.2,1.60%,0.2,0,0,0.1,12.50%,12.50%,0.00%,20.00%,0.00%,0.00%,10.00%,0