PLAYER,TEAM,GP,spotup_POSS,spotup_FREQ,spotup_PPP,spotup_PTS,spotup_FGM,spotup_FGA,spotup_FG%,spotup_EFG%,spotup_FTFREQ,spotup_TOVFREQ,spotup_SFFREQ,spotup_AND ONEFREQ,spotup_SCOREFREQ,spotup_PERCENTILE
Keldon Johnson,SAS,75,6.2,38.60%,1.15,7.1,2.5,5.6,44.50%,58.10%,6.50%,4.30%,6.00%,1.50%,45.20%,84.1
Miles Bridges,CHA,80,5.7,30.10%,1.04,5.9,2.1,5.1,41.60%,51.90%,8.40%,4.40%,8.40%,3.50%,42.40%,62.4
Evan Fournier,NYK,80,4.9,35.50%,1.18,5.8,2.1,4.5,46.50%,62.00%,3.80%,6.60%,3.30%,1.00%,44.90%,87.6
Dorian Finney-Smith,DAL,80,5.3,52.00%,1.08,5.7,2,4.8,41.70%,58.10%,1.70%,7.10%,1.20%,0.00%,39.70%,70.7
Saddiq Bey,DET,82,5.3,32.50%,1.01,5.3,1.7,4.8,36.10%,50.80%,5.70%,4.40%,5.70%,0.90%,37.40%,55.2
Harrison Barnes,SAC,77,4.6,31.30%,1.2,5.5,1.7,3.8,45.70%,60.40%,15.10%,6.80%,14.00%,4.30%,47.90%,90.7
Georges Niang,PHI,76,4.9,57.90%,1.11,5.4,1.9,4.5,41.40%,57.20%,3.50%,4.80%,3.50%,1.10%,40.60%,76.9
Malik Beasley,MIN,79,4.5,39.50%,1.15,5.2,1.8,4.4,40.40%,58.60%,1.70%,3.10%,1.40%,0.60%,39.80%,83.7
Terry Rozier,CHA,73,5,27.50%,1.13,5.6,2,4.8,42.30%,56.40%,3.00%,1.90%,3.00%,1.60%,42.30%,81
Jaylen Brown,BOS,66,5.7,24.80%,1.08,6.2,2.1,5.1,41.20%,54.60%,7.40%,5.00%,6.90%,1.60%,42.30%,69.8
Mikal Bridges,PHX,82,4.6,37.70%,1.08,4.9,1.8,4.2,43.00%,55.20%,4.30%,5.30%,4.00%,1.60%,42.20%,69
Kelly Oubre Jr.,CHA,76,4.9,34.60%,1.07,5.3,1.8,4.5,40.00%,55.20%,4.80%,4.30%,5.10%,1.90%,39.70%,67.8
Cameron Johnson,PHX,66,4.8,45.30%,1.25,6,2,4.5,43.80%,62.80%,5.00%,2.80%,4.40%,1.60%,44.20%,93.6
Bojan Bogdanovic,UTA,69,4.8,28.90%,1.18,5.7,1.9,4.3,43.00%,59.40%,6.90%,4.20%,5.10%,0.60%,44.70%,88.4
Patty Mills,BKN,81,3.9,35.20%,1.21,4.7,1.6,3.7,42.30%,60.80%,2.60%,2.90%,2.20%,1.30%,41.90%,92.1
RJ Barrett,NYK,70,5.7,26.30%,0.92,5.3,1.7,5.1,34.20%,46.00%,8.20%,4.70%,7.50%,1.00%,36.80%,36
Kentavious Caldwell-Pope,WAS,77,4.4,34.40%,1.09,4.8,1.6,4.1,40.00%,54.60%,5.00%,4.10%,4.70%,2.10%,40.10%,72.3
Devin Vassell,SAS,71,5.1,42.20%,1.01,5.2,1.9,4.9,38.80%,50.90%,3.00%,3.30%,3.00%,1.10%,38.70%,56.4
Alec Burks,NYK,81,4.1,36.00%,1.1,4.5,1.5,3.6,41.40%,55.90%,8.40%,5.70%,7.20%,2.40%,41.90%,74.6
Jayson Tatum,BOS,76,4.3,16.50%,1.12,4.8,1.6,3.8,41.80%,55.80%,8.60%,5.80%,7.70%,1.80%,43.30%,78.5
Desmond Bane,MEM,76,3.9,23.50%,1.22,4.8,1.7,3.7,47.00%,63.20%,1.00%,4.40%,1.00%,0.00%,45.50%,92.8
Coby White,CHI,61,5.4,43.70%,1.1,5.9,2.1,5,41.80%,56.70%,3.30%,5.20%,3.30%,0.90%,41.00%,75.2
Andrew Wiggins,GSW,73,4.6,27.20%,1.08,4.9,1.7,4.2,40.70%,54.90%,6.00%,3.90%,5.70%,0.90%,42.10%,68.8
Karl-Anthony Towns,MIN,74,4.4,20.00%,1.11,4.9,1.6,3.6,45.50%,57.50%,11.40%,8.90%,10.20%,2.80%,45.80%,76.2
Tyrese Maxey,PHI,75,4.1,26.20%,1.14,4.7,1.7,3.8,45.10%,55.60%,7.10%,1.60%,7.10%,2.30%,47.10%,82.8
Marcus Smart,BOS,71,4.9,36.50%,1.01,5,1.7,4.6,37.30%,50.60%,4.60%,4.00%,4.60%,1.10%,37.40%,55.6
Jaren Jackson Jr.,MEM,78,4.8,28.60%,0.93,4.5,1.5,4.3,35.00%,45.80%,8.80%,4.00%,8.80%,2.40%,36.70%,37.2
Gary Trent Jr.,TOR,70,4.5,25.70%,1.09,4.9,1.8,4.4,40.20%,54.90%,2.20%,2.20%,2.20%,0.90%,40.10%,72.5
Tobias Harris,PHI,73,4.5,27.20%,1.01,4.6,1.7,4.1,41.00%,51.80%,4.50%,6.00%,4.20%,0.90%,40.40%,57.2
Jalen Brunson,DAL,79,3.7,24.10%,1.14,4.2,1.6,3.5,46.50%,57.10%,4.40%,3.80%,4.10%,1.40%,46.40%,81.8
LaMelo Ball,CHA,75,4.1,19.30%,1.07,4.4,1.5,3.7,39.10%,55.00%,3.60%,5.80%,2.90%,0.00%,39.00%,68.5
Jae Crowder,PHX,67,4.6,48.00%,1.08,4.9,1.7,4.2,39.80%,54.00%,5.20%,3.00%,4.90%,1.30%,40.70%,69.4
Kevin Huerter,ATL,74,3.8,32.10%,1.17,4.4,1.6,3.6,43.60%,61.30%,0.70%,4.60%,0.70%,0.40%,41.80%,87
Royce O'Neale,UTA,77,3.7,52.90%,1.09,4.1,1.4,3.3,41.90%,58.90%,3.80%,9.00%,3.10%,1.00%,39.60%,73.2
Kyle Kuzma,WAS,66,5,27.60%,0.94,4.7,1.7,4.3,38.20%,50.50%,5.70%,9.40%,5.70%,1.50%,37.20%,38.8
Danilo Gallinari,ATL,66,4,37.30%,1.18,4.7,1.6,3.7,43.90%,58.80%,4.90%,3.40%,4.60%,1.10%,44.50%,88.2
Kevin Love,CLE,74,3.7,29.20%,1.13,4.2,1.3,3.4,39.00%,56.40%,5.10%,4.40%,4.70%,0.70%,39.60%,80.4
Bogdan Bogdanovic,ATL,63,4.1,28.40%,1.18,4.9,1.7,3.9,44.90%,60.00%,3.50%,3.50%,3.50%,1.20%,44.60%,88.6
Grayson Allen,MIL,66,3.7,38.20%,1.25,4.6,1.6,3.5,45.20%,63.30%,3.30%,2.90%,3.30%,0.00%,45.70%,94.2
Lauri Markkanen,CLE,61,5,37.00%,1,5,1.6,4.7,35.20%,50.40%,4.20%,3.90%,3.60%,1.00%,35.90%,53.7
Devonte' Graham,NOP,76,3.8,29.40%,1.07,4,1.4,3.6,37.70%,54.80%,1.40%,3.50%,1.40%,0.70%,36.80%,67.4
Luguentz Dort,OKC,51,6.3,35.90%,0.94,6,2.1,5.6,36.90%,48.10%,5.90%,6.50%,4.00%,1.60%,37.30%,39.3
Lonnie Walker IV,SAS,70,4.3,33.00%,1.01,4.3,1.5,3.8,39.20%,52.90%,6.00%,6.70%,6.00%,1.00%,39.60%,57.9
Jordan Clarkson,UTA,79,4.4,26.40%,0.88,3.8,1.4,4,34.50%,45.70%,2.90%,6.10%,2.30%,0.30%,34.00%,28.3
Darius Bazley,OKC,69,4.5,38.40%,0.96,4.3,1.5,4,37.80%,50.00%,5.80%,6.70%,5.80%,1.60%,37.50%,44.4
Grant Williams,BOS,77,3.4,48.40%,1.14,3.8,1.3,3,42.30%,60.00%,3.90%,7.30%,3.50%,1.50%,40.50%,82.4
Reggie Bullock,DAL,68,3.8,47.90%,1.12,4.3,1.5,3.7,40.40%,57.40%,1.50%,3.10%,1.10%,0.40%,39.80%,79.8
Julius Randle,NYK,72,4.8,20.90%,0.83,4,1.4,4.1,33.80%,43.30%,7.80%,9.20%,6.00%,1.10%,34.50%,21.5
Corey Kispert,WAS,77,3.4,44.10%,1.11,3.7,1.3,3.2,40.90%,57.50%,0.80%,4.20%,0.80%,0.40%,39.40%,76.7
Herbert Jones,NOP,78,3.7,38.80%,0.98,3.6,1.3,3.2,41.00%,51.00%,6.60%,8.70%,5.90%,1.40%,40.50%,50
Pat Connaughton,MIL,65,3.7,43.80%,1.16,4.3,1.5,3.6,41.20%,59.70%,0.80%,3.30%,0.80%,0.40%,40.10%,85.5
Norman Powell,POR,40,5.3,31.10%,1.27,6.8,2.4,4.8,49.70%,64.40%,7.90%,3.70%,6.50%,0.90%,50.90%,95.2
Bobby Portis,MIL,72,3.6,25.50%,1.05,3.8,1.4,3.4,39.90%,54.20%,0.40%,3.50%,0.40%,0.00%,38.80%,64.9
Jaden McDaniels,MIN,70,3.9,41.90%,0.98,3.9,1.4,3.6,39.70%,52.20%,2.20%,7.60%,2.20%,1.50%,37.10%,49.5
Carmelo Anthony,LAL,69,3.8,31.40%,1.01,3.9,1.4,3.6,37.50%,51.20%,3.00%,3.80%,3.00%,1.50%,37.00%,56.8
Deni Avdija,WAS,82,3.5,40.10%,0.92,3.3,1.1,3.2,36.30%,48.50%,3.40%,7.60%,2.40%,0.30%,35.50%,36.4
Luke Kennard,LAC,70,2.9,27.80%,1.33,3.8,1.3,2.7,48.40%,68.40%,2.00%,4.50%,2.00%,0.50%,47.00%,97.3
Nicolas Batum,LAC,59,3.6,48.00%,1.26,4.5,1.6,3.4,45.30%,65.00%,0.90%,3.80%,0.90%,0.50%,43.90%,94.6
Landry Shamet,PHX,69,3.3,40.80%,1.17,3.8,1.2,3,41.00%,58.10%,5.30%,3.50%,5.30%,1.30%,41.90%,86.2
Jalen Green,HOU,67,3.5,19.70%,1.14,4,1.4,3.2,43.70%,58.90%,3.90%,5.60%,3.40%,0.90%,42.90%,82
Jerami Grant,DET,47,5.4,28.70%,1.04,5.6,1.9,4.8,39.60%,53.10%,6.30%,5.10%,6.30%,0.40%,41.20%,63.6
De'Anthony Melton,MEM,73,3.6,30.50%,1.01,3.6,1.2,3.2,37.30%,52.10%,4.90%,6.80%,4.60%,0.40%,37.30%,56
OG Anunoby,TOR,48,5.2,30.00%,1.06,5.5,1.9,4.9,39.60%,55.10%,1.60%,4.00%,1.60%,0.00%,39.00%,66.1
Max Strus,MIA,68,3.1,33.00%,1.25,3.9,1.3,2.9,44.20%,64.80%,1.90%,4.70%,1.40%,0.90%,42.70%,93.8
Duncan Robinson,MIA,79,3,29.10%,1.12,3.3,1.1,2.9,38.30%,56.40%,1.70%,2.10%,1.30%,0.40%,38.30%,79.1
Malik Monk,LAL,76,3.4,26.00%,1.02,3.5,1.2,3.1,38.50%,53.30%,2.30%,5.40%,1.90%,0.00%,37.80%,58.7
Anthony Edwards,MIN,72,3.3,15.60%,1.08,3.6,1.3,2.9,43.30%,57.50%,5.80%,9.50%,5.40%,1.70%,41.50%,69.6
DeMar DeRozan,CHI,76,3.2,12.40%,1.07,3.4,1.2,2.9,42.50%,51.60%,8.60%,3.70%,7.80%,3.30%,44.00%,68
Franz Wagner,ORL,79,3.3,21.60%,1.01,3.3,1.2,2.9,43.00%,52.40%,4.70%,7.40%,4.70%,0.80%,42.00%,57
Garrison Mathews,HOU,65,3.2,37.30%,1.23,4,1.2,3,41.50%,61.10%,8.10%,3.30%,8.10%,3.80%,42.60%,93.4
Tyler Herro,MIA,66,3.2,15.00%,1.23,3.9,1.4,2.8,49.70%,65.40%,4.30%,7.70%,3.80%,0.50%,47.80%,93.2
Monte Morris,DEN,75,2.9,24.40%,1.19,3.4,1.2,2.7,43.10%,60.50%,2.30%,4.20%,2.30%,0.90%,42.10%,89.3
Anfernee Simons,POR,57,3.5,21.00%,1.27,4.5,1.5,3.4,45.00%,65.40%,1.50%,3.50%,1.50%,0.00%,44.30%,95.5
Oshae Brissett,IND,67,4,41.90%,0.95,3.8,1.2,3.3,36.00%,48.40%,10.90%,6.80%,10.90%,1.90%,38.10%,40.9
Devin Booker,PHX,68,3.2,12.60%,1.15,3.7,1.4,3,45.30%,57.60%,5.50%,3.20%,5.00%,1.80%,45.90%,83.5
Donovan Mitchell,UTA,67,3.6,14.10%,1.05,3.7,1.3,3.3,40.10%,53.40%,2.90%,5.00%,2.90%,0.80%,39.30%,64.3
Chuma Okeke,ORL,70,4.3,45.00%,0.84,3.6,1.2,4.1,29.80%,42.60%,1.30%,3.00%,1.30%,0.00%,29.90%,22.9
P.J. Washington,CHA,65,3.7,37.20%,1.03,3.8,1.3,3.4,38.80%,53.70%,3.30%,6.20%,2.50%,0.00%,38.40%,61.6
Fred VanVleet,TOR,65,3.2,15.30%,1.2,3.8,1.2,3,42.00%,61.10%,3.40%,3.40%,2.90%,0.00%,42.00%,91.1
Khris Middleton,MIL,66,2.9,14.70%,1.27,3.7,1.3,2.8,47.30%,63.50%,4.60%,3.10%,4.60%,1.50%,47.40%,95.3
Will Barton,DEN,71,3.7,24.20%,0.94,3.5,1.2,3.5,34.80%,48.00%,2.70%,3.40%,2.70%,0.80%,34.90%,38.6
Zach LaVine,CHI,67,3.1,13.60%,1.19,3.6,1.2,2.6,44.30%,59.40%,9.30%,6.30%,8.80%,1.50%,45.90%,90.1
Taurean Prince,MIN,69,3,43.30%,1.19,3.5,1.2,2.7,44.60%,59.40%,6.80%,3.90%,6.30%,1.50%,45.90%,89.5
Al Horford,BOS,69,3.2,33.10%,1.09,3.5,1.2,3,40.00%,55.20%,3.10%,3.10%,3.10%,0.40%,40.40%,72.1
Ayo Dosunmu,CHI,77,3.3,37.00%,0.96,3.1,1.2,2.9,41.30%,53.10%,0.80%,10.40%,0.80%,0.80%,37.10%,44
Joel Embiid,PHI,68,3.2,11.50%,1.1,3.5,1.2,2.7,43.20%,53.20%,13.80%,5.50%,13.30%,4.10%,45.90%,73.8
De'Andre Hunter,ATL,53,4.4,32.60%,1.01,4.5,1.5,3.8,40.40%,52.20%,6.80%,6.40%,5.60%,0.40%,40.60%,57.4
Marcus Morris Sr.,LAC,54,3.9,26.00%,1.11,4.4,1.6,3.6,42.90%,56.90%,4.20%,5.20%,3.30%,1.90%,42.00%,77.7
Jae'Sean Tate,HOU,78,3.5,28.90%,0.87,3,1.1,3.1,35.80%,45.50%,3.70%,7.00%,3.70%,1.10%,34.40%,27.5
Ben McLemore,POR,64,3.1,32.00%,1.16,3.7,1.2,2.9,40.20%,59.00%,4.50%,4.50%,4.00%,0.50%,40.80%,85.9
Pascal Siakam,TOR,68,3.5,15.30%,0.98,3.4,1.2,3.1,39.00%,50.70%,6.30%,6.70%,5.90%,1.30%,39.50%,50.4
P.J. Tucker,MIA,71,2.9,39.70%,1.12,3.3,1.2,2.8,42.10%,58.60%,0.50%,4.80%,0.50%,0.00%,40.40%,79.7
Danny Green,PHI,62,3.3,55.10%,1.13,3.7,1.3,3.1,40.50%,59.00%,1.00%,4.40%,0.50%,0.50%,39.00%,80.8
Austin Rivers,DEN,67,2.9,45.40%,1.2,3.4,1.2,2.6,45.60%,63.70%,3.60%,7.30%,3.10%,0.00%,44.30%,90.9
Eric Gordon,HOU,57,3.5,27.10%,1.17,4,1.4,3.1,45.40%,58.60%,8.10%,5.10%,8.10%,1.50%,46.70%,86.4
Reggie Jackson,LAC,75,3.4,17.40%,0.91,3.1,1.1,3.2,32.80%,46.10%,2.40%,3.10%,2.00%,0.40%,33.10%,32.9
D'Angelo Russell,MIN,65,3.5,18.40%,1,3.5,1.2,3.4,36.10%,50.20%,2.60%,2.60%,2.60%,0.90%,36.20%,51.9
Cade Cunningham,DET,64,3.6,17.20%,0.99,3.5,1.3,3.4,36.70%,49.80%,2.20%,3.00%,1.30%,0.00%,37.00%,51.2
Caleb Martin,MIA,60,3.1,36.90%,1.21,3.8,1.3,2.7,48.10%,62.80%,8.60%,7.00%,8.60%,1.10%,48.70%,92.2
Kenyon Martin Jr.,HOU,79,2.8,35.50%,1,2.8,1,2.6,39.20%,51.70%,5.30%,4.40%,5.30%,2.70%,38.70%,53.7
Robert Covington,POR,48,4.8,55.70%,0.98,4.7,1.6,4.4,37.00%,50.90%,2.20%,5.30%,1.80%,0.00%,36.00%,49.8
Lonzo Ball,CHI,35,5.4,39.80%,1.18,6.3,2.1,5.1,42.10%,62.40%,0.00%,5.80%,0.00%,0.00%,39.70%,87.2
Amir Coffey,LAC,69,2.9,36.00%,1.09,3.2,1.1,2.7,39.00%,54.50%,5.00%,3.50%,5.00%,1.00%,40.10%,73.4
Terance Mann,LAC,81,2.5,23.40%,1.11,2.7,1,2.2,45.10%,57.40%,4.00%,5.50%,3.50%,1.00%,43.70%,76.4
Gary Harris,ORL,61,3.3,30.90%,1.09,3.6,1.2,3.1,39.60%,54.90%,2.50%,3.50%,2.50%,1.00%,39.10%,71.9
Kevin Durant,BKN,55,3.6,13.30%,1.12,4,1.4,3.1,44.50%,55.50%,7.70%,5.10%,7.10%,1.00%,45.90%,78.7
Immanuel Quickley,NYK,78,2.9,25.40%,0.95,2.8,0.9,2.6,35.70%,46.20%,8.70%,6.50%,7.80%,1.70%,37.80%,39.9
Jordan Poole,GSW,76,2.7,15.30%,1.05,2.9,1,2.5,39.00%,52.70%,4.80%,5.30%,3.90%,0.50%,39.60%,64.5
Josh Richardson,BOS,44,4.5,48.50%,1.07,4.9,1.7,4.1,40.30%,53.90%,5.00%,5.00%,4.00%,0.50%,41.00%,68.2
Patrick Beverley,MIN,59,3.3,34.30%,1.08,3.6,1.2,3,38.90%,54.60%,7.20%,3.60%,6.20%,0.50%,40.50%,70.2
Tim Hardaway Jr.,DAL,42,5.1,35.00%,0.98,5,1.7,4.8,36.30%,49.30%,3.30%,2.30%,3.30%,0.00%,37.60%,47.9
Obi Toppin,NYK,72,3,37.20%,0.95,2.8,1,2.7,36.00%,47.00%,7.40%,5.10%,7.40%,3.20%,36.40%,39.5
Chris Duarte,IND,55,3.7,26.60%,1.01,3.7,1.2,3.1,39.50%,52.30%,6.40%,8.40%,5.40%,0.00%,39.10%,56.2
Dejounte Murray,SAS,68,3.1,13.90%,0.96,3,1.1,2.9,36.40%,47.70%,5.20%,3.30%,4.20%,1.90%,36.80%,44.6
Davion Mitchell,SAC,75,3,22.50%,0.91,2.7,1,2.8,35.70%,47.60%,1.80%,4.90%,1.80%,0.40%,34.80%,34.5
Derrick White,SAS,49,4,27.00%,1.04,4.1,1.4,3.6,38.50%,52.60%,7.10%,5.60%,6.10%,1.50%,39.30%,62.7
Buddy Hield,SAC,55,3.5,23.50%,1.06,3.7,1.3,3.2,39.30%,56.20%,1.00%,5.80%,1.00%,0.00%,37.70%,65.7
Isaac Okoro,CLE,67,3.1,36.80%,0.98,3,1,2.6,38.10%,51.40%,6.80%,8.30%,5.80%,0.50%,38.80%,49.2
Chimezie Metu,SAC,61,4,44.90%,0.81,3.3,1.1,3.4,32.70%,41.60%,7.30%,8.90%,7.30%,0.40%,34.40%,20
Christian Wood,HOU,68,3,17.60%,0.99,2.9,1,2.6,38.30%,50.60%,5.90%,5.40%,4.40%,0.00%,39.90%,51
Frank Jackson,DET,53,3.8,36.40%,0.98,3.8,1.3,3.5,36.60%,49.20%,4.40%,4.90%,4.40%,0.50%,37.30%,49
Russell Westbrook,LAL,78,2.9,13.10%,0.9,2.6,0.9,2.5,37.60%,47.40%,6.70%,7.20%,6.30%,0.90%,37.20%,31
Jonathan Kuminga,GSW,71,2.6,29.20%,1.09,2.8,0.9,2.2,42.40%,55.70%,9.30%,4.90%,9.30%,1.10%,44.00%,71.5
Gabe Vincent,MIA,68,2.5,27.10%,1.15,2.9,1,2.4,40.40%,57.80%,1.70%,1.70%,1.20%,0.00%,40.70%,83.3
De'Aaron Fox,SAC,59,3.4,14.30%,0.98,3.3,1.2,3,40.00%,48.30%,9.50%,4.50%,9.50%,1.00%,43.30%,48.8
Cody Martin,CHA,71,2.5,34.20%,1.08,2.8,1,2.2,45.90%,58.50%,3.90%,10.50%,3.90%,2.20%,42.00%,70.5
Bones Hyland,DEN,69,2.7,26.30%,1.05,2.8,1,2.5,39.00%,55.80%,1.10%,6.50%,0.50%,0.00%,37.10%,65.1
Nikola Jokic,DEN,74,2.5,10.50%,1.05,2.6,0.9,2.2,43.20%,54.90%,7.00%,7.60%,6.50%,2.20%,42.70%,64.7
Brandon Ingram,NOP,55,3.5,15.20%,1.01,3.5,1.2,3,41.20%,52.70%,7.80%,8.80%,6.70%,2.10%,40.90%,55.4
Chris Boucher,TOR,80,2.4,27.60%,1,2.4,0.8,2.3,35.90%,50.00%,4.60%,3.60%,5.10%,1.50%,36.40%,51.7
Otto Porter Jr.,GSW,63,2.7,35.50%,1.13,3.1,1,2.6,41.00%,56.20%,4.10%,2.30%,2.90%,0.60%,42.10%,80.6
Trae Young,ATL,76,1.9,6.90%,1.34,2.5,0.8,1.6,52.50%,65.20%,13.30%,4.90%,11.20%,3.50%,53.80%,97.7
Duane Washington Jr.,IND,48,3.5,32.50%,1.16,4,1.4,3.3,42.30%,58.30%,4.20%,3.00%,3.60%,1.20%,42.80%,85.1
Jeff Green,DEN,75,2.3,25.60%,1.1,2.5,0.8,2,42.30%,55.40%,9.80%,5.20%,9.80%,0.60%,44.80%,74.2
Nickeil Alexander-Walker,NOP,50,4.1,27.20%,0.92,3.8,1.3,3.9,33.50%,46.40%,2.90%,2.90%,2.40%,0.00%,34.50%,35.9
Mo Bamba,ORL,71,2.7,26.60%,0.97,2.6,0.9,2.5,35.40%,50.80%,1.60%,4.70%,1.60%,0.00%,34.70%,46.9
Justin Holiday,IND,49,4,37.00%,0.96,3.8,1.3,3.7,36.30%,50.80%,1.50%,6.20%,1.00%,0.00%,35.10%,45
Nikola Vucevic,CHI,73,2.8,15.50%,0.9,2.5,1,2.7,36.90%,46.70%,1.00%,4.30%,1.00%,1.00%,35.30%,31.2
Cole Anthony,ORL,66,2.8,15.80%,0.98,2.8,0.8,2.5,33.70%,47.60%,7.50%,4.80%,6.40%,1.10%,36.40%,50.8
Aaron Gordon,DEN,75,2.5,17.60%,0.98,2.4,0.9,2.3,38.20%,51.20%,2.70%,5.90%,2.70%,1.10%,36.40%,48.4
Tre Mann,OKC,60,3,25.90%,1.01,3,1.1,2.7,39.50%,51.90%,4.40%,6.10%,4.40%,0.60%,38.90%,56.6
Rudy Gay,UTA,55,3.5,41.00%,0.95,3.3,1,3.1,33.70%,47.30%,5.80%,5.30%,5.30%,0.00%,35.30%,41.3
Cory Joseph,DET,65,2.4,29.40%,1.16,2.8,1,2.2,44.70%,60.60%,4.50%,6.50%,4.50%,1.90%,43.20%,85.7
Bruce Brown,BKN,72,2.3,26.50%,1.1,2.5,0.9,2,42.50%,54.50%,9.20%,4.30%,8.60%,3.10%,43.60%,74.4
Kyle Lowry,MIA,63,2.5,18.00%,1.13,2.8,1,2.3,43.00%,61.60%,1.30%,8.30%,1.30%,0.00%,40.10%,81.2
Myles Turner,IND,42,3.8,32.70%,1.11,4.2,1.5,3.5,42.20%,55.80%,6.30%,3.10%,5.60%,1.30%,43.80%,77.3
Tyus Jones,MEM,73,2.1,25.00%,1.14,2.4,0.9,2.1,41.70%,57.30%,1.30%,1.90%,1.30%,0.00%,41.70%,81.4
Ziaire Williams,MEM,62,2.9,37.00%,0.98,2.9,1,2.7,37.30%,51.50%,1.10%,4.40%,1.70%,0.00%,36.10%,50.6
Mike Conley,UTA,72,2.1,15.60%,1.14,2.4,0.9,2,44.70%,59.90%,3.30%,4.60%,3.30%,0.70%,43.10%,82.9
Darius Garland,CLE,68,2.6,11.80%,0.98,2.6,0.9,2.4,37.20%,50.90%,2.20%,5.60%,2.20%,0.00%,36.50%,50.2
Kevin Porter Jr.,HOU,61,2.1,11.80%,1.37,2.9,1,1.9,51.30%,73.00%,5.50%,6.30%,5.50%,0.80%,50.40%,98.1
Stephen Curry,GSW,64,2.4,10.10%,1.12,2.7,0.9,2.2,40.00%,53.90%,6.50%,3.20%,4.50%,0.00%,42.60%,78.3
Doug McDermott,SAS,51,3.1,30.10%,1.09,3.4,1.2,2.9,42.90%,56.80%,1.90%,5.70%,1.90%,0.00%,41.50%,71.7
Eric Bledsoe,LAC,54,3,25.50%,1.08,3.2,1.1,2.7,41.40%,54.80%,6.30%,4.40%,6.30%,1.30%,41.90%,69.2
Kyle Anderson,MEM,69,2.6,30.20%,0.98,2.5,0.9,2.3,41.00%,51.00%,5.70%,6.80%,5.10%,1.10%,40.90%,48.2
Damion Lee,GSW,63,2.8,39.30%,0.96,2.7,1,2.7,36.90%,48.80%,3.40%,3.90%,3.40%,1.10%,36.90%,44.2
Gordon Hayward,CHA,49,3.4,21.80%,1.03,3.5,1.3,3.1,40.80%,53.30%,3.60%,5.40%,3.60%,0.60%,40.40%,61.8
R.J. Hampton,ORL,64,2.6,28.20%,1.02,2.7,1,2.4,41.40%,55.30%,3.00%,6.60%,3.00%,0.60%,38.30%,59.3
Payton Pritchard,BOS,71,2.3,38.40%,1.04,2.4,0.8,2.2,37.40%,53.50%,1.20%,3.70%,1.20%,0.60%,36.40%,63.8
Rui Hachimura,WAS,42,4,38.00%,1.01,4,1.5,3.7,40.10%,51.60%,3.60%,4.80%,3.00%,2.40%,38.70%,55.8
Furkan Korkmaz,PHI,67,3,35.50%,0.85,2.5,0.8,2.7,31.10%,42.50%,5.10%,4.00%,4.00%,0.00%,32.80%,24.8
Cam Thomas,BKN,67,2.6,28.50%,0.97,2.5,0.9,2.3,41.40%,48.70%,6.40%,6.40%,6.40%,1.20%,41.90%,46.3
Quentin Grimes,NYK,46,3,51.10%,1.2,3.6,1.2,2.8,43.40%,63.20%,2.20%,5.10%,0.70%,0.70%,42.00%,91.3
Dennis Schroder,BOS,49,3.5,22.60%,0.98,3.4,1.2,3.1,38.00%,51.00%,4.70%,7.10%,4.10%,0.00%,38.20%,47.7
Maxi Kleber,DAL,59,3.3,45.00%,0.85,2.8,0.9,2.9,30.10%,44.20%,4.10%,7.70%,3.60%,0.50%,30.30%,24.4
Wendell Carter Jr.,ORL,62,2.6,18.10%,1.02,2.7,0.9,2.3,40.10%,50.70%,8.60%,5.60%,8.00%,1.90%,41.40%,59.5
Seth Curry,PHI,45,3.7,26.10%,1,3.7,1.4,3.3,43.00%,54.40%,1.20%,9.10%,1.20%,0.60%,39.40%,53.7
Jordan Nwora,MIL,62,2.8,31.90%,0.97,2.7,1,2.5,38.90%,51.90%,1.20%,7.00%,1.20%,0.00%,36.30%,45.3
John Collins,ATL,54,3.3,22.60%,0.91,3,1.1,3,36.00%,46.60%,4.00%,5.70%,3.40%,1.10%,35.80%,33.7
Moritz Wagner,ORL,63,2.8,34.60%,0.91,2.5,0.9,2.5,34.40%,45.50%,6.30%,5.10%,5.70%,0.60%,35.80%,33.7
Jaylen Nowell,MIN,62,2.3,29.20%,1.12,2.6,1,2.1,45.10%,56.00%,5.60%,4.20%,5.60%,3.50%,44.40%,79.5
Eric Paschall,UTA,58,2.5,48.60%,1.1,2.7,0.9,2.1,42.70%,55.60%,9.70%,6.30%,9.70%,2.10%,44.40%,75.8
Jalen McDaniels,CHA,55,2.6,44.40%,1.08,2.8,0.9,2.1,42.40%,55.90%,11.10%,8.30%,9.70%,1.40%,44.40%,70.9
LeBron James,LAL,56,2.7,9.80%,1.03,2.8,0.9,2.5,37.30%,53.50%,2.60%,3.90%,2.60%,0.00%,37.50%,61.2
Scottie Barnes,TOR,74,2.7,17.10%,0.79,2.1,0.8,2.5,32.10%,40.50%,2.50%,5.10%,2.50%,0.50%,31.80%,18
Rodney McGruder,DET,51,2.1,41.80%,1.4,3,1,1.9,53.60%,75.30%,5.50%,5.50%,4.60%,0.00%,53.20%,98.3
Hamidou Diallo,DET,58,3.2,28.60%,0.83,2.6,1.1,2.9,37.30%,43.10%,5.40%,5.40%,4.90%,1.10%,37.50%,21.7
Wayne Ellington,LAL,43,2.6,43.00%,1.37,3.5,1.2,2.5,46.70%,69.60%,0.90%,2.70%,0.90%,0.00%,45.90%,97.9
Giannis Antetokounmpo,MIL,67,2.2,8.20%,1.03,2.3,0.9,1.8,48.00%,56.10%,9.50%,8.80%,10.10%,2.00%,46.60%,61.4
Nassir Little,POR,42,3.6,38.20%,1.01,3.6,1.2,3.2,38.50%,51.90%,5.30%,6.00%,4.70%,1.30%,38.00%,57.6
Javonte Green,CHI,65,2.3,37.40%,1.01,2.3,0.8,2,39.20%,51.50%,6.70%,6.70%,6.70%,0.70%,40.30%,57.9
Jrue Holiday,MIL,67,2.1,11.60%,1.06,2.2,0.8,1.8,43.30%,57.10%,5.70%,9.20%,5.00%,0.00%,42.60%,66.7
Josh Christopher,HOU,74,2.3,25.30%,0.88,2,0.7,2,36.00%,47.00%,3.60%,8.30%,2.40%,0.60%,34.90%,28.7
Precious Achiuwa,TOR,73,2.6,25.10%,0.8,2,0.7,2.3,30.80%,40.80%,4.80%,5.30%,4.80%,0.50%,32.10%,18.8
John Konchar,MEM,72,1.7,38.80%,1.21,2,0.7,1.6,47.30%,63.80%,1.70%,5.80%,1.70%,0.00%,45.50%,91.9
CJ McCollum,POR,36,3.4,16.10%,1.19,4.1,1.4,3.3,44.10%,61.00%,0.80%,3.30%,0.80%,0.00%,43.10%,89.7
Shake Milton,PHI,55,2.7,31.40%,0.97,2.6,1,2.5,38.40%,47.10%,7.40%,4.00%,7.40%,4.00%,38.90%,45.5
Buddy Hield,IND,26,4.6,25.10%,1.19,5.5,2.1,4.4,47.40%,62.70%,0.00%,5.00%,0.00%,0.00%,45.00%,90.5
Garrett Temple,NOP,59,2.8,45.90%,0.88,2.4,0.8,2.5,32.70%,47.00%,1.20%,6.70%,0.60%,0.00%,30.70%,28.1
Klay Thompson,GSW,32,4,20.20%,1.1,4.4,1.6,3.7,43.60%,58.10%,2.30%,7.00%,2.30%,0.00%,41.90%,75.4
Josh Hart,NOP,41,3.4,25.70%,1.01,3.4,1.2,3,40.00%,50.80%,6.50%,5.00%,5.80%,1.40%,41.00%,58.3
Aaron Wiggins,OKC,50,3.3,39.00%,0.84,2.8,0.9,2.9,32.60%,42.70%,7.20%,7.80%,6.00%,1.80%,33.70%,23.4
Trey Murphy III,NOP,62,2.1,42.80%,1.05,2.2,0.7,2,36.50%,53.20%,2.30%,3.00%,2.30%,0.00%,36.80%,64
Avery Bradley,LAL,62,2.4,37.00%,0.95,2.2,0.8,2.3,34.00%,48.20%,0.70%,2.70%,0.70%,0.00%,33.60%,39.7
Troy Brown Jr.,CHI,66,2.1,46.60%,0.99,2.1,0.7,2,35.10%,50.40%,2.20%,2.20%,2.20%,0.00%,35.80%,51.6
Tyrese Haliburton,SAC,51,2.3,15.90%,1.14,2.6,0.9,2.1,44.80%,61.40%,3.40%,8.50%,3.40%,0.80%,42.40%,83.1
Cameron Payne,PHX,58,2.3,18.30%,1.02,2.3,0.8,2.1,40.20%,53.70%,2.30%,6.80%,2.30%,0.80%,38.30%,58.5
Talen Horton-Tucker,LAL,60,2.8,24.80%,0.8,2.3,0.8,2.5,32.20%,40.10%,6.00%,4.80%,5.40%,1.20%,33.90%,19
CJ Elleby,POR,58,2.7,38.70%,0.86,2.3,0.7,2.4,31.40%,41.60%,8.40%,3.20%,8.40%,0.60%,35.70%,26.2
Aleksej Pokusevski,OKC,61,2.9,31.00%,0.75,2.2,0.8,2.5,30.50%,41.10%,2.80%,12.40%,2.20%,0.00%,28.70%,14.7
Austin Reaves,LAL,61,2.3,34.50%,0.94,2.2,0.7,2.1,34.60%,47.30%,5.00%,2.90%,2.90%,0.70%,35.70%,39
Theo Maledon,OKC,51,3.3,39.80%,0.78,2.6,0.8,2.8,30.10%,38.10%,10.70%,7.70%,10.10%,3.00%,33.10%,17.1
Terrence Ross,ORL,63,1.9,17.90%,1.08,2.1,0.7,1.8,39.60%,51.40%,7.40%,2.50%,7.40%,1.70%,42.10%,70.3
Matisse Thybulle,PHI,66,2.2,41.30%,0.88,2,0.7,2.1,32.40%,46.70%,1.40%,6.10%,0.70%,0.00%,31.30%,29.3
Caris LeVert,IND,39,3.4,17.40%,0.98,3.3,1.3,3.1,40.50%,49.60%,4.50%,4.50%,3.80%,0.80%,40.90%,48.2
Ja Morant,MEM,57,2.4,8.80%,0.94,2.3,0.8,2.3,36.40%,46.90%,5.10%,3.60%,5.10%,2.20%,37.00%,37.4
Kyrie Irving,BKN,29,3.7,14.60%,1.17,4.3,1.5,3.4,44.40%,58.10%,5.60%,2.80%,4.70%,0.90%,45.80%,86.6
Dean Wade,CLE,51,2.4,50.00%,1.03,2.4,0.8,2.3,37.10%,51.30%,3.30%,1.70%,3.30%,0.80%,38.00%,60.7
Nemanja Bjelica,GSW,71,1.9,29.20%,0.91,1.7,0.6,1.6,35.40%,47.80%,8.10%,11.00%,8.10%,2.20%,35.30%,34.9
Bryn Forbes,SAS,40,2.7,31.40%,1.12,3,1.1,2.4,44.70%,57.40%,6.40%,9.20%,6.40%,1.80%,43.10%,79.3
Naz Reid,MIN,77,1.7,21.50%,0.9,1.6,0.5,1.5,35.60%,48.70%,3.70%,8.20%,3.00%,0.00%,34.30%,32.6
Killian Hayes,DET,66,2.3,25.40%,0.79,1.8,0.7,2.1,30.90%,41.40%,2.00%,7.20%,1.30%,0.00%,30.10%,18.2
Bryn Forbes,DEN,35,2.7,33.20%,1.29,3.4,1.2,2.4,48.20%,65.30%,5.40%,4.30%,4.30%,1.10%,48.40%,96.3
Stanley Johnson,LAL,48,2.8,42.80%,0.88,2.5,0.9,2.6,35.50%,46.40%,2.90%,5.90%,2.90%,0.00%,34.60%,28.9
Alex Caruso,CHI,41,3.2,37.80%,0.91,2.9,1,2.8,33.60%,45.70%,5.30%,6.10%,3.80%,0.00%,35.10%,33.3
Isaiah Joe,PHI,55,1.7,46.10%,1.26,2.1,0.7,1.6,41.40%,59.20%,8.50%,3.20%,8.50%,4.30%,42.60%,94.8
Cam Reddish,ATL,34,3.1,24.70%,1.12,3.5,1.1,2.8,40.00%,57.90%,4.80%,4.80%,4.80%,0.00%,41.00%,80
Malcolm Brogdon,IND,36,3.4,17.90%,0.96,3.3,1.2,3.1,38.20%,47.30%,6.50%,5.70%,5.70%,1.60%,39.00%,43.2
Kenrich Williams,OKC,49,2.5,31.70%,0.95,2.4,0.9,2.3,38.10%,51.30%,3.20%,6.50%,3.20%,0.80%,36.30%,41.1
Frank Ntilikina,DAL,58,1.9,41.70%,1.06,2,0.8,1.8,41.90%,54.30%,1.80%,3.60%,1.80%,0.90%,40.90%,66.5
Wesley Matthews,MIL,49,2.5,48.40%,0.96,2.4,0.8,2.3,35.10%,48.60%,4.90%,5.70%,4.10%,1.60%,35.20%,42.8
Gary Payton II,GSW,71,1.5,25.80%,1.09,1.6,0.5,1.5,37.50%,55.80%,0.00%,1.90%,0.00%,0.00%,36.80%,73.6
Shai Gilgeous-Alexander,OKC,56,2.1,8.60%,0.98,2.1,0.7,1.6,42.40%,51.10%,10.90%,11.80%,10.10%,0.00%,42.90%,47.5
Torrey Craig,IND,51,2.5,38.20%,0.91,2.3,0.8,2.4,34.20%,46.70%,2.30%,5.50%,2.30%,1.60%,32.80%,33.1
Raul Neto,WAS,70,1.9,22.90%,0.89,1.7,0.6,1.6,36.90%,45.00%,10.00%,7.70%,9.20%,3.10%,36.90%,30.4
Kristaps Porzingis,DAL,35,3.8,20.90%,0.88,3.3,1.3,3.6,35.20%,44.40%,3.00%,2.30%,2.30%,0.80%,35.60%,28.5
Josh Giddey,OKC,54,3.5,21.40%,0.61,2.1,0.8,3.1,25.10%,34.40%,0.00%,11.20%,0.00%,0.00%,22.30%,5.6
Dillon Brooks,MEM,33,3.2,17.30%,1.07,3.5,1.3,2.8,45.20%,54.80%,7.50%,7.50%,6.50%,1.90%,44.90%,67.1
Lamar Stevens,CLE,63,2.1,34.50%,0.84,1.8,0.7,2,38.20%,45.10%,2.20%,8.10%,2.20%,1.50%,35.60%,24
Maurice Harkless,SAC,47,2.5,51.60%,0.97,2.4,0.8,2.3,36.40%,49.50%,5.20%,5.20%,5.20%,2.60%,36.20%,47.1
Josh Green,DAL,67,1.8,38.30%,0.92,1.7,0.6,1.6,38.50%,48.60%,4.10%,8.10%,4.10%,0.80%,37.40%,35.3
Joshua Primo,SAS,50,2.6,36.50%,0.87,2.2,0.8,2.3,32.80%,45.70%,3.90%,7.80%,3.10%,1.60%,31.80%,26.7
Luka Doncic,DAL,65,2.1,7.20%,0.82,1.7,0.6,1.7,33.60%,42.50%,9.50%,10.90%,10.20%,3.60%,33.60%,20.3
Timothe Luwawu-Cabarrot,ATL,52,2.1,49.60%,0.99,2.1,0.7,1.9,34.70%,49.50%,5.40%,6.30%,5.40%,0.00%,36.00%,51.4
Trey Lyles,DET,51,2.5,25.30%,0.85,2.2,0.7,2.1,35.50%,43.90%,9.30%,10.90%,9.30%,3.10%,34.90%,24.6
Romeo Langford,BOS,44,2.4,48.80%,1.04,2.5,0.9,2.1,41.50%,53.70%,4.80%,5.70%,4.80%,0.00%,41.00%,63
Derrick White,BOS,26,4.3,38.50%,0.97,4.2,1.4,3.8,36.40%,49.00%,7.10%,6.30%,6.30%,1.80%,37.50%,46.5
Joe Ingles,UTA,45,2.5,33.60%,0.96,2.4,0.8,2.4,34.60%,50.50%,0.90%,5.30%,0.90%,0.00%,33.30%,42.1
Robert Covington,LAC,23,3.6,43.70%,1.3,4.7,1.5,3.3,45.30%,66.00%,4.80%,4.80%,4.80%,0.00%,45.80%,96.7
Spencer Dinwiddie,WAS,44,2.4,16.90%,1.02,2.5,0.9,2.2,39.20%,53.60%,3.80%,4.70%,2.80%,0.00%,38.70%,59.7
CJ McCollum,NOP,26,3.2,13.80%,1.31,4.1,1.5,2.8,52.70%,67.60%,7.30%,2.40%,6.10%,0.00%,54.90%,97.1
Moses Moody,GSW,52,1.8,45.20%,1.13,2.1,0.7,1.7,43.30%,57.80%,2.10%,3.20%,2.10%,0.00%,43.20%,80.2
Zeke Nnaji,DEN,41,2.1,35.30%,1.25,2.6,0.8,1.8,44.60%,62.80%,11.80%,2.40%,10.60%,1.20%,47.10%,94
Delon Wright,ATL,77,1.2,27.70%,1.12,1.4,0.5,1.1,42.40%,55.90%,6.30%,4.20%,5.30%,0.00%,44.20%,78.1
Ty Jerome,OKC,48,2.7,33.50%,0.82,2.2,0.8,2.6,32.00%,42.40%,0.00%,3.10%,0.00%,0.00%,31.00%,20.7
Jalen Suggs,ORL,48,3.2,20.00%,0.69,2.2,0.8,2.7,28.10%,36.30%,6.50%,11.10%,6.50%,1.30%,28.10%,9.7
Mike Muscala,OKC,43,2.1,31.80%,1.15,2.4,0.7,2,36.80%,53.40%,4.40%,0.00%,4.40%,0.00%,39.60%,84.8
Evan Mobley,CLE,69,2.3,15.00%,0.65,1.5,0.6,2,28.10%,32.70%,6.20%,9.30%,6.20%,1.90%,28.60%,7.2
Trey Lyles,SAC,24,3.6,38.80%,1.18,4.3,1.5,3.2,46.80%,57.10%,13.80%,2.30%,12.60%,4.60%,50.60%,89.1
Bradley Beal,WAS,40,2.9,11.60%,0.9,2.6,0.9,2.6,34.90%,44.30%,4.30%,4.30%,4.30%,0.90%,35.70%,30.6
Aaron Nesmith,BOS,52,2.3,54.10%,0.86,2,0.7,2.1,32.40%,43.20%,4.20%,5.80%,4.20%,2.50%,31.70%,25.4
James Johnson,BKN,62,2,32.40%,0.84,1.7,0.6,1.8,33.60%,42.30%,7.40%,4.10%,6.60%,1.60%,36.10%,23.8
Kessler Edwards,BKN,49,2.6,39.70%,0.82,2.1,0.7,2.2,31.80%,44.10%,3.20%,9.60%,2.40%,0.80%,30.40%,21.3
Ricky Rubio,CLE,34,3.3,20.40%,0.91,3,1.1,3,35.30%,48.50%,1.80%,7.20%,0.90%,0.90%,33.30%,34.1
Alperen Sengun,HOU,72,1.9,17.80%,0.73,1.4,0.5,1.5,31.50%,38.70%,8.70%,12.30%,5.80%,1.40%,32.60%,12.4
Donte DiVincenzo,SAC,25,3.7,32.30%,1.09,4,1.4,3.4,40.50%,59.50%,0.00%,8.70%,0.00%,0.00%,37.00%,71.3
Facundo Campazzo,DEN,65,1.6,26.70%,0.94,1.5,0.5,1.5,33.00%,47.90%,3.80%,5.70%,2.80%,0.90%,33.00%,39.1
George Hill,MIL,54,2.1,33.10%,0.88,1.8,0.6,1.9,33.30%,48.00%,0.90%,8.80%,0.90%,0.00%,31.00%,27.9
Dylan Windler,CLE,30,1.5,51.80%,1.16,1.7,0.5,1.2,43.20%,63.50%,4.50%,11.40%,2.30%,0.00%,40.90%,84.6
Jimmy Butler,MIA,58,2.1,10.40%,0.82,1.7,0.6,1.8,30.80%,38.50%,10.10%,4.20%,10.10%,1.70%,35.30%,21
Davon Reed,DEN,48,1.8,46.40%,1.14,2,0.7,1.7,43.80%,59.40%,1.20%,4.70%,1.20%,0.00%,42.40%,82.6
Danuel House Jr.,UTA,25,3.2,51.00%,1.22,3.8,1.1,2.8,40.00%,57.90%,11.40%,1.30%,11.40%,1.30%,45.60%,92.6
LaMarcus Aldridge,BKN,47,1.9,16.10%,1.09,2,0.9,1.8,48.80%,52.90%,4.60%,0.00%,4.60%,3.40%,49.40%,72.7
Paul George,LAC,31,2.5,9.40%,1.22,3,1,2.2,47.80%,65.70%,3.90%,9.10%,3.90%,0.00%,45.50%,93
Gorgui Dieng,ATL,12,1.1,31.70%,0.39,0.4,0.2,0.9,18.20%,22.70%,0.00%,15.00%,0.00%,0.00%,15.40%,2.2
Jeremy Lamb,IND,39,2.2,29.60%,1.11,2.4,0.7,1.9,38.70%,54.70%,7.10%,4.80%,7.10%,1.20%,40.50%,76.6
Jose Alvarado,NOP,54,1.7,26.00%,1,1.7,0.6,1.6,37.10%,50.60%,2.20%,2.20%,2.20%,0.00%,37.60%,53.7
Juan Toscano-Anderson,GSW,73,1.4,29.60%,0.94,1.3,0.5,1.2,38.60%,52.30%,2.00%,9.10%,2.00%,0.00%,35.40%,37.8
Matt Thomas,CHI,40,1.9,50.70%,1.21,2.3,0.8,1.8,47.90%,63.40%,2.60%,5.30%,2.60%,1.30%,46.10%,92.4
Isaiah Roby,OKC,45,2,21.40%,1.02,2,0.7,1.7,44.00%,57.30%,10.00%,7.80%,10.00%,1.10%,41.10%,60.4
Sam Merrill,MEM,5,2,38.00%,0.9,2,0.6,2,30.00%,45.00%,0.00%,0.00%,0.00%,0.00%,30.00%,40
Tre Jones,SAS,69,1.4,22.50%,0.97,1.3,0.5,1.2,42.20%,46.40%,10.50%,4.20%,9.50%,2.10%,44.20%,45.9
Spencer Dinwiddie,DAL,23,2.8,20.00%,1.42,4,1.4,2.6,55.00%,71.70%,6.30%,3.10%,6.30%,3.10%,54.70%,98.4
Kemba Walker,NYK,37,2.4,19.60%,1.05,2.5,0.8,2.2,38.30%,51.90%,4.60%,2.30%,4.60%,0.00%,40.20%,64.1
Terence Davis,SAC,30,3.4,32.40%,0.89,3,1.1,3.1,34.80%,47.80%,2.90%,7.80%,2.00%,1.00%,33.30%,30.2
Josh Jackson,DET,39,3,37.20%,0.78,2.3,0.8,2.7,30.20%,40.10%,3.40%,5.20%,2.60%,0.00%,31.00%,17.6
Seth Curry,BKN,19,3.7,29.00%,1.29,4.7,1.6,3.4,46.20%,66.90%,2.90%,5.70%,2.90%,1.40%,44.30%,96.1
DeAndre' Bembry,BKN,48,1.7,31.40%,1.1,1.9,0.7,1.5,48.60%,58.60%,6.10%,9.80%,3.70%,1.20%,46.30%,74
Jeremiah Robinson-Earl,OKC,49,2.2,27.20%,0.85,1.8,0.6,2,31.30%,44.40%,1.90%,4.70%,1.90%,0.00%,30.20%,24.2
Blake Griffin,BKN,56,1.8,26.60%,0.87,1.6,0.6,1.8,31.60%,44.40%,0.00%,2.00%,0.00%,0.00%,31.00%,27.3
Brandon Boston Jr.,LAC,51,2,26.20%,0.86,1.7,0.6,1.7,37.50%,45.50%,6.90%,6.90%,5.90%,1.00%,37.60%,25.8
Chris Paul,PHX,65,1.4,9.10%,0.96,1.3,0.5,1.2,39.20%,48.70%,5.60%,6.70%,5.60%,1.10%,39.30%,41.9
Jonas Valanciunas,NOP,74,1.1,6.70%,1,1.1,0.4,1,43.10%,53.50%,4.80%,9.60%,4.80%,1.20%,41.00%,53.7
Josh Richardson,SAS,21,4.1,37.70%,0.95,4,1.3,3.9,33.30%,46.90%,3.40%,3.40%,3.40%,0.00%,34.50%,41.7
Draymond Green,GSW,46,2,20.50%,0.92,1.8,0.7,1.5,42.30%,51.40%,7.80%,13.30%,7.80%,0.00%,41.10%,35.7
Davis Bertans,WAS,34,2.1,35.90%,1.17,2.4,0.7,1.9,38.50%,56.90%,4.30%,2.90%,4.30%,0.00%,40.00%,87
Aaron Holiday,WAS,41,2.1,32.20%,0.95,2,0.8,1.9,43.60%,51.30%,2.30%,8.10%,1.20%,1.20%,40.70%,41.5
Svi Mykhailiuk,TOR,56,1.6,32.40%,0.89,1.4,0.5,1.4,33.80%,47.50%,3.30%,8.80%,3.30%,0.00%,33.00%,30
Vit Krejci,OKC,30,2.6,37.90%,1.03,2.7,0.9,2.2,38.80%,55.20%,5.10%,10.30%,5.10%,1.30%,37.20%,61
Armoni Brooks,HOU,41,2.2,33.00%,0.87,2,0.7,2.1,31.00%,43.70%,3.30%,3.30%,3.30%,1.10%,31.50%,27.1
Killian Tillie,MEM,36,2.1,51.40%,1.07,2.2,0.8,2,37.50%,54.90%,0.00%,2.70%,0.00%,0.00%,36.50%,67.6
Kelly Olynyk,DET,40,2,21.00%,0.96,2,0.7,1.9,36.40%,49.40%,2.50%,2.50%,2.50%,0.00%,35.80%,44.8
Tyrese Haliburton,IND,26,2.6,15.20%,1.15,3,1,2.1,47.30%,61.80%,7.50%,10.40%,6.00%,0.00%,46.30%,83.9
Jaxson Hayes,NOP,70,1,13.40%,1.09,1.1,0.4,0.9,41.50%,53.80%,5.60%,2.80%,5.60%,0.00%,43.70%,71.1
Patrick Williams,CHI,17,2.9,36.80%,1.52,4.5,1.6,2.6,62.20%,76.70%,10.00%,4.00%,8.00%,4.00%,62.00%,99.2
James Harden,BKN,44,1.6,6.80%,1.06,1.7,0.6,1.4,41.00%,55.70%,6.90%,8.30%,6.90%,0.00%,41.70%,65.3
Naji Marshall,NOP,55,2.2,34.10%,0.63,1.4,0.5,1.9,23.60%,31.10%,5.00%,8.30%,5.00%,0.80%,24.80%,6.2
Derrick Rose,NYK,26,2.7,21.40%,1.07,2.9,1.1,2.6,42.60%,55.10%,0.00%,2.90%,0.00%,0.00%,41.40%,68.5
Lou Williams,ATL,56,1.3,18.60%,1.01,1.3,0.5,1.3,38.90%,52.10%,0.00%,2.70%,0.00%,0.00%,37.80%,58.1
Anthony Davis,LAL,40,2.5,11.40%,0.75,1.9,0.7,2.1,34.10%,39.40%,9.00%,9.00%,9.00%,3.00%,34.00%,15
Trey Burke,DAL,42,1.6,26.60%,1.1,1.8,0.6,1.5,42.20%,55.50%,3.00%,1.50%,3.00%,0.00%,41.80%,76
David Nwaba,HOU,46,1.6,32.20%,1,1.6,0.5,1.3,38.30%,49.20%,14.90%,5.40%,13.50%,1.40%,44.60%,53.7
Brandon Clarke,MEM,64,1.2,14.30%,0.97,1.2,0.5,1.1,44.90%,48.60%,7.90%,5.30%,7.90%,3.90%,43.40%,46.7
Skylar Mays,ATL,19,1.8,49.30%,0.94,1.7,0.6,1.7,36.40%,48.50%,0.00%,2.90%,0.00%,0.00%,35.30%,43
Sterling Brown,DAL,49,1.8,47.60%,0.84,1.5,0.6,1.6,35.40%,45.60%,1.10%,9.10%,1.10%,0.00%,33.00%,23.3
Torrey Craig,PHX,27,3.1,43.60%,0.86,2.7,1,2.9,33.80%,46.80%,1.20%,8.20%,1.20%,0.00%,31.80%,25.6
Jevon Carter,BKN,46,1.6,36.90%,0.96,1.6,0.5,1.6,33.80%,48.60%,0.00%,1.30%,0.00%,0.00%,33.30%,43.6
Yuta Watanabe,TOR,38,2,43.10%,0.96,1.9,0.7,1.9,35.20%,48.60%,4.00%,2.70%,4.00%,1.30%,36.00%,43.6
Jordan McLaughlin,MIN,62,1.3,30.50%,0.91,1.2,0.4,1.2,36.10%,47.90%,3.80%,6.30%,3.80%,1.30%,35.40%,34.7
Lance Stephenson,IND,40,2,19.40%,0.9,1.8,0.7,1.9,36.50%,45.30%,5.00%,3.80%,5.00%,1.30%,37.50%,31.7
Jarrett Culver,MEM,21,1.3,26.20%,1.04,1.3,0.5,1.2,42.30%,53.80%,3.70%,3.70%,3.70%,3.70%,40.70%,65.9
Lindy Waters III,OKC,24,3,39.50%,0.96,2.9,1,2.9,34.30%,50.00%,0.00%,4.10%,0.00%,0.00%,32.90%,42.6
Domantas Sabonis,IND,47,2,11.40%,0.74,1.5,0.5,1.6,28.90%,40.80%,7.40%,12.60%,7.40%,0.00%,28.40%,13
Kelan Martin,IND,27,2.9,41.50%,0.89,2.6,1,2.6,38.00%,47.20%,2.60%,7.70%,2.60%,1.30%,35.90%,29.5
Jalen Smith,IND,22,3.2,27.80%,0.96,3.1,1.1,3,36.90%,50.00%,1.40%,7.00%,1.40%,0.00%,35.20%,42.4
Kevin Knox II,NYK,10,2.7,57.40%,0.78,2.1,0.7,2.4,29.20%,41.70%,3.70%,7.40%,3.70%,0.00%,29.60%,17.3
Keita Bates-Diop,SAS,59,1.6,27.80%,0.73,1.2,0.4,1.4,31.30%,38.80%,4.30%,10.80%,4.30%,1.10%,30.10%,12.2
Gary Clark,NOP,37,1.6,56.20%,1.14,1.8,0.6,1.5,41.10%,58.90%,1.70%,3.40%,1.70%,0.00%,40.70%,81.6
JaMychal Green,DEN,67,1,15.60%,1,1,0.4,1,36.40%,50.80%,0.00%,1.50%,0.00%,0.00%,35.80%,53.7
Jock Landale,SAS,54,1,22.20%,1.18,1.2,0.4,1,40.70%,58.30%,3.60%,0.00%,3.60%,0.00%,42.90%,88
Joe Harris,BKN,14,4.4,43.70%,1.07,4.7,1.7,4.1,41.40%,56.90%,0.00%,6.50%,0.00%,0.00%,38.70%,66.9
Tony Snell,POR,38,1.8,63.30%,0.96,1.7,0.6,1.7,33.80%,50.00%,1.40%,5.80%,1.40%,1.40%,31.90%,42.2
Admiral Schofield,ORL,38,1.9,47.10%,0.92,1.7,0.6,1.8,35.30%,47.10%,1.40%,4.20%,1.40%,0.00%,34.70%,35.1
Kristaps Porzingis,WAS,17,3.7,18.50%,1.02,3.8,1.4,3.3,42.90%,52.70%,4.80%,7.90%,4.80%,1.60%,41.30%,58.9
Kent Bazemore,LAL,39,1.9,42.90%,0.86,1.6,0.6,1.7,32.80%,46.30%,1.40%,6.80%,1.40%,0.00%,31.50%,26
JT Thor,CHA,23,1.5,53.80%,1.06,1.6,0.5,1.3,41.40%,53.40%,11.40%,5.70%,14.30%,2.90%,42.90%,65.9
Damian Lillard,POR,29,2.1,8.40%,1.02,2.1,0.7,2,35.60%,50.80%,1.70%,1.70%,1.70%,1.70%,35.00%,59.1
Caris LeVert,CLE,19,3.2,21.30%,1,3.2,1.2,2.7,43.10%,56.90%,4.90%,11.50%,4.90%,0.00%,39.30%,53.7
Ignas Brazdeikis,ORL,42,1.6,30.50%,0.91,1.5,0.5,1.5,36.10%,48.40%,3.00%,6.00%,1.50%,0.00%,34.30%,34.3
Marvin Bagley III,SAC,30,2.8,29.10%,0.74,2,0.8,2.6,30.80%,38.50%,3.60%,6.00%,3.60%,3.60%,28.90%,12.8
Anthony Gill,WAS,44,1,30.50%,1.3,1.4,0.5,0.9,50.00%,61.30%,15.20%,2.20%,13.00%,4.30%,54.30%,96.9
Derrick Jones Jr.,CHI,51,1.5,30.10%,0.78,1.2,0.4,1.3,29.40%,41.90%,2.60%,9.10%,1.30%,0.00%,28.60%,16.7
Sandro Mamukelashvili,MIL,29,0.9,25.80%,0.96,0.8,0.3,0.8,33.30%,47.90%,4.00%,0.00%,4.00%,0.00%,36.00%,47.6
Malachi Flynn,TOR,44,1.1,23.80%,1.2,1.3,0.5,1.1,42.60%,61.70%,2.00%,4.10%,2.00%,2.00%,40.80%,91.5
DeMarcus Cousins,DEN,31,1.7,16.80%,1.11,1.9,0.7,1.5,44.70%,56.40%,13.20%,5.70%,13.20%,7.50%,45.30%,77.7
Josh Okogie,MIN,49,1.2,41.20%,0.97,1.2,0.4,1.1,34.00%,45.30%,14.80%,3.30%,14.80%,4.90%,39.30%,45.7
Terry Taylor,IND,33,1.8,23.10%,0.95,1.8,0.7,1.7,39.30%,48.20%,4.90%,3.30%,4.90%,0.00%,41.00%,40.7
Isaiah Livers,DET,19,2.9,49.50%,0.98,2.8,1,2.6,38.80%,53.10%,3.60%,9.10%,3.60%,1.80%,36.40%,49.5
Juancho Hernangomez,UTA,16,2.8,50.60%,1.18,3.3,1.1,2.6,41.50%,61.00%,4.40%,4.40%,4.40%,0.00%,42.20%,87.8
Tony Snell,NOP,15,3.1,58.20%,1.15,3.5,1.2,2.8,42.90%,63.10%,0.00%,8.70%,0.00%,0.00%,39.10%,84.3
Justin Holiday,SAC,25,2.8,29.90%,0.74,2.1,0.7,2.6,28.10%,39.80%,1.40%,7.10%,1.40%,0.00%,27.10%,13.6
Josh Hart,POR,13,3.4,18.70%,1.16,3.9,1.5,3.2,47.60%,57.10%,6.80%,2.30%,6.80%,4.50%,47.70%,85.3
Serge Ibaka,LAC,35,1.4,20.90%,1.02,1.5,0.5,1.4,37.50%,53.10%,0.00%,4.00%,0.00%,0.00%,36.00%,59.9
Rodney Hood,MIL,39,1.8,48.60%,0.73,1.3,0.4,1.7,26.20%,36.20%,2.90%,4.30%,2.90%,0.00%,27.10%,12
Brandon Goodwin,CLE,36,1.2,20.80%,1.19,1.4,0.5,1.1,47.40%,61.80%,2.40%,7.10%,2.40%,0.00%,45.20%,90.3
Bam Adebayo,MIA,56,0.9,4.90%,1,0.9,0.4,0.8,52.40%,52.40%,8.00%,10.00%,8.00%,2.00%,50.00%,53.7
Brandon Williams,POR,24,3.1,19.30%,0.68,2.1,0.7,2.9,24.30%,32.90%,2.70%,2.70%,2.70%,0.00%,25.70%,8.5
Keifer Sykes,IND,32,2.1,28.90%,0.73,1.5,0.5,2,27.00%,38.10%,0.00%,4.50%,0.00%,0.00%,25.80%,11.8
D.J. Augustin,HOU,34,1,16.90%,1.42,1.4,0.5,1,48.50%,71.20%,0.00%,0.00%,0.00%,0.00%,48.50%,98.6
James Harden,PHI,21,2,9.60%,1.12,2.2,0.8,1.8,44.70%,56.60%,4.80%,4.80%,4.80%,0.00%,45.20%,78.9
Isaiah Stewart,DET,71,0.7,8.00%,0.96,0.7,0.3,0.7,39.60%,49.00%,2.00%,2.00%,2.00%,2.00%,38.80%,43
Daniel Theis,HOU,26,2.4,27.60%,0.75,1.8,0.6,2.3,27.10%,39.00%,1.60%,4.80%,1.60%,0.00%,27.00%,14.5
Isaiah Thomas,CHA,17,2.6,32.80%,1.02,2.7,1.1,2.6,40.90%,52.30%,0.00%,2.20%,0.00%,0.00%,40.00%,60.4
Ish Smith,CHA,37,1.3,20.50%,0.98,1.2,0.5,1.1,45.20%,52.40%,2.10%,8.50%,2.10%,0.00%,42.60%,48.6
Larry Nance Jr.,POR,37,1.6,23.50%,0.79,1.2,0.4,1.4,28.80%,42.30%,1.70%,8.60%,1.70%,0.00%,27.60%,18.4
Theo Pinson,DAL,9,1.8,55.20%,0.75,1.3,0.4,1.7,26.70%,40.00%,0.00%,6.30%,0.00%,0.00%,25.00%,15.3
Greg Brown III,POR,48,1.4,26.00%,0.7,1,0.4,1.2,29.80%,40.40%,0.00%,13.60%,0.00%,0.00%,25.80%,10.1
Andre Iguodala,GSW,31,2,38.60%,0.74,1.5,0.5,2,26.20%,36.90%,0.00%,0.00%,0.00%,0.00%,26.20%,13.2
D.J. Augustin,LAL,21,1.4,29.30%,1.52,2.1,0.7,1.4,51.70%,75.90%,0.00%,0.00%,0.00%,0.00%,51.70%,99
James Bouknight,CHA,30,1.3,23.20%,1.1,1.4,0.4,1.1,39.40%,53.00%,12.80%,5.10%,12.80%,2.60%,43.60%,75.7
Taj Gibson,NYK,52,0.7,15.90%,1.26,0.8,0.3,0.6,45.50%,63.60%,2.90%,2.90%,2.90%,0.00%,45.70%,95
Trendon Watford,POR,48,1.1,15.30%,0.78,0.9,0.3,1,33.30%,37.50%,11.10%,3.70%,11.10%,3.70%,35.20%,16.5
Jusuf Nurkic,POR,56,0.9,5.70%,0.84,0.7,0.3,0.8,32.60%,42.40%,4.10%,2.00%,4.10%,0.00%,34.70%,22.7
Marvin Bagley III,DET,18,2.8,21.00%,0.8,2.3,0.8,2.5,31.10%,38.90%,9.80%,2.00%,9.80%,0.00%,35.30%,19.2
P.J. Dozier,DEN,18,2,30.30%,1.11,2.2,0.7,1.8,39.40%,56.10%,5.60%,2.80%,5.60%,0.00%,41.70%,77.1
Rajon Rondo,CLE,21,1.9,26.20%,1.03,1.9,0.6,1.7,37.10%,54.30%,2.60%,7.70%,2.60%,0.00%,35.90%,61
Miles McBride,NYK,13,0.9,22.60%,0.58,0.5,0.2,0.9,25.00%,29.20%,0.00%,0.00%,0.00%,0.00%,25.00%,8.1
Markieff Morris,MIA,17,2.9,35.50%,0.82,2.4,0.8,2.6,31.80%,45.50%,0.00%,10.20%,0.00%,0.00%,28.60%,20.2
Justin Anderson,IND,13,3.8,51.00%,0.78,3,1.1,3.7,29.20%,37.50%,6.00%,2.00%,6.00%,4.00%,30.00%,16.9
Jeremy Lamb,SAC,17,2.3,27.90%,0.97,2.2,0.8,2.2,37.80%,51.40%,0.00%,5.10%,0.00%,0.00%,35.90%,47.3
Justise Winslow,LAC,37,1.5,27.30%,0.7,1,0.4,1.3,34.00%,39.40%,1.90%,11.10%,1.90%,0.00%,31.50%,10.9
Jevon Carter,MIL,20,1.2,26.40%,1.54,1.9,0.7,1.2,54.20%,77.10%,0.00%,0.00%,0.00%,0.00%,54.20%,99.4
DeMarcus Cousins,MIL,17,2.3,26.50%,0.95,2.2,0.8,2.2,35.10%,44.60%,7.70%,2.60%,7.70%,5.10%,35.90%,40.1
Davis Bertans,DAL,22,2.1,40.70%,0.8,1.7,0.5,1.9,28.60%,41.70%,2.20%,6.50%,0.00%,0.00%,28.30%,19.4
Dwight Powell,DAL,82,0.6,8.30%,0.8,0.5,0.2,0.5,31.00%,40.50%,4.30%,4.30%,6.50%,2.20%,30.40%,19.4
Keljin Blevins,POR,31,1.3,29.30%,0.92,1.2,0.4,1.2,34.20%,47.40%,0.00%,2.60%,0.00%,0.00%,33.30%,36.2
Donte DiVincenzo,MIL,17,2.7,28.90%,0.78,2.1,0.6,2.3,28.20%,39.70%,6.50%,8.70%,2.20%,0.00%,30.40%,17.3
Aaron Holiday,PHX,22,1.5,19.90%,1.06,1.6,0.6,1.4,45.20%,53.20%,3.00%,3.00%,3.00%,0.00%,45.50%,66.3
Isaiah Hartenstein,LAC,68,0.6,7.50%,0.92,0.5,0.2,0.5,38.20%,48.50%,5.30%,5.30%,5.30%,0.00%,36.80%,35.5
Ish Smith,WAS,28,1.5,14.50%,0.83,1.3,0.5,1.5,31.70%,42.70%,0.00%,2.40%,0.00%,0.00%,31.00%,22
Justise Winslow,POR,11,4.3,34.10%,0.75,3.2,1.1,3.9,27.90%,39.50%,4.30%,4.30%,4.30%,0.00%,27.70%,14.3
Dalano Banton,TOR,64,0.8,18.20%,0.7,0.5,0.2,0.7,28.90%,38.90%,0.00%,10.00%,0.00%,0.00%,26.00%,10.3
Brook Lopez,MIL,13,2.6,22.20%,1,2.6,0.8,2.5,34.40%,50.00%,2.90%,2.90%,2.90%,0.00%,35.30%,53.7
Mason Plumlee,CHA,73,0.5,6.80%,1,0.5,0.2,0.4,59.30%,59.30%,5.90%,17.60%,5.90%,2.90%,50.00%,53.7
Trevor Ariza,LAL,24,2.5,51.70%,0.56,1.4,0.5,2.3,22.20%,31.50%,1.60%,9.80%,0.00%,0.00%,19.70%,4.3
KZ Okpala,MIA,21,1.4,37.20%,1.14,1.6,0.6,1.4,41.40%,56.90%,0.00%,0.00%,0.00%,0.00%,41.40%,82.2
Serge Ibaka,MIL,19,1.6,25.40%,1.1,1.7,0.6,1.4,44.40%,57.40%,3.30%,6.70%,3.30%,0.00%,43.30%,75
Kyle Guy,MIA,18,1.1,23.50%,1.16,1.2,0.4,1,44.40%,61.10%,0.00%,5.30%,0.00%,0.00%,42.10%,83
Dennis Schroder,HOU,15,2.3,17.40%,0.97,2.2,0.6,1.9,32.10%,44.60%,11.80%,5.90%,11.80%,0.00%,38.20%,46.1
Kira Lewis Jr.,NOP,24,1.6,21.60%,0.87,1.4,0.5,1.5,36.10%,45.80%,0.00%,5.30%,0.00%,0.00%,34.20%,26.9
Damian Jones,SAC,56,0.6,8.10%,1.03,0.6,0.2,0.5,37.90%,50.00%,6.50%,3.20%,6.50%,3.20%,38.70%,62
Saben Lee,DET,37,1.2,18.70%,0.7,0.9,0.3,1.1,28.60%,35.70%,2.20%,6.50%,0.00%,0.00%,28.30%,9.9
Goran Dragic,BKN,16,3.1,30.60%,0.65,2,0.8,2.9,26.10%,34.80%,0.00%,6.10%,0.00%,0.00%,24.50%,7.8
JaVale McGee,PHX,74,0.4,4.90%,1.03,0.4,0.2,0.4,48.30%,51.70%,6.70%,3.30%,6.70%,6.70%,46.70%,62.2
Goga Bitadze,IND,50,1,14.50%,0.63,0.6,0.2,1,22.90%,32.30%,0.00%,2.00%,0.00%,0.00%,22.40%,6.6
Trent Forrest,UTA,60,0.8,22.30%,0.62,0.5,0.2,0.6,30.60%,37.50%,6.00%,22.00%,6.00%,0.00%,28.00%,5.8
T.J. McConnell,IND,27,1.3,13.80%,0.88,1.1,0.4,1.2,36.40%,45.50%,2.90%,2.90%,2.90%,2.90%,35.30%,28.9
Danuel House Jr.,HOU,16,2.4,38.60%,0.77,1.9,0.7,2,34.40%,42.20%,7.70%,12.80%,7.70%,2.60%,33.30%,15.9
Xavier Tillman,MEM,53,0.8,15.70%,0.68,0.6,0.2,0.7,26.30%,34.20%,11.40%,6.80%,11.40%,4.50%,27.30%,8.9
Marcus Garrett,MIA,12,0.9,44.00%,0.27,0.3,0.1,0.9,9.10%,13.60%,0.00%,0.00%,0.00%,0.00%,9.10%,0.2
Keon Johnson,POR,22,1.8,14.30%,0.74,1.3,0.4,1.5,27.30%,36.40%,5.10%,10.30%,5.10%,0.00%,28.20%,14
Lindell Wigginton,MIL,19,1.5,31.80%,1,1.5,0.5,1.2,43.50%,56.50%,10.70%,10.70%,10.70%,3.60%,42.90%,53.7
Haywood Highsmith,MIA,9,1.7,57.70%,1,1.7,0.6,1.6,35.70%,53.60%,0.00%,6.70%,0.00%,0.00%,33.30%,54.8
David Duke Jr.,BKN,22,1.8,30.70%,0.72,1.3,0.4,1.6,25.00%,34.70%,5.10%,2.60%,5.10%,0.00%,28.20%,11.5
Collin Sexton,CLE,11,3.5,19.90%,0.72,2.5,0.9,3.1,29.40%,38.20%,5.10%,10.30%,2.60%,2.60%,28.20%,11.5
Victor Oladipo,MIA,8,2.6,21.60%,1.29,3.4,1.1,2.4,47.40%,65.80%,9.50%,4.80%,9.50%,4.80%,47.60%,96.1
Tomas Satoransky,WAS,22,1.1,21.20%,1.08,1.2,0.4,1,40.90%,52.30%,8.00%,4.00%,4.00%,0.00%,44.00%,70
Drew Eubanks,POR,22,1.2,9.60%,1.04,1.2,0.5,1,43.50%,47.80%,11.50%,0.00%,11.50%,0.00%,50.00%,63.3
Malcolm Hill,CHI,16,1.8,54.90%,0.96,1.7,0.6,1.6,36.00%,48.00%,7.10%,7.10%,7.10%,3.60%,35.70%,45.2
Dewayne Dedmon,MIA,67,0.4,7.10%,0.93,0.4,0.1,0.4,34.60%,46.20%,6.90%,3.40%,3.40%,0.00%,37.90%,36.7
Jarrett Allen,CLE,56,0.5,3.90%,0.93,0.5,0.2,0.4,45.80%,47.90%,13.80%,13.80%,13.80%,10.30%,41.40%,36.7
Paul Millsap,BKN,24,1.3,28.80%,0.9,1.1,0.4,1.1,34.60%,44.20%,13.30%,3.30%,13.30%,3.30%,40.00%,31.7
Mychal Mulder,ORL,15,2.1,42.10%,0.84,1.8,0.6,2.1,29.00%,43.50%,0.00%,3.10%,0.00%,0.00%,28.10%,23.6
Dennis Smith Jr.,POR,37,1.2,16.30%,0.63,0.7,0.3,1,32.40%,36.50%,0.00%,14.00%,0.00%,0.00%,27.90%,6
Zach Collins,SAS,28,1,12.60%,0.9,0.9,0.4,0.9,41.70%,54.20%,0.00%,17.20%,0.00%,0.00%,34.50%,30.8
Alfonzo McKinnie,CHI,17,2.1,48.60%,0.74,1.5,0.6,1.8,33.30%,41.70%,2.90%,11.40%,0.00%,0.00%,31.40%,13.6
Hassani Gravett,ORL,8,2,33.30%,1.56,3.1,1.1,2,56.30%,78.10%,0.00%,0.00%,0.00%,0.00%,56.30%,99.8
Georgios Kalaitzakis,OKC,4,6.3,31.30%,0.96,6,2,4.5,44.40%,58.30%,16.00%,16.00%,16.00%,4.00%,40.00%,43.6
Chris Chiozza,GSW,34,1.1,31.90%,0.67,0.7,0.2,0.8,29.60%,44.40%,0.00%,25.00%,0.00%,0.00%,22.20%,8
Thanasis Antetokounmpo,MIL,35,0.3,9.40%,0.46,0.1,0.1,0.3,22.20%,27.80%,0.00%,18.20%,0.00%,0.00%,18.20%,2
Santi Aldama,MEM,32,1.3,27.20%,0.56,0.8,0.3,1.2,23.70%,28.90%,11.60%,7.00%,11.60%,7.00%,23.30%,4.5
Michael Porter Jr.,DEN,9,2.9,22.00%,0.89,2.6,1,2.8,36.00%,46.00%,0.00%,3.80%,0.00%,0.00%,34.60%,29.5
Charlie Brown Jr.,PHI,15,0.7,27.50%,0.36,0.3,0.1,0.6,11.10%,11.10%,9.10%,9.10%,9.10%,0.00%,18.20%,1.3
Wenyen Gabriel,LAL,19,1.5,22.80%,0.79,1.2,0.4,1.4,30.80%,40.40%,6.90%,6.90%,6.90%,3.40%,31.00%,18.4
Thomas Bryant,WAS,27,1.1,16.80%,0.74,0.9,0.3,1.1,30.00%,38.30%,0.00%,3.20%,0.00%,0.00%,29.00%,13.4
Nickeil Alexander-Walker,UTA,14,1.6,36.70%,1,1.6,0.4,1.3,33.30%,50.00%,9.10%,9.10%,9.10%,0.00%,36.40%,53.7
Semi Ojeleye,MIL,20,1.4,35.80%,0.76,1.1,0.4,1.4,29.60%,40.70%,0.00%,6.90%,0.00%,0.00%,27.60%,15.7
Elfrid Payton,PHX,51,1,20.80%,0.45,0.4,0.2,0.7,23.70%,27.60%,4.10%,20.40%,4.10%,2.00%,18.40%,1.6
Braxton Key,DET,9,2.9,31.00%,0.81,2.3,0.9,2.6,34.80%,41.30%,11.50%,7.70%,7.70%,7.70%,34.60%,19.8
Jaylen Hoard,OKC,7,4.4,29.20%,0.68,3,1.1,4.1,27.60%,34.50%,3.20%,3.20%,3.20%,0.00%,29.00%,8.7
Tomas Satoransky,NOP,32,1.2,27.10%,0.55,0.7,0.2,1,22.60%,29.00%,5.30%,13.20%,5.30%,0.00%,23.70%,4.1
Alex Len,SAC,39,0.4,6.90%,1.18,0.5,0.2,0.4,46.70%,60.00%,5.90%,5.90%,5.90%,0.00%,47.10%,87.4
Cam Reddish,NYK,15,2.2,35.50%,0.61,1.3,0.5,1.9,28.60%,32.10%,3.00%,12.10%,3.00%,0.00%,27.30%,5.4
Dwight Howard,LAL,60,0.3,4.80%,1.19,0.3,0.1,0.3,46.70%,63.30%,0.00%,6.30%,0.00%,0.00%,43.80%,89.9
Jakob Poeltl,SAS,68,0.3,2.30%,0.95,0.3,0.1,0.2,61.50%,61.50%,15.00%,20.00%,15.00%,0.00%,55.00%,40.4
Daniel Theis,BOS,21,1,15.00%,0.91,0.9,0.3,1,35.00%,47.50%,0.00%,4.80%,0.00%,0.00%,33.30%,32.8
Elijah Hughes,POR,22,1.9,35.90%,0.45,0.9,0.3,1.8,17.50%,22.50%,2.40%,4.80%,2.40%,2.40%,16.70%,1.7
Devin Cannady,ORL,5,3.4,32.70%,1.06,3.6,1.2,3.2,37.50%,56.30%,0.00%,5.90%,0.00%,0.00%,35.30%,65.9
Cassius Stanley,DET,9,2.6,41.10%,0.78,2,0.8,2.4,31.80%,38.60%,4.30%,4.30%,4.30%,4.30%,30.40%,17.3
Justin Robinson,MIL,17,1.4,35.30%,0.75,1.1,0.4,1.3,27.30%,40.90%,0.00%,8.30%,0.00%,0.00%,25.00%,15
Jamorko Pickett,DET,13,2,46.40%,0.69,1.4,0.5,1.9,24.00%,36.00%,0.00%,3.80%,0.00%,0.00%,23.10%,9.1
Paul Watson,OKC,9,2.9,65.00%,0.69,2,0.8,2.6,30.40%,39.10%,0.00%,11.50%,0.00%,0.00%,26.90%,9.1
Norman Powell,LAC,5,2.2,12.80%,1.55,3.4,1.2,2.2,54.50%,72.70%,9.10%,0.00%,9.10%,9.10%,54.50%,99.6
Marquese Chriss,DAL,34,0.5,10.20%,1,0.5,0.2,0.4,40.00%,50.00%,17.60%,0.00%,17.60%,5.90%,41.20%,53.7
Isaiah Jackson,IND,36,0.6,7.70%,0.77,0.5,0.1,0.5,26.30%,39.50%,4.50%,9.10%,4.50%,0.00%,27.30%,16.1
Domantas Sabonis,SAC,15,1.8,9.50%,0.63,1.1,0.5,1.4,33.30%,33.30%,7.40%,14.80%,7.40%,0.00%,33.30%,6.4
Kevon Looney,GSW,82,0.4,6.90%,0.5,0.2,0.1,0.4,25.80%,25.80%,2.90%,5.90%,2.90%,0.00%,26.50%,2.3
Isaiah Thomas,LAL,4,4,32.70%,1,4,1.3,3.5,35.70%,50.00%,6.30%,6.30%,6.30%,0.00%,37.50%,53.7
Brad Wanamaker,IND,22,0.8,16.50%,0.94,0.7,0.3,0.7,37.50%,50.00%,0.00%,5.90%,0.00%,0.00%,35.30%,38.1
Deandre Ayton,PHX,58,0.3,2.00%,0.94,0.3,0.1,0.3,41.20%,47.10%,0.00%,0.00%,0.00%,0.00%,41.20%,38.1
Markelle Fultz,ORL,18,1,7.90%,0.89,0.9,0.3,0.9,35.30%,38.20%,11.10%,0.00%,11.10%,5.60%,38.90%,29.8
Jarred Vanderbilt,MIN,74,0.4,5.60%,0.59,0.2,0.1,0.3,33.30%,38.10%,0.00%,22.20%,0.00%,0.00%,25.90%,5
Jalen Smith,PHX,29,1.1,17.00%,0.52,0.6,0.2,1,20.70%,25.90%,3.20%,3.20%,3.20%,0.00%,22.60%,3.1
Vlatko Cancar,DEN,15,0.9,22.80%,1.15,1,0.3,0.6,55.60%,83.30%,0.00%,30.80%,0.00%,0.00%,38.50%,84.8
Olivier Sarr,OKC,22,0.6,9.60%,1.15,0.7,0.2,0.6,38.50%,57.70%,0.00%,0.00%,0.00%,0.00%,38.50%,84.8
Steven Adams,MEM,76,0.2,2.70%,0.94,0.2,0.1,0.2,38.50%,38.50%,25.00%,0.00%,25.00%,6.30%,50.00%,37.6
Daishen Nix,HOU,24,0.9,19.80%,0.71,0.6,0.2,0.7,31.30%,40.60%,14.30%,9.50%,14.30%,0.00%,28.60%,11.2
Melvin Frazier Jr.,OKC,3,7.7,43.40%,0.65,5,2,7,28.60%,31.00%,4.30%,4.30%,4.30%,0.00%,30.40%,7.6
Richaun Holmes,SAC,45,0.2,2.80%,1.27,0.3,0.1,0.2,60.00%,70.00%,9.10%,9.10%,9.10%,9.10%,54.50%,95.7
Abdel Nader,PHX,14,1.1,29.40%,0.93,1,0.4,0.7,50.00%,70.00%,0.00%,33.30%,0.00%,0.00%,33.30%,37
Andre Drummond,PHI,49,0.3,4.80%,0.82,0.3,0.1,0.3,35.70%,35.70%,35.30%,0.00%,35.30%,17.60%,47.10%,21
Rajon Rondo,LAL,18,1.2,19.80%,0.67,0.8,0.3,1.1,25.00%,35.00%,0.00%,4.80%,0.00%,0.00%,23.80%,8
Derrick Favors,OKC,39,0.8,14.80%,0.47,0.4,0.2,0.7,20.70%,24.10%,0.00%,3.30%,0.00%,0.00%,20.00%,2.1
Brandon Knight,DAL,5,2.2,33.30%,1.18,2.6,1,2.2,45.50%,59.10%,0.00%,0.00%,0.00%,0.00%,45.50%,88.9
Wes Iwundu,ATL,3,3.7,52.40%,1.18,4.3,1.3,3,44.40%,61.10%,9.10%,9.10%,9.10%,0.00%,45.50%,88.9
Chaundee Brown Jr.,ATL,3,5,53.60%,0.87,4.3,1.3,4.7,28.60%,39.30%,6.70%,0.00%,6.70%,0.00%,33.30%,26.4
Louis King,SAC,10,1.5,29.40%,0.87,1.3,0.5,1.5,33.30%,43.30%,6.70%,0.00%,6.70%,6.70%,33.30%,26.4
Luka Garza,DET,32,0.7,11.60%,0.59,0.4,0.1,0.7,19.00%,26.20%,4.50%,0.00%,4.50%,0.00%,22.70%,4.8
Robin Lopez,ORL,37,0.4,5.20%,0.86,0.3,0.1,0.2,62.50%,75.00%,0.00%,42.90%,0.00%,0.00%,35.70%,25
Montrezl Harrell,WAS,46,0.3,2.70%,0.86,0.3,0.1,0.2,33.30%,44.40%,28.60%,7.10%,21.40%,0.00%,42.90%,25
Josh Jackson,SAC,12,1.5,26.90%,0.67,1,0.3,1.2,28.60%,39.30%,11.10%,16.70%,11.10%,5.60%,22.20%,8
Armoni Brooks,TOR,13,1.1,32.60%,0.79,0.8,0.3,1,30.80%,42.30%,0.00%,7.10%,0.00%,0.00%,28.60%,17.8
Didi Louzada,POR,7,2.1,41.70%,0.73,1.6,0.6,2,28.60%,39.30%,0.00%,6.70%,0.00%,0.00%,26.70%,12.6
Tim Frazier,ORL,10,1.7,28.30%,0.65,1.1,0.4,1.7,23.50%,32.40%,0.00%,0.00%,0.00%,0.00%,23.50%,7.4
Tyrone Wallace,NOP,6,1.8,44.00%,0.91,1.7,0.7,1.7,40.00%,50.00%,9.10%,9.10%,9.10%,9.10%,36.40%,33.7
Hassan Whiteside,UTA,65,0.2,2.60%,0.83,0.2,0.1,0.1,44.40%,44.40%,8.30%,16.70%,8.30%,0.00%,41.70%,22
Derrick Walton Jr.,DET,3,3.3,25.60%,0.9,3,1,3,33.30%,50.00%,0.00%,10.00%,0.00%,0.00%,30.00%,31.7
Drew Eubanks,SAS,50,0.2,4.10%,0.9,0.2,0.1,0.2,40.00%,45.00%,0.00%,0.00%,0.00%,0.00%,40.00%,31.7
Zavier Simpson,OKC,4,2.8,17.20%,0.82,2.3,1,2.5,40.00%,45.00%,0.00%,9.10%,0.00%,0.00%,36.40%,20.5
Omer Yurtseven,MIA,56,0.2,3.80%,0.75,0.2,0.1,0.2,27.30%,31.80%,8.30%,0.00%,8.30%,0.00%,33.30%,15
Xavier Moon,LAC,10,1.4,24.10%,0.64,0.9,0.3,1.4,21.40%,32.10%,0.00%,0.00%,0.00%,0.00%,21.40%,6.8
Javonte Smart,MIL,13,1.3,30.90%,0.53,0.7,0.2,1.2,18.80%,28.10%,0.00%,5.90%,0.00%,0.00%,17.60%,3.3
Kris Dunn,POR,14,1.2,12.00%,0.53,0.6,0.3,1.1,26.70%,30.00%,0.00%,11.80%,0.00%,0.00%,23.50%,3.3
Aleem Ford,ORL,5,3,62.50%,0.53,1.6,0.6,2.8,21.40%,28.60%,0.00%,6.70%,0.00%,0.00%,20.00%,3.7
Khem Birch,TOR,55,0.4,8.50%,0.36,0.1,0,0.3,11.10%,11.10%,9.10%,9.10%,9.10%,0.00%,18.20%,1
Cody Zeller,POR,27,0.4,9.20%,0.58,0.3,0.1,0.3,22.20%,22.20%,25.00%,0.00%,25.00%,0.00%,41.70%,4.7
Reggie Perry,POR,9,1.9,18.10%,0.41,0.8,0.3,1.7,20.00%,23.30%,0.00%,11.80%,0.00%,0.00%,17.60%,1.2
Solomon Hill,ATL,13,0.8,45.50%,0.6,0.5,0.2,0.8,20.00%,30.00%,0.00%,0.00%,0.00%,0.00%,20.00%,5.2
Justin Robinson,DET,5,2.4,33.30%,0.5,1.2,0.4,2.4,16.70%,25.00%,0.00%,0.00%,0.00%,0.00%,16.70%,2.3
Paul Millsap,PHI,9,1.4,31.70%,0.46,0.7,0.2,1.2,18.20%,22.70%,7.70%,7.70%,7.70%,0.00%,23.10%,1.9
Goran Dragic,TOR,5,2,25.00%,0.3,0.6,0.2,2,10.00%,15.00%,0.00%,0.00%,0.00%,0.00%,10.00%,0.4