PLAYER,TEAM,GP,transition_POSS,transition_FREQ,transition_PPP,transition_PTS,transition_FGM,transition_FGA,transition_FG%,transition_EFG%,transition_FTFREQ,transition_TOVFREQ,transition_SFFREQ,transition_AND ONEFREQ,transition_SCOREFREQ,transition_PERCENTILE
Giannis Antetokounmpo,MIL,67,7.4,27.60%,1.14,8.5,2.7,4.6,58.40%,61.80%,30.70%,13.60%,28.30%,6.80%,57.50%,52.5
Devin Booker,PHX,68,5.2,20.30%,1.21,6.3,2.2,4.1,52.50%,61.50%,14.80%,8.50%,12.50%,3.40%,53.40%,67.3
LeBron James,LAL,56,6.3,22.70%,1.18,7.4,2.9,4.6,63.80%,67.30%,16.20%,16.50%,15.10%,6.00%,56.10%,60.5
Ja Morant,MEM,57,5.3,19.20%,1.21,6.4,2.4,3.8,63.10%,66.60%,19.70%,12.30%,16.70%,3.30%,60.00%,67.5
RJ Barrett,NYK,70,4.6,20.90%,1.11,5.1,1.8,3.4,53.30%,57.30%,20.00%,8.10%,19.40%,3.80%,54.10%,47.5
Anthony Edwards,MIN,72,3.9,18.10%,1.24,4.8,1.8,3.1,59.00%,66.40%,13.20%,10.00%,12.50%,2.90%,56.40%,73.3
Desmond Bane,MEM,76,3.8,23.10%,1.18,4.5,1.6,3.2,48.80%,60.00%,10.30%,8.20%,9.60%,2.70%,48.60%,60.3
LaMelo Ball,CHA,75,4,18.80%,1.12,4.5,1.5,3,50.90%,63.10%,11.30%,16.30%,9.00%,3.00%,46.70%,50.3
Jayson Tatum,BOS,76,3.5,13.60%,1.25,4.4,1.6,2.7,60.10%,64.30%,16.80%,10.40%,15.30%,3.00%,59.00%,74.1
Jaylen Brown,BOS,66,4.8,20.60%,1.05,5,2,3.6,54.40%,56.50%,15.00%,13.40%,13.70%,4.50%,51.00%,35.1
Mikal Bridges,PHX,82,2.9,24.10%,1.37,4,1.6,2.4,65.00%,70.80%,13.40%,6.70%,13.40%,3.80%,63.60%,89.2
Zach LaVine,CHI,67,3.8,16.80%,1.28,4.8,1.8,2.7,66.80%,70.40%,17.40%,14.20%,16.60%,4.70%,61.30%,78
Will Barton,DEN,71,3.8,24.80%,1.18,4.4,1.6,2.9,53.40%,64.20%,12.30%,11.60%,11.90%,1.90%,51.50%,58.7
Pascal Siakam,TOR,68,4.2,18.20%,1.11,4.6,1.7,2.9,58.20%,60.60%,19.80%,15.20%,18.00%,3.50%,55.10%,48.7
Trae Young,ATL,76,3.7,13.50%,1.08,4,1.3,2.6,49.70%,56.80%,15.70%,15.00%,10.70%,2.10%,48.90%,42.1
Terry Rozier,CHA,73,3.8,21.10%,1.07,4.1,1.5,3.4,45.20%,54.20%,7.50%,6.50%,6.80%,2.90%,44.80%,40.9
Malik Monk,LAL,76,3.2,24.10%,1.24,3.9,1.5,2.6,57.40%,67.40%,9.20%,11.30%,7.90%,1.70%,54.20%,73.5
Miles Bridges,CHA,80,3.1,16.70%,1.19,3.7,1.4,2.3,58.90%,63.80%,15.50%,12.40%,13.50%,2.00%,56.60%,61.9
Tyrese Maxey,PHI,75,2.9,18.40%,1.35,3.9,1.4,2.3,62.00%,68.70%,18.00%,8.30%,17.10%,5.10%,60.80%,85.8
Jordan Poole,GSW,76,3.1,17.60%,1.2,3.8,1.3,2.4,54.40%,62.10%,14.30%,12.20%,10.90%,2.90%,52.90%,63.9
De'Aaron Fox,SAC,59,4.1,17.30%,1.17,4.8,1.8,3,60.20%,61.60%,22.10%,11.90%,18.00%,6.10%,58.60%,57.7
Keldon Johnson,SAS,75,3.1,19.60%,1.2,3.8,1.4,2.5,55.90%,63.30%,15.30%,9.30%,14.40%,4.20%,54.70%,63.3
Stephen Curry,GSW,64,3.9,16.50%,1.08,4.3,1.5,3.1,46.50%,58.30%,9.10%,13.90%,6.00%,2.40%,43.70%,42.7
Russell Westbrook,LAL,78,4.1,18.70%,0.85,3.5,1.3,2.7,48.80%,50.50%,16.30%,20.10%,14.10%,2.80%,44.20%,10.4
Kelly Oubre Jr.,CHA,76,3.1,21.80%,1.15,3.6,1.3,2.6,51.50%,60.60%,12.80%,6.40%,11.90%,1.70%,51.50%,54.9
Bojan Bogdanovic,UTA,69,3.6,21.50%,1.09,3.9,1.3,2.8,47.70%,58.70%,10.90%,13.30%,8.10%,2.80%,45.60%,44.1
Gary Trent Jr.,TOR,70,3.4,19.10%,1.1,3.7,1.3,2.7,47.10%,56.30%,12.30%,9.30%,10.20%,1.70%,47.90%,46.3
Scottie Barnes,TOR,74,3.3,20.90%,1.07,3.5,1.4,2.6,56.10%,59.80%,10.70%,14.80%,9.90%,3.30%,50.60%,40.1
De'Anthony Melton,MEM,73,3.4,28.90%,1.02,3.5,1.3,2.6,49.50%,57.80%,9.60%,14.90%,8.00%,1.60%,45.40%,31.5
Terance Mann,LAC,81,3,28.50%,1.03,3.1,1.1,2.3,50.50%,55.20%,12.80%,12.00%,12.00%,0.80%,49.60%,32.7
Dejounte Murray,SAS,68,3,13.40%,1.22,3.7,1.5,2.4,62.20%,66.50%,10.30%,10.80%,7.80%,1.50%,58.80%,69.9
Saddiq Bey,DET,82,2.7,16.60%,1.1,3,1,2.2,46.90%,55.60%,15.20%,9.00%,13.90%,3.60%,48.90%,46.7
Cole Anthony,ORL,66,3.6,20.20%,1.02,3.7,1.2,2.9,42.90%,50.00%,14.20%,9.60%,13.80%,2.90%,45.00%,30.7
Donovan Mitchell,UTA,67,3.7,14.50%,1,3.7,1.3,2.7,49.70%,56.40%,12.60%,17.90%,9.30%,3.30%,44.70%,24.6
Kevin Durant,BKN,55,3.7,13.80%,1.19,4.4,1.6,2.6,60.70%,67.20%,14.80%,15.80%,14.30%,3.40%,54.70%,62.9
Aaron Gordon,DEN,75,2.7,19.10%,1.19,3.2,1.1,1.9,61.40%,69.60%,16.30%,17.20%,14.30%,3.00%,54.70%,62.9
Fred VanVleet,TOR,65,3.6,17.30%,1.03,3.7,1.2,2.9,41.40%,51.90%,12.40%,11.50%,11.50%,3.40%,41.90%,32.1
Jimmy Butler,MIA,58,3,15.30%,1.35,4.1,1.4,2.2,64.80%,67.20%,22.90%,8.00%,21.10%,2.30%,66.30%,86.2
Jalen Green,HOU,67,3.4,19.00%,1.05,3.5,1.4,2.7,50.30%,54.10%,13.30%,8.90%,12.00%,2.70%,51.10%,36.3
Tyler Herro,MIA,66,3.3,15.80%,1.06,3.5,1.3,2.7,49.20%,59.20%,6.40%,12.70%,5.00%,0.50%,45.90%,38.9
Franz Wagner,ORL,79,2.6,17.10%,1.14,2.9,1.2,2.2,52.30%,58.60%,9.40%,6.40%,9.40%,1.50%,51.70%,52.2
Khris Middleton,MIL,66,3.3,16.60%,1.06,3.5,1.1,2.4,45.30%,54.70%,13.20%,14.60%,12.30%,1.80%,44.70%,36.5
Karl-Anthony Towns,MIN,74,2.4,10.80%,1.31,3.1,1.1,1.8,60.70%,67.40%,19.90%,10.20%,18.80%,6.80%,59.10%,80.8
Josh Hart,NOP,41,4.8,36.30%,1.17,5.6,2,3.1,62.00%,64.30%,24.50%,13.30%,23.50%,3.60%,58.20%,58.1
Brandon Ingram,NOP,55,3.4,14.70%,1.2,4.1,1.3,2.4,55.60%,63.20%,19.90%,13.40%,18.30%,5.40%,54.30%,65.7
Darius Garland,CLE,68,3.1,13.90%,1.05,3.2,1.2,2.2,54.00%,61.00%,10.00%,20.10%,7.20%,1.90%,46.90%,35.3
Ayo Dosunmu,CHI,77,2.4,27.00%,1.19,2.8,1.2,1.9,63.20%,68.10%,10.40%,14.80%,10.40%,3.80%,55.70%,61.5
Joel Embiid,PHI,68,2.6,9.40%,1.21,3.2,1,1.6,59.80%,65.60%,27.50%,16.30%,26.40%,6.70%,58.40%,67.7
Jrue Holiday,MIL,67,3,16.60%,1.06,3.2,1.3,2.4,52.80%,62.60%,6.40%,16.30%,5.00%,1.50%,45.50%,39.1
Herbert Jones,NOP,78,2.6,26.80%,1.07,2.7,1.1,2,52.20%,54.10%,13.00%,10.00%,10.50%,2.50%,52.00%,40.3
Harrison Barnes,SAC,77,2.3,15.60%,1.21,2.8,0.9,1.6,55.30%,62.20%,23.40%,10.90%,23.40%,5.10%,56.00%,66.9
Shai Gilgeous-Alexander,OKC,56,3.5,14.10%,1.08,3.8,1.3,2.4,53.30%,56.20%,21.00%,12.30%,17.40%,3.60%,53.80%,42.3
Kyle Kuzma,WAS,66,3.2,17.30%,1.01,3.2,1.2,2.1,56.40%,62.10%,12.50%,22.60%,12.00%,2.90%,47.10%,28.9
Isaac Okoro,CLE,67,2.4,29.30%,1.27,3.1,1.1,1.8,61.70%,63.80%,25.00%,8.50%,25.00%,7.30%,60.40%,77.4
Andrew Wiggins,GSW,73,2.3,13.50%,1.23,2.8,1,1.7,60.70%,72.50%,16.90%,12.70%,16.30%,3.00%,54.80%,70.7
Jordan Clarkson,UTA,79,2.3,14.20%,1.1,2.6,0.9,1.9,46.10%,56.20%,11.40%,8.60%,9.20%,3.20%,46.50%,46.5
Lauri Markkanen,CLE,61,2.4,18.00%,1.36,3.3,1.2,2.2,56.80%,69.30%,8.70%,6.00%,8.70%,3.40%,55.70%,87.8
Kentavious Caldwell-Pope,WAS,77,2.4,18.90%,1.09,2.6,0.9,2,46.10%,56.60%,9.70%,10.80%,8.10%,2.20%,45.20%,43.5
Tobias Harris,PHI,73,2.3,13.70%,1.19,2.7,1,1.7,60.30%,66.30%,13.20%,14.40%,12.60%,3.00%,54.50%,62.5
Luguentz Dort,OKC,51,3.7,20.90%,1.05,3.9,1.3,2.9,44.30%,52.30%,14.90%,8.50%,14.40%,2.70%,46.80%,35.5
Bam Adebayo,MIA,56,2.9,15.90%,1.2,3.5,1.2,1.9,65.40%,65.40%,25.30%,17.90%,22.80%,7.40%,59.90%,65.3
Cameron Johnson,PHX,66,2.2,21.00%,1.31,2.9,1,1.9,53.10%,64.80%,11.60%,6.10%,11.60%,4.80%,53.10%,81.8
Malik Beasley,MIN,79,2.3,19.90%,1.06,2.4,0.9,2,42.80%,55.30%,6.10%,6.60%,4.40%,0.60%,42.50%,38.1
Kevin Porter Jr.,HOU,61,3.6,20.40%,0.87,3.1,1.1,2.6,43.70%,50.30%,12.70%,17.30%,11.80%,1.80%,40.50%,12
Carmelo Anthony,LAL,69,2,16.20%,1.39,2.8,0.9,1.9,50.40%,70.90%,2.20%,3.60%,2.20%,0.00%,49.60%,90.4
Bobby Portis,MIL,72,2.2,15.40%,1.22,2.6,1,1.9,54.50%,65.30%,6.40%,7.70%,7.10%,0.60%,52.60%,69.1
Amir Coffey,LAC,69,2,24.40%,1.38,2.7,0.9,1.5,59.00%,69.50%,19.70%,6.60%,19.70%,3.60%,61.30%,89.6
Devin Vassell,SAS,71,2.1,17.60%,1.24,2.6,0.9,1.9,48.50%,61.90%,7.90%,4.60%,6.60%,0.70%,50.00%,72.5
DeMar DeRozan,CHI,76,2.1,8.00%,1.2,2.5,0.8,1.3,62.00%,63.00%,24.40%,14.10%,20.50%,2.60%,60.30%,64.1
D'Angelo Russell,MIN,65,3.2,16.60%,0.9,2.9,1,2.5,38.20%,49.70%,6.30%,15.00%,5.30%,1.00%,35.70%,15.4
Jae'Sean Tate,HOU,78,2.2,18.10%,1.09,2.4,0.9,1.4,63.10%,65.80%,17.80%,21.30%,14.80%,4.70%,53.30%,44.3
Nikola Jokic,DEN,74,2.1,8.90%,1.16,2.5,1,1.4,74.50%,76.00%,13.90%,25.90%,11.40%,4.40%,55.70%,56.5
Buddy Hield,SAC,55,3.1,21.30%,1.05,3.3,1.2,2.7,42.40%,56.00%,4.60%,9.20%,2.90%,1.20%,40.50%,35.9
Jaren Jackson Jr.,MEM,78,2.2,13.20%,1.05,2.3,0.7,1.8,40.10%,48.20%,16.10%,6.30%,14.40%,4.00%,44.30%,34.7
Bogdan Bogdanovic,ATL,63,2.3,15.80%,1.26,2.9,1,2,50.40%,64.60%,6.30%,6.90%,4.90%,1.40%,49.30%,76.2
Kevin Huerter,ATL,74,2.1,17.80%,1.17,2.4,0.9,1.8,50.40%,64.10%,3.90%,9.00%,2.60%,0.00%,47.70%,57.5
Reggie Jackson,LAC,75,2.7,13.80%,0.9,2.4,1,2.2,42.90%,49.40%,4.50%,12.40%,3.50%,0.50%,39.80%,14.8
Dorian Finney-Smith,DAL,80,1.6,16.30%,1.36,2.3,0.9,1.4,61.40%,71.10%,9.80%,6.10%,9.80%,2.30%,59.80%,88.5
Gordon Hayward,CHA,49,3.2,20.70%,1.15,3.7,1.4,2.5,54.00%,60.90%,13.40%,10.80%,13.40%,3.20%,52.90%,53.9
Bruce Brown,BKN,72,1.8,20.90%,1.39,2.5,1,1.4,74.70%,75.30%,20.20%,10.10%,20.90%,7.80%,69.80%,90.6
Monte Morris,DEN,75,2.1,18.20%,1.11,2.4,0.9,1.9,50.70%,58.90%,6.20%,8.70%,6.20%,1.90%,47.80%,47.3
Evan Fournier,NYK,80,1.9,13.80%,1.16,2.2,0.8,1.7,47.80%,62.30%,5.90%,7.80%,5.90%,1.30%,45.10%,56.1
Jerami Grant,DET,47,3.1,16.30%,1.21,3.7,1.2,2.4,52.30%,61.70%,17.90%,8.30%,17.20%,2.80%,54.50%,67.9
OG Anunoby,TOR,48,2.7,15.40%,1.37,3.6,1.5,2.3,65.70%,72.20%,10.90%,7.00%,10.20%,2.30%,64.10%,89
Gary Harris,ORL,61,2.1,19.60%,1.36,2.9,1,1.7,55.80%,70.70%,12.50%,7.80%,10.90%,1.60%,56.30%,87.2
Ziaire Williams,MEM,62,2.2,27.80%,1.28,2.8,1.1,2,57.90%,65.70%,8.90%,5.20%,8.10%,3.70%,56.30%,79
Royce O'Neale,UTA,77,1.7,24.40%,1.28,2.2,0.8,1.4,59.60%,72.50%,7.50%,14.30%,5.30%,3.80%,52.60%,78.4
Jalen Suggs,ORL,48,3.9,24.20%,0.92,3.5,1.3,2.8,45.90%,48.10%,14.10%,13.50%,13.00%,0.50%,47.00%,17.8
Obi Toppin,NYK,72,1.6,19.30%,1.5,2.3,0.9,1.3,73.10%,75.80%,14.20%,5.30%,13.30%,1.80%,72.60%,95.2
Julius Randle,NYK,72,2.5,10.90%,0.93,2.3,0.8,1.5,53.80%,58.00%,20.40%,24.90%,16.60%,3.90%,46.40%,18.2
Grayson Allen,MIL,66,2,20.60%,1.26,2.5,0.9,1.7,52.30%,67.10%,7.60%,10.60%,6.80%,2.30%,49.20%,76.5
Cody Martin,CHA,71,1.9,25.30%,1.24,2.3,0.9,1.5,60.20%,65.00%,14.90%,9.70%,11.90%,1.50%,59.70%,72.9
Lonnie Walker IV,SAS,70,2.4,18.60%,0.96,2.3,0.9,1.9,45.80%,52.70%,11.30%,11.90%,9.50%,1.20%,44.00%,22.1
Chris Boucher,TOR,80,1.6,17.70%,1.29,2,0.8,1.2,62.90%,66.00%,20.80%,8.80%,19.20%,7.20%,61.60%,79.8
Chris Duarte,IND,55,2.5,18.30%,1.16,2.9,1.1,2.1,54.40%,61.40%,11.50%,8.60%,11.50%,2.20%,51.80%,56.7
Luke Kennard,LAC,70,1.7,16.70%,1.33,2.3,0.8,1.6,48.60%,70.20%,2.50%,6.70%,3.30%,0.80%,45.80%,85.1
Kyle Lowry,MIA,63,2.5,18.10%,1.01,2.5,0.9,1.7,52.90%,63.90%,12.70%,25.30%,11.40%,3.80%,43.70%,29.3
Patty Mills,BKN,81,1.7,15.60%,1.13,1.9,0.7,1.5,46.80%,60.10%,4.30%,7.20%,2.90%,0.70%,45.30%,50.7
James Harden,BKN,44,3.9,16.30%,0.91,3.6,1.2,2.5,45.50%,47.80%,17.40%,20.90%,15.10%,4.10%,43.00%,16
Jaxson Hayes,NOP,70,1.4,18.80%,1.56,2.2,0.8,1.1,73.40%,74.70%,33.00%,2.00%,33.00%,14.00%,75.00%,97.2
Norman Powell,POR,40,3.5,20.30%,1.11,3.9,1.3,2.6,49.50%,56.70%,17.90%,9.30%,17.10%,2.90%,52.10%,49
Caleb Martin,MIA,60,2.1,24.70%,1.23,2.6,1,1.7,59.40%,63.40%,13.60%,7.20%,12.00%,1.60%,60.00%,71.3
De'Andre Hunter,ATL,53,2.5,18.40%,1.17,2.9,1.1,2,53.30%,58.60%,16.70%,9.10%,13.60%,5.30%,53.80%,57.2
Cade Cunningham,DET,64,3,14.50%,0.79,2.4,1,2,47.30%,51.50%,6.20%,26.30%,3.60%,0.00%,37.60%,6.6
Hamidou Diallo,DET,58,2.2,19.80%,1.21,2.6,1.1,1.7,61.40%,61.90%,21.30%,5.50%,22.00%,7.10%,62.20%,65.9
Jeff Green,DEN,75,1.5,16.70%,1.33,2,0.7,1.2,64.40%,66.10%,22.80%,7.90%,21.90%,7.00%,64.90%,83.6
Kenyon Martin Jr.,HOU,79,1.5,18.50%,1.28,1.9,0.7,1.1,66.70%,68.40%,22.20%,7.70%,22.20%,4.30%,67.50%,79.2
Devonte' Graham,NOP,76,1.8,14.40%,1.07,2,0.7,1.6,45.00%,59.20%,5.00%,11.40%,3.60%,2.10%,41.40%,40.6
Jalen Brunson,DAL,79,1.7,11.30%,1.09,1.9,0.7,1.4,53.60%,59.50%,10.20%,13.10%,8.80%,3.60%,48.90%,43.9
Josh Giddey,OKC,54,2.6,16.30%,1.04,2.8,1.2,2,57.30%,61.80%,7.00%,16.80%,4.20%,0.70%,49.70%,34.1
Immanuel Quickley,NYK,78,1.8,15.30%,1.07,1.9,0.6,1.3,46.10%,56.40%,13.80%,12.30%,12.30%,0.70%,47.10%,41.1
CJ McCollum,NOP,26,4.2,18.50%,1.33,5.6,2.1,3.7,57.90%,67.40%,15.50%,4.50%,13.60%,6.40%,58.20%,84
Josh Christopher,HOU,74,2.1,22.90%,0.95,2,0.8,1.4,60.00%,63.50%,8.50%,26.10%,9.20%,1.30%,46.40%,21.2
Darius Bazley,OKC,69,2.1,17.50%,1.02,2.1,0.9,1.7,51.80%,53.10%,14.10%,7.70%,14.10%,2.80%,51.40%,30.9
Taurean Prince,MIN,69,1.9,27.30%,1.12,2.1,0.8,1.4,54.20%,62.50%,16.30%,15.50%,16.30%,6.20%,49.60%,49.3
Kevin Love,CLE,74,1.5,12.10%,1.25,1.9,0.6,1.4,45.20%,64.40%,3.50%,5.30%,3.50%,0.00%,44.70%,73.9
Christian Wood,HOU,68,2.2,12.80%,0.96,2.1,0.8,1.5,52.00%,57.40%,16.20%,17.60%,16.20%,3.40%,46.60%,21.8
Precious Achiuwa,TOR,73,1.9,18.60%,1.01,1.9,0.8,1.4,55.90%,61.80%,10.10%,19.40%,10.80%,3.60%,46.80%,29.9
R.J. Hampton,ORL,64,2.2,23.80%,1,2.2,0.8,1.6,50.50%,55.20%,15.60%,12.80%,14.90%,2.80%,48.20%,25.8
Coby White,CHI,61,2,16.20%,1.15,2.3,0.8,1.6,50.00%,60.40%,12.30%,10.70%,11.50%,1.60%,50.00%,54.6
Talen Horton-Tucker,LAL,60,2.1,18.90%,1.09,2.3,0.8,1.6,52.60%,57.90%,14.10%,13.30%,14.10%,1.60%,51.60%,45.3
Ben McLemore,POR,64,1.6,16.50%,1.33,2.2,0.7,1.4,52.80%,69.10%,8.70%,7.70%,8.70%,1.90%,51.90%,83.8
Corey Kispert,WAS,77,1.4,18.20%,1.29,1.8,0.6,1.2,55.60%,62.80%,15.00%,2.80%,15.00%,1.90%,59.80%,80
Eric Gordon,HOU,57,1.8,14.00%,1.33,2.4,0.8,1.5,54.10%,72.90%,7.80%,9.80%,6.90%,0.00%,52.00%,85.1
Pat Connaughton,MIL,65,1.6,19.20%,1.27,2.1,0.8,1.6,48.50%,64.60%,1.90%,1.90%,1.90%,0.90%,48.10%,77.8
Javonte Green,CHI,65,1.4,22.60%,1.49,2.1,0.8,1,77.90%,80.90%,16.70%,11.10%,16.70%,3.30%,72.20%,94.6
Reggie Bullock,DAL,68,1.7,20.90%,1.18,2,0.7,1.6,43.90%,59.80%,3.50%,3.50%,3.50%,0.90%,43.90%,59.2
Wendell Carter Jr.,ORL,62,1.8,12.30%,1.21,2.1,0.8,1.6,52.60%,62.90%,8.20%,6.40%,7.30%,2.70%,51.80%,66.3
Marcus Smart,BOS,71,2,15.10%,0.92,1.9,0.7,1.3,52.70%,58.80%,13.10%,27.60%,12.40%,3.40%,42.10%,17.6
Kyrie Irving,BKN,29,3.8,14.90%,1.21,4.6,1.6,3.1,50.60%,62.90%,11.90%,11.00%,10.10%,4.60%,48.60%,66.7
Jarred Vanderbilt,MIN,74,1.3,20.40%,1.32,1.8,0.8,1,76.70%,76.70%,15.20%,14.10%,12.10%,3.00%,68.70%,83.4
Dillon Brooks,MEM,33,3.9,20.60%,1.02,4,1.5,3.1,47.60%,52.90%,10.90%,10.20%,10.20%,1.60%,46.90%,31.3
P.J. Washington,CHA,65,1.6,16.30%,1.23,2,0.8,1.4,56.20%,69.10%,5.70%,11.30%,5.70%,0.90%,51.90%,70.1
Davion Mitchell,SAC,75,2,14.80%,0.88,1.7,0.7,1.6,45.80%,49.60%,7.50%,12.20%,4.80%,1.40%,42.90%,13.6
Bones Hyland,DEN,69,1.9,18.20%,1,1.9,0.6,1.3,44.60%,53.80%,15.50%,15.50%,12.40%,2.30%,43.40%,25.8
Tyrese Haliburton,SAC,51,2.1,14.50%,1.2,2.5,0.9,1.6,59.30%,71.60%,8.40%,18.70%,6.50%,2.80%,50.50%,63.5
Oshae Brissett,IND,67,1.6,17.40%,1.15,1.9,0.6,1.3,47.20%,53.90%,20.00%,4.50%,18.20%,5.50%,52.70%,53.2
Bradley Beal,WAS,40,2.8,11.20%,1.14,3.1,1.2,2.2,53.90%,58.40%,11.70%,10.80%,11.70%,2.70%,52.30%,51.2
Anthony Davis,LAL,40,2.5,11.40%,1.25,3.1,1.4,1.9,72.00%,72.70%,14.00%,12.00%,13.00%,2.00%,64.00%,75.1
Seth Curry,PHI,45,2,14.40%,1.36,2.8,1,1.8,54.30%,71.00%,6.60%,7.70%,6.60%,3.30%,51.60%,88
Gary Payton II,GSW,71,1.4,24.10%,1.25,1.7,0.8,1.1,69.20%,70.50%,12.10%,10.10%,12.10%,3.00%,63.60%,75.6
Doug McDermott,SAS,51,1.8,17.60%,1.31,2.4,0.8,1.6,51.30%,69.40%,7.50%,5.40%,7.50%,0.00%,50.50%,81.4
Jaylen Nowell,MIN,62,1.6,20.20%,1.24,2,0.7,1.3,54.30%,60.50%,19.40%,5.10%,19.40%,7.10%,56.10%,71.9
Derrick White,SAS,49,2.3,15.90%,1.05,2.5,0.8,1.7,46.40%,51.20%,19.10%,14.80%,17.40%,7.00%,46.10%,36.1
Jaden McDaniels,MIN,70,2,21.00%,0.88,1.7,0.7,1.5,45.70%,49.00%,9.40%,16.70%,9.40%,2.20%,42.00%,12.4
Max Strus,MIA,68,1.3,14.10%,1.32,1.8,0.6,1.2,52.50%,68.80%,6.70%,5.60%,6.70%,1.10%,52.20%,83.2
Tyus Jones,MEM,73,1.3,15.40%,1.23,1.6,0.7,1.2,53.30%,62.20%,5.20%,2.10%,4.20%,1.00%,53.10%,70.9
Jonathan Kuminga,GSW,71,1.5,16.50%,1.15,1.7,0.6,1.1,58.40%,61.00%,18.40%,9.70%,16.50%,2.90%,58.30%,53.5
Alec Burks,NYK,81,1.1,9.50%,1.33,1.4,0.4,0.8,50.00%,62.90%,23.90%,5.70%,20.50%,4.50%,56.80%,84.2
Austin Reaves,LAL,61,1.4,20.40%,1.39,1.9,0.6,1,57.60%,67.80%,26.50%,9.60%,22.90%,7.20%,60.20%,90.2
Duncan Robinson,MIA,79,1.2,11.50%,1.24,1.5,0.5,1.1,44.40%,62.20%,3.20%,1.10%,3.20%,1.10%,45.20%,72.3
Tim Hardaway Jr.,DAL,42,2.5,17.40%,1.09,2.7,1,2.2,47.30%,53.80%,12.30%,2.80%,13.20%,3.80%,48.10%,43.3
Brandon Clarke,MEM,64,1.3,15.80%,1.36,1.8,0.8,1.1,71.00%,71.00%,17.90%,6.00%,17.90%,7.10%,69.00%,86.9
Trendon Watford,POR,48,1.9,26.00%,1.24,2.4,0.9,1.4,66.20%,68.40%,17.40%,12.00%,18.50%,4.30%,60.90%,73.1
Eric Bledsoe,LAC,54,2.2,19.30%,0.94,2.1,0.7,1.4,50.00%,52.70%,19.80%,25.60%,17.40%,6.60%,43.00%,19.4
Frank Jackson,DET,53,1.6,15.50%,1.3,2.1,0.7,1.3,50.70%,61.60%,19.50%,5.70%,18.40%,4.60%,55.20%,80.2
Kyle Anderson,MEM,69,1.8,21.80%,0.88,1.6,0.7,1.4,50.00%,51.10%,13.40%,16.50%,11.80%,3.90%,45.70%,13
Nassir Little,POR,42,2.3,24.40%,1.16,2.6,1,1.7,58.30%,59.70%,24.00%,9.40%,22.90%,8.30%,58.30%,55.8
Evan Mobley,CLE,69,1.4,9.00%,1.14,1.6,0.7,1.2,63.00%,63.60%,7.20%,13.40%,7.20%,4.10%,55.70%,52.7
Cam Thomas,BKN,67,1.6,17.20%,1.07,1.7,0.6,1.2,48.80%,55.50%,13.50%,9.60%,11.50%,1.90%,50.00%,39.7
Aleksej Pokusevski,OKC,61,1.9,19.70%,0.97,1.8,0.8,1.5,51.70%,56.70%,6.20%,15.00%,5.30%,0.00%,46.00%,23.2
Jae Crowder,PHX,67,1.7,17.60%,0.97,1.6,0.5,1.3,39.80%,48.90%,10.70%,11.60%,9.80%,0.90%,41.10%,23
Isaiah Stewart,DET,71,1,11.90%,1.48,1.5,0.6,0.8,80.40%,81.30%,16.40%,8.20%,15.10%,1.40%,76.70%,94.2
Chuma Okeke,ORL,70,1.5,15.40%,1.06,1.5,0.6,1.2,48.10%,58.00%,7.80%,13.70%,7.80%,1.00%,45.10%,37.5
Nickeil Alexander-Walker,NOP,50,2.1,13.60%,1.05,2.2,0.9,1.8,47.30%,56.00%,4.90%,6.80%,4.90%,0.00%,46.60%,35.7
Jordan Nwora,MIL,62,1.6,18.80%,1.06,1.7,0.7,1.4,48.30%,55.10%,5.90%,7.90%,5.90%,2.00%,46.50%,37.7
Anfernee Simons,POR,57,1.8,11.00%,1.02,1.9,0.7,1.5,46.00%,57.50%,3.80%,12.40%,4.80%,0.00%,41.90%,30.3
Isaiah Roby,OKC,45,1.8,19.70%,1.28,2.4,0.8,1.4,59.70%,64.50%,20.50%,7.20%,19.30%,2.40%,62.70%,78.2
Josh Green,DAL,67,1.2,25.50%,1.28,1.6,0.7,1,70.80%,73.80%,11.00%,14.60%,9.80%,4.90%,62.20%,78.8
Klay Thompson,GSW,32,2.8,13.90%,1.18,3.3,1.2,2.4,48.70%,61.50%,7.90%,6.70%,7.90%,2.20%,48.30%,60.7
Buddy Hield,IND,26,3.5,18.80%,1.17,4,1.6,3,51.90%,64.60%,2.20%,10.00%,1.10%,0.00%,47.80%,57.2
Aaron Wiggins,OKC,50,1.9,22.50%,1.09,2.1,0.9,1.5,58.90%,65.10%,11.50%,15.60%,9.40%,3.10%,51.00%,45.3
Caris LeVert,IND,39,2.6,13.60%,1.01,2.7,1,2,49.40%,53.90%,11.70%,15.50%,10.70%,1.90%,46.60%,29.1
Lamar Stevens,CLE,63,1.4,22.30%,1.18,1.6,0.7,1,66.20%,66.90%,19.50%,12.60%,17.20%,6.90%,60.90%,61.3
Luka Doncic,DAL,65,1.8,6.10%,0.89,1.6,0.6,1.1,50.70%,56.80%,12.10%,28.40%,12.10%,3.40%,39.70%,13.8
Mo Bamba,ORL,71,1.1,10.80%,1.31,1.4,0.5,1,52.80%,65.30%,7.70%,3.80%,7.70%,3.80%,52.60%,81.1
John Collins,ATL,54,1.6,10.90%,1.2,1.9,0.7,1.3,57.10%,65.00%,10.60%,8.20%,7.10%,1.20%,55.30%,64.8
Grant Williams,BOS,77,1.1,16.10%,1.19,1.3,0.5,1.1,48.10%,57.40%,7.00%,2.30%,7.00%,3.50%,48.80%,61.7
Garrison Mathews,HOU,65,1.4,15.90%,1.15,1.6,0.4,1,42.40%,53.00%,20.20%,9.00%,18.00%,3.40%,48.30%,53.7
Jonas Valanciunas,NOP,74,1.1,6.70%,1.22,1.4,0.5,1,54.20%,64.60%,7.20%,9.60%,7.20%,3.60%,50.60%,68.9
Lonzo Ball,CHI,35,2.9,21.10%,1,2.9,1.1,2,53.60%,66.70%,8.00%,26.00%,7.00%,3.00%,41.00%,25.8
Matisse Thybulle,PHI,66,1.2,22.50%,1.24,1.5,0.6,1,64.60%,67.70%,8.80%,11.30%,8.80%,1.30%,60.00%,72.7
Naji Marshall,NOP,55,1.6,25.10%,1.11,1.8,0.6,1,58.90%,60.70%,23.60%,14.60%,19.10%,1.10%,59.60%,48.5
Chris Paul,PHX,65,1.5,9.80%,1.03,1.5,0.6,1.1,57.70%,68.30%,1.10%,25.30%,1.10%,1.10%,43.20%,32.5
Deni Avdija,WAS,82,1.2,13.80%,0.98,1.2,0.5,0.9,52.00%,56.70%,12.00%,15.00%,9.00%,2.00%,47.00%,24.2
Duane Washington Jr.,IND,48,2.1,19.80%,0.97,2,0.8,1.7,45.00%,53.80%,9.90%,12.90%,8.90%,2.00%,43.60%,22.8
Montrezl Harrell,WAS,46,1.4,12.50%,1.49,2.1,0.8,1.1,78.00%,79.00%,26.20%,6.20%,21.50%,9.20%,75.40%,95
Landry Shamet,PHX,69,1.4,18.00%,0.97,1.4,0.5,1.3,38.60%,48.30%,6.00%,6.00%,6.00%,1.00%,39.00%,22.6
CJ McCollum,POR,36,2.9,13.80%,0.91,2.7,1.1,2.4,43.70%,48.90%,7.60%,10.50%,6.70%,1.00%,41.90%,16.4
Tre Mann,OKC,60,1.2,10.40%,1.31,1.6,0.5,0.9,52.70%,63.60%,20.80%,5.60%,19.40%,2.80%,56.90%,80.6
Malcolm Brogdon,IND,36,2.6,13.70%,1,2.6,1,2.2,45.60%,51.30%,9.60%,7.40%,6.40%,1.10%,45.70%,25.8
Clint Capela,ATL,74,0.9,9.60%,1.35,1.3,0.6,0.8,77.20%,77.20%,14.50%,10.10%,14.50%,7.20%,68.10%,86
Rui Hachimura,WAS,42,1.7,16.50%,1.26,2.2,0.9,1.5,58.10%,68.50%,6.80%,9.60%,6.80%,1.40%,54.80%,76.8
Rudy Gobert,UTA,66,0.9,7.20%,1.5,1.4,0.5,0.6,86.80%,86.80%,31.70%,8.30%,31.70%,3.30%,81.70%,95.8
Nikola Vucevic,CHI,73,1.1,6.00%,1.11,1.2,0.5,1,46.50%,56.30%,8.60%,4.90%,7.40%,1.20%,46.90%,48
Killian Hayes,DET,66,1.6,17.90%,0.83,1.4,0.5,1.2,44.70%,47.40%,11.10%,19.40%,8.30%,0.90%,41.70%,8.8
Domantas Sabonis,IND,47,1.5,8.50%,1.25,1.9,0.7,1,68.80%,69.80%,16.90%,16.90%,15.50%,1.40%,62.00%,75.8
Avery Bradley,LAL,62,1.4,21.30%,1.06,1.4,0.5,1.2,40.80%,56.60%,2.40%,7.10%,1.20%,0.00%,39.30%,37.9
Shake Milton,PHI,55,1.3,15.40%,1.21,1.6,0.6,1.1,55.00%,62.50%,15.10%,8.20%,13.70%,5.50%,54.80%,66.1
Bryn Forbes,SAS,40,1.9,21.30%,1.19,2.2,0.7,1.6,44.60%,60.80%,5.40%,6.80%,5.40%,0.00%,44.60%,62.2
Chimezie Metu,SAC,61,1.3,14.50%,1.1,1.4,0.6,1.1,54.50%,60.60%,8.80%,11.30%,8.80%,2.50%,51.30%,45.9
Moritz Wagner,ORL,63,0.9,11.00%,1.55,1.4,0.5,0.8,64.70%,80.40%,5.40%,5.40%,5.40%,1.80%,62.50%,97
Terence Davis,SAC,30,2.5,24.10%,1.15,2.9,1.1,1.9,58.60%,62.90%,14.50%,14.50%,11.80%,5.30%,53.90%,52.9
Tre Jones,SAS,69,1.2,19.00%,1.09,1.3,0.5,0.9,52.30%,52.30%,15.00%,7.50%,12.50%,3.80%,53.80%,43.7
Georges Niang,PHI,76,1.2,14.50%,0.94,1.1,0.4,1,42.30%,51.30%,5.40%,11.80%,5.40%,1.10%,39.80%,18.9
Cameron Payne,PHX,58,1.7,13.90%,0.86,1.5,0.6,1.4,40.00%,50.00%,5.90%,17.80%,5.00%,3.00%,34.70%,11.2
Paul George,LAC,31,3.7,14.00%,0.76,2.8,0.9,2.8,32.20%,38.50%,10.40%,15.70%,9.60%,1.70%,33.00%,5.4
Deandre Ayton,PHX,58,0.9,6.50%,1.53,1.4,0.6,0.9,72.00%,74.00%,12.70%,0.00%,10.90%,3.60%,74.50%,96.4
Jalen McDaniels,CHA,55,1.2,20.40%,1.27,1.5,0.6,0.9,65.30%,71.40%,16.70%,13.60%,16.70%,4.50%,59.10%,77.6
Payton Pritchard,BOS,71,1,16.10%,1.24,1.2,0.4,0.8,51.70%,65.50%,5.90%,8.80%,4.40%,0.00%,50.00%,72.1
Furkan Korkmaz,PHI,67,1.1,13.30%,1.14,1.3,0.5,0.9,50.00%,60.50%,8.10%,9.50%,4.10%,1.40%,47.30%,51.2
Trey Murphy III,NOP,62,1,19.30%,1.38,1.3,0.5,0.9,51.80%,68.80%,6.70%,3.30%,6.70%,3.30%,51.70%,90
Tyrese Haliburton,IND,26,2.5,14.90%,1.26,3.2,1.3,1.9,68.00%,81.00%,1.50%,22.70%,1.50%,0.00%,53.00%,76.5
Brandon Boston Jr.,LAC,51,1.7,22.00%,0.98,1.6,0.6,1.4,44.40%,47.90%,9.40%,5.90%,9.40%,0.00%,47.10%,24
Marcus Morris Sr.,LAC,54,1.6,10.60%,0.97,1.5,0.5,1.3,40.00%,50.00%,9.30%,12.80%,9.30%,3.50%,38.40%,22.4
Mason Plumlee,CHA,73,0.8,12.00%,1.37,1.1,0.5,0.6,86.00%,86.00%,13.30%,16.70%,13.30%,1.70%,73.30%,88.8
Kristaps Porzingis,DAL,35,1.9,10.40%,1.23,2.3,0.8,1.5,51.90%,62.00%,15.20%,7.60%,15.20%,4.50%,53.00%,70.5
Theo Maledon,OKC,51,1.5,18.40%,1.04,1.6,0.5,1,48.10%,53.80%,20.50%,15.40%,15.40%,2.60%,50.00%,33.3
Gabe Vincent,MIA,68,1.3,13.40%,0.95,1.2,0.4,0.9,45.20%,57.30%,8.20%,20.00%,8.20%,1.20%,40.00%,21
Ivica Zubac,LAC,76,0.7,7.70%,1.46,1.1,0.4,0.5,84.60%,84.60%,18.20%,14.50%,18.20%,3.60%,74.50%,93.5
Garrett Temple,NOP,59,1.2,19.20%,1.18,1.4,0.5,0.9,56.60%,64.20%,13.20%,11.80%,14.70%,4.40%,52.90%,59.8
DeAndre' Bembry,BKN,48,1.4,26.10%,1.18,1.7,0.8,1.1,67.90%,68.90%,8.80%,11.80%,10.30%,0.00%,61.80%,59.8
Cory Joseph,DET,65,1.1,13.70%,1.11,1.2,0.4,0.8,50.00%,56.70%,19.40%,13.90%,18.10%,6.90%,48.60%,48
Mike Conley,UTA,72,1.1,8.40%,0.98,1.1,0.4,1,43.50%,55.10%,3.70%,12.20%,2.40%,0.00%,40.20%,23.8
Jarrett Allen,CLE,56,0.9,6.70%,1.58,1.4,0.6,0.7,85.40%,85.40%,14.00%,10.00%,14.00%,6.00%,78.00%,97.4
George Hill,MIL,54,1.1,17.60%,1.32,1.5,0.6,1,57.70%,64.40%,11.70%,3.30%,6.70%,1.70%,60.00%,82.2
Cam Reddish,ATL,34,1.9,15.30%,1.22,2.3,0.8,1.4,55.10%,65.30%,12.30%,12.30%,13.80%,1.50%,52.30%,68.7
Derrick Jones Jr.,CHI,51,0.9,18.00%,1.7,1.5,0.5,0.7,82.40%,83.80%,30.40%,4.30%,28.30%,8.70%,82.60%,98.6
Stanley Johnson,LAL,48,1.5,22.00%,1.11,1.6,0.5,0.8,55.00%,58.80%,35.70%,15.70%,30.00%,8.60%,57.10%,49
Kessler Edwards,BKN,49,1.5,23.50%,1.04,1.6,0.7,1.3,51.60%,59.70%,2.70%,14.90%,2.70%,1.40%,44.60%,33.9
Danny Green,PHI,62,1.3,21.20%,0.98,1.2,0.4,1.1,38.20%,55.10%,2.50%,12.70%,2.50%,1.30%,34.20%,23.6
Lindy Waters III,OKC,24,2.1,27.60%,1.49,3.2,1.2,2,58.30%,76.00%,3.90%,2.00%,3.90%,0.00%,58.80%,94.8
Josh Richardson,BOS,44,1.3,13.60%,1.34,1.7,0.6,1,60.00%,71.10%,14.30%,7.10%,10.70%,1.80%,60.70%,85.4
Delon Wright,ATL,77,0.8,17.50%,1.25,1,0.4,0.6,63.60%,70.50%,13.30%,15.00%,11.70%,1.70%,58.30%,75.1
Svi Mykhailiuk,TOR,56,1.3,24.90%,1.07,1.3,0.6,1,56.40%,62.70%,5.70%,17.10%,5.70%,1.40%,48.60%,40.6
CJ Elleby,POR,58,1.4,20.60%,0.92,1.3,0.6,1,56.10%,59.60%,9.80%,23.20%,8.50%,2.40%,43.90%,16.6
Patrick Beverley,MIN,59,1.4,14.40%,0.9,1.3,0.4,1,39.30%,49.20%,11.00%,17.10%,6.10%,2.40%,37.80%,15.2
Ricky Rubio,CLE,34,2.9,18.20%,0.75,2.2,0.6,1.9,31.80%,36.40%,16.20%,18.20%,10.10%,1.00%,36.40%,4.6
John Konchar,MEM,72,0.9,21.50%,1.09,1,0.4,0.7,49.10%,56.60%,14.90%,6.00%,14.90%,1.50%,50.70%,44.5
Justin Holiday,IND,49,1.5,13.70%,1.01,1.5,0.6,1.2,45.80%,56.80%,4.20%,12.50%,4.20%,0.00%,41.70%,29.5
Austin Rivers,DEN,67,0.9,14.90%,1.13,1.1,0.4,0.8,51.90%,60.20%,7.90%,9.50%,6.30%,3.20%,49.20%,50.5
Otto Porter Jr.,GSW,63,1.1,14.50%,1.01,1.1,0.5,1,48.30%,54.20%,5.70%,10.00%,5.70%,1.40%,45.70%,29.7
Kenrich Williams,OKC,49,1.5,19.20%,0.95,1.4,0.6,1.2,50.80%,55.70%,6.70%,13.30%,6.70%,1.30%,45.30%,19.8
Daniel Gafford,WAS,72,0.7,9.00%,1.46,1,0.4,0.5,76.90%,76.90%,22.90%,2.10%,25.00%,8.30%,77.10%,93.8
Torrey Craig,IND,51,1.2,18.20%,1.15,1.4,0.5,1,57.10%,67.30%,6.60%,14.80%,4.90%,1.60%,50.80%,54.6
Facundo Campazzo,DEN,65,1,16.40%,1.08,1.1,0.4,0.8,51.00%,57.10%,18.50%,9.20%,10.80%,3.10%,49.20%,41.5
Jordan McLaughlin,MIN,62,0.9,21.60%,1.21,1.1,0.5,0.8,59.60%,64.90%,8.90%,10.70%,8.90%,5.40%,53.60%,68.3
Danilo Gallinari,ATL,66,0.8,7.50%,1.26,1,0.3,0.7,46.80%,62.80%,7.50%,3.80%,7.50%,0.00%,49.10%,77.2
Trey Lyles,DET,51,1.1,10.80%,1.22,1.3,0.4,0.8,56.40%,59.00%,29.10%,12.70%,25.50%,12.70%,56.40%,69.3
Keita Bates-Diop,SAS,59,0.9,16.70%,1.2,1.1,0.5,0.7,64.30%,67.90%,12.50%,14.30%,12.50%,1.80%,58.90%,63.7
Saben Lee,DET,37,1.5,23.20%,1.18,1.8,0.7,1.1,63.40%,64.60%,21.10%,12.30%,21.10%,5.30%,57.90%,59.2
Damion Lee,GSW,63,0.9,12.50%,1.18,1.1,0.4,0.8,54.00%,63.00%,5.30%,8.80%,3.50%,1.80%,50.90%,59.2
David Nwaba,HOU,46,1.4,28.30%,1.03,1.5,0.6,1,55.30%,57.40%,18.50%,12.30%,16.90%,3.10%,52.30%,32.3
Timothe Luwawu-Cabarrot,ATL,52,1,22.30%,1.32,1.3,0.4,0.8,51.20%,64.60%,18.00%,4.00%,16.00%,4.00%,56.00%,82.8
Derrick Rose,NYK,26,2.2,17.70%,1.12,2.5,0.9,1.9,49.00%,60.20%,5.20%,10.30%,5.20%,0.00%,46.60%,49.9
Nicolas Batum,LAC,59,1,13.80%,1.07,1.1,0.4,0.9,50.00%,59.60%,6.60%,9.80%,6.60%,1.60%,47.50%,39.3
Seth Curry,BKN,19,2.2,17.40%,1.52,3.4,1.2,1.9,62.20%,86.50%,0.00%,11.90%,0.00%,0.00%,54.80%,96.2
Spencer Dinwiddie,DAL,23,2,14.70%,1.36,2.8,1,1.4,66.70%,75.80%,29.80%,8.50%,27.70%,8.50%,63.80%,87.6
Josh Jackson,DET,39,1.4,17.60%,1.16,1.6,0.5,1.1,50.00%,53.60%,27.30%,7.30%,25.50%,10.90%,52.70%,56.9
Draymond Green,GSW,46,1.7,18.30%,0.8,1.4,0.5,0.9,58.50%,58.50%,17.50%,35.00%,17.50%,3.80%,42.50%,6.8
Dwight Powell,DAL,82,0.5,6.70%,1.7,0.8,0.3,0.4,84.40%,85.90%,21.60%,5.40%,21.60%,13.50%,81.10%,98.8
Robert Covington,LAC,23,1.8,21.60%,1.54,2.7,1,1.6,61.10%,80.60%,7.30%,4.90%,7.30%,0.00%,61.00%,96.8
Kelly Olynyk,DET,40,1.4,14.30%,1.15,1.6,0.6,1,60.00%,66.30%,12.70%,16.40%,12.70%,1.80%,54.50%,53.2
Ty Jerome,OKC,48,1.2,15.30%,1.07,1.3,0.4,1,40.00%,53.00%,10.20%,6.80%,8.50%,1.70%,42.40%,39.9
Damian Lillard,POR,29,2.6,10.50%,0.84,2.2,0.7,1.8,38.50%,48.10%,10.70%,20.00%,9.30%,0.00%,37.30%,9.2
Greg Brown III,POR,48,1.3,24.40%,1,1.3,0.5,1,46.80%,50.00%,19.40%,8.10%,17.70%,3.20%,50.00%,25.8
Dennis Schroder,BOS,49,1.6,10.10%,0.82,1.3,0.5,1.1,41.80%,43.60%,11.80%,19.70%,11.80%,3.90%,38.20%,7.6
Isaiah Hartenstein,LAC,68,0.6,8.30%,1.45,0.9,0.4,0.5,79.40%,80.90%,11.90%,9.50%,11.90%,2.40%,71.40%,92.8
JaMychal Green,DEN,67,0.7,11.60%,1.22,0.9,0.4,0.6,60.00%,61.30%,14.00%,6.00%,12.00%,0.00%,62.00%,69.7
Nic Claxton,BKN,47,0.8,10.70%,1.62,1.3,0.6,0.7,84.40%,84.40%,21.60%,0.00%,16.20%,8.10%,83.80%,97.6
Wesley Matthews,MIL,49,1.1,21.40%,1.11,1.2,0.4,0.9,42.20%,60.00%,9.30%,7.40%,9.30%,0.00%,42.60%,48
James Harden,PHI,21,2.6,12.30%,1.11,2.9,0.8,1.6,48.50%,57.60%,22.20%,18.50%,22.20%,1.90%,50.00%,48
Brandon Williams,POR,24,2.3,14.40%,1.09,2.5,0.9,1.8,50.00%,59.50%,12.70%,14.50%,12.70%,3.60%,47.30%,44.7
Joshua Primo,SAS,50,1.5,21.20%,0.8,1.2,0.4,1.1,40.00%,42.70%,13.30%,14.70%,10.70%,1.30%,41.30%,6.8
Jeremiah Robinson-Earl,OKC,49,1,12.10%,1.26,1.2,0.4,0.8,57.90%,68.40%,10.60%,10.60%,6.40%,2.10%,55.30%,76
Myles Turner,IND,42,1.2,10.00%,1.2,1.4,0.5,0.9,56.40%,65.40%,12.20%,12.20%,12.20%,4.10%,53.10%,65.5
Alex Caruso,CHI,41,1.5,17.30%,0.98,1.4,0.5,1,46.30%,53.70%,20.00%,15.00%,16.70%,3.30%,46.70%,24.4
Raul Neto,WAS,70,0.9,10.90%,0.94,0.8,0.3,0.7,46.80%,46.80%,16.10%,14.50%,12.90%,6.50%,45.20%,18.9
Al Horford,BOS,69,0.9,9.60%,0.89,0.8,0.3,0.8,41.10%,46.40%,6.20%,9.20%,4.60%,1.50%,40.00%,14.2
Josh Hart,POR,13,3.5,19.10%,1.24,4.3,1.5,2.3,63.30%,66.70%,26.70%,13.30%,26.70%,6.70%,60.00%,73.7
Naz Reid,MIN,77,0.7,8.30%,1.08,0.7,0.3,0.5,51.20%,59.80%,13.50%,11.50%,13.50%,3.80%,50.00%,41.5
Rodney McGruder,DET,51,1.1,21.10%,1.02,1.1,0.4,0.9,42.60%,52.10%,9.10%,9.10%,7.30%,3.60%,41.80%,30.1
Danuel House Jr.,UTA,25,1.8,29.00%,1.2,2.2,0.8,1.4,54.30%,65.70%,15.60%,6.70%,15.60%,0.00%,57.80%,64.8
Richaun Holmes,SAC,45,0.8,9.40%,1.43,1.2,0.4,0.6,76.90%,76.90%,24.30%,10.80%,24.30%,5.40%,73.00%,92
Torrey Craig,PHX,27,1.6,21.50%,1.26,2,0.7,1.2,62.50%,71.90%,14.30%,16.70%,14.30%,7.10%,54.80%,77
JaVale McGee,PHX,74,0.6,7.30%,1.18,0.7,0.3,0.5,64.70%,64.70%,17.80%,11.10%,17.80%,4.40%,60.00%,60.1
Quentin Grimes,NYK,46,1.3,21.50%,0.91,1.2,0.4,1.1,40.00%,51.00%,3.40%,12.10%,1.70%,1.70%,36.20%,16.2
Dalano Banton,TOR,64,1,22.90%,0.84,0.8,0.3,0.7,50.00%,50.00%,17.50%,15.90%,15.90%,3.20%,46.00%,9.4
Rudy Gay,UTA,55,1.2,14.30%,0.8,1,0.3,1,34.00%,43.40%,9.10%,12.10%,9.10%,1.50%,34.80%,7.4
Lou Williams,ATL,56,0.9,12.60%,1.04,0.9,0.3,0.6,44.10%,54.40%,22.00%,10.00%,20.00%,0.00%,50.00%,33.7
James Johnson,BKN,62,0.8,13.80%,1,0.8,0.4,0.7,56.10%,57.30%,11.50%,13.50%,11.50%,3.80%,50.00%,25.8
Josh Richardson,SAS,21,1.8,16.00%,1.38,2.4,0.8,1.3,57.10%,75.00%,10.80%,13.50%,8.10%,0.00%,54.10%,89.4
Xavier Tillman,MEM,53,0.9,17.80%,1.02,1,0.4,0.8,51.20%,54.90%,14.00%,8.00%,14.00%,4.00%,48.00%,30.5
Domantas Sabonis,SAC,15,2.4,12.70%,1.39,3.3,1.4,1.8,77.80%,79.60%,16.70%,13.90%,13.90%,5.60%,66.70%,90.8
Dean Wade,CLE,51,0.7,14.00%,1.44,1,0.4,0.6,61.30%,77.40%,5.90%,8.80%,5.90%,5.90%,55.90%,92.4
Spencer Dinwiddie,WAS,44,1.5,10.50%,0.74,1.1,0.4,1.3,30.40%,38.40%,7.60%,10.60%,7.60%,3.00%,30.30%,4.4
Davon Reed,DEN,48,0.7,18.00%,1.46,1,0.4,0.6,60.70%,76.80%,12.10%,6.10%,12.10%,3.00%,57.60%,93.5
Keifer Sykes,IND,32,1.1,14.90%,1.41,1.5,0.6,0.9,63.30%,75.00%,5.90%,8.80%,5.90%,2.90%,58.80%,91.8
Robert Williams III,BOS,61,0.6,7.60%,1.33,0.8,0.3,0.4,76.90%,76.90%,11.10%,16.70%,8.30%,0.00%,66.70%,85.1
Troy Brown Jr.,CHI,66,0.8,18.70%,0.87,0.7,0.3,0.7,44.20%,46.50%,10.90%,14.50%,10.90%,3.60%,41.80%,12.2
Robert Covington,POR,48,1.2,13.70%,0.86,1,0.4,1,38.30%,50.00%,1.80%,14.30%,1.80%,0.00%,33.90%,10.7
Dewayne Dedmon,MIA,67,0.5,7.60%,1.52,0.7,0.3,0.4,58.60%,75.90%,6.50%,3.20%,6.50%,3.20%,58.10%,96
Derrick White,BOS,26,1.5,13.70%,1.18,1.8,0.6,1.2,51.60%,54.80%,20.00%,7.50%,20.00%,5.00%,55.00%,58.5
Yuta Watanabe,TOR,38,1.1,24.70%,1.09,1.2,0.4,0.8,50.00%,60.00%,25.60%,9.30%,23.30%,4.70%,51.20%,44.9
Juan Toscano-Anderson,GSW,73,0.6,13.40%,1.04,0.6,0.2,0.4,56.70%,56.70%,22.20%,15.60%,17.80%,4.40%,55.60%,34.3
Keon Johnson,POR,22,2.3,18.80%,0.92,2.1,0.8,1.9,40.50%,47.60%,7.80%,9.80%,5.90%,0.00%,41.20%,18
Blake Griffin,BKN,56,0.7,10.90%,1.12,0.8,0.3,0.6,52.90%,58.80%,14.60%,12.20%,12.20%,9.80%,48.80%,50.1
Kemba Walker,NYK,37,1.2,10.10%,1.02,1.2,0.4,1,44.40%,54.20%,8.90%,11.10%,6.70%,0.00%,44.40%,31.1
P.J. Tucker,MIA,71,0.7,9.70%,0.9,0.6,0.2,0.6,37.80%,51.10%,0.00%,11.80%,0.00%,0.00%,33.30%,15
Collin Sexton,CLE,11,3.3,18.40%,1.25,4.1,1.7,2.6,65.50%,69.00%,13.90%,11.10%,13.90%,5.60%,61.10%,75.1
Aaron Holiday,WAS,41,0.9,13.90%,1.19,1.1,0.4,0.7,62.10%,67.20%,10.80%,13.50%,10.80%,2.70%,56.80%,62.2
Nemanja Bjelica,GSW,71,0.7,10.70%,0.88,0.6,0.2,0.5,50.00%,58.80%,6.00%,26.00%,4.00%,0.00%,38.00%,12.6
Willy Hernangomez,NOP,50,0.5,5.90%,1.65,0.9,0.3,0.4,77.30%,79.50%,23.10%,0.00%,23.10%,7.70%,80.80%,98.2
Leandro Bolmaro,MIN,15,0.7,23.80%,0.7,0.5,0.1,0.5,29.00%,28.60%,20.00%,20.00%,10.00%,10.00%,30.00%,5.3
Montrezl Harrell,CHA,25,1.2,12.50%,1.48,1.7,0.7,1,72.00%,72.00%,17.20%,0.00%,17.20%,3.40%,75.90%,94.4
Kevon Looney,GSW,82,0.4,6.10%,1.43,0.5,0.2,0.3,81.00%,81.00%,23.30%,6.70%,23.30%,0.00%,76.70%,92.2
Jeremy Lamb,IND,39,0.9,12.70%,1.19,1.1,0.4,0.8,45.20%,58.10%,13.90%,5.60%,8.30%,5.60%,47.20%,63.1
Donte DiVincenzo,SAC,25,1.8,15.80%,0.96,1.7,0.5,1.4,36.10%,47.20%,11.10%,8.90%,8.90%,0.00%,40.00%,21.4
Markelle Fultz,ORL,18,2.1,16.70%,1.11,2.3,0.9,1.6,58.60%,58.60%,15.80%,13.20%,10.50%,5.30%,55.30%,47
Jose Alvarado,NOP,54,1,15.40%,0.76,0.8,0.3,0.8,39.50%,43.00%,7.30%,14.50%,5.50%,1.80%,36.40%,5.6
Dylan Windler,CLE,30,0.6,20.00%,1.12,0.6,0.2,0.5,46.70%,63.30%,0.00%,11.80%,0.00%,0.00%,41.20%,53.4
Caris LeVert,CLE,19,1.8,12.20%,1.17,2.2,0.8,1.5,53.60%,57.10%,20.00%,2.90%,20.00%,2.90%,57.10%,57.9
Wayne Ellington,LAL,43,1,17.40%,0.91,1,0.3,0.9,37.50%,51.30%,0.00%,11.10%,0.00%,0.00%,33.30%,15.8
Alperen Sengun,HOU,72,0.7,6.40%,0.82,0.6,0.2,0.4,50.00%,50.00%,14.00%,28.00%,12.00%,2.00%,42.00%,8.4
Isaiah Jackson,IND,36,0.9,11.50%,1.21,1.1,0.4,0.6,71.40%,71.40%,18.20%,15.20%,21.20%,0.00%,63.60%,67.1
Kelan Martin,IND,27,1.3,18.10%,1.18,1.5,0.6,1.2,50.00%,59.40%,2.90%,2.90%,2.90%,0.00%,50.00%,59.8
Lance Stephenson,IND,40,1,9.40%,1.03,1,0.3,0.6,54.20%,58.30%,20.50%,20.50%,17.90%,2.60%,51.30%,31.7
Terrence Ross,ORL,63,0.9,8.10%,0.73,0.6,0.2,0.7,29.80%,36.20%,7.30%,9.10%,5.50%,1.80%,30.90%,3.6
Jalen Smith,IND,22,1.3,11.00%,1.39,1.8,0.8,1.3,60.70%,69.60%,0.00%,0.00%,0.00%,0.00%,60.70%,91.2
Hassan Whiteside,UTA,65,0.4,6.30%,1.35,0.6,0.3,0.4,68.00%,68.00%,17.20%,6.90%,17.20%,10.30%,65.50%,85.6
Moses Moody,GSW,52,0.6,15.20%,1.22,0.8,0.2,0.5,44.40%,53.70%,18.80%,0.00%,18.80%,3.10%,53.10%,69.5
Jevon Carter,BKN,46,0.7,16.70%,1.15,0.8,0.3,0.6,46.40%,66.10%,5.90%,11.80%,2.90%,0.00%,44.10%,54.2
Kristaps Porzingis,WAS,17,2,10.00%,1.15,2.3,0.6,1.4,41.70%,45.80%,26.50%,2.90%,23.50%,0.00%,55.90%,54.2
Jarrett Culver,MEM,21,1,20.40%,0.81,0.8,0.3,0.9,38.90%,38.90%,9.50%,4.80%,9.50%,0.00%,42.90%,9.8
Dennis Smith Jr.,POR,37,1.2,16.30%,0.91,1.1,0.4,0.8,48.30%,48.30%,18.60%,16.30%,18.60%,2.30%,48.80%,15.6
Joe Harris,BKN,14,1.3,12.70%,2.11,2.7,0.9,1.2,76.50%,111.80%,0.00%,5.60%,0.00%,0.00%,72.20%,99.8
Zeke Nnaji,DEN,41,0.7,11.60%,1.36,0.9,0.4,0.6,65.20%,73.90%,14.30%,7.10%,14.30%,3.60%,64.30%,86.9
Dennis Schroder,HOU,15,2.4,18.50%,1.06,2.5,0.7,1.5,47.80%,56.50%,16.70%,19.40%,13.90%,0.00%,47.20%,36.9
Armoni Brooks,HOU,41,0.9,12.90%,1.06,0.9,0.3,0.8,45.20%,56.50%,5.60%,11.10%,2.80%,2.80%,41.70%,36.9
Aaron Nesmith,BOS,52,0.7,16.70%,1.03,0.7,0.3,0.5,52.00%,54.00%,24.30%,16.20%,21.60%,8.10%,51.40%,31.9
Justin Holiday,SAC,25,1.6,16.70%,0.97,1.5,0.5,1.3,39.40%,51.50%,5.10%,10.30%,5.10%,0.00%,38.50%,23.4
Eric Paschall,UTA,58,0.7,13.50%,0.95,0.7,0.2,0.5,40.00%,43.30%,22.50%,12.50%,22.50%,10.00%,42.50%,20.5
Davis Bertans,DAL,22,1.3,24.80%,1.32,1.7,0.6,1.3,46.40%,64.30%,3.60%,0.00%,3.60%,3.60%,46.40%,83
Jakob Poeltl,SAS,68,0.4,3.50%,1.23,0.5,0.3,0.4,72.00%,72.00%,6.70%,13.30%,6.70%,3.30%,63.30%,71.7
Maxi Kleber,DAL,59,0.5,6.90%,1.23,0.6,0.3,0.4,57.70%,71.20%,0.00%,13.30%,0.00%,0.00%,50.00%,71.7
Kira Lewis Jr.,NOP,24,1.3,18.20%,1.16,1.5,0.6,1.1,53.80%,57.70%,15.60%,9.40%,12.50%,6.30%,53.10%,55.8
Joe Ingles,UTA,45,0.9,11.50%,0.95,0.8,0.3,0.8,35.30%,50.00%,5.10%,7.70%,0.00%,0.00%,35.90%,20.2
Maurice Harkless,SAC,47,0.9,18.70%,0.88,0.8,0.3,0.6,48.30%,53.40%,9.50%,19.00%,9.50%,0.00%,42.90%,12.8
Frank Ntilikina,DAL,58,0.8,17.80%,0.79,0.6,0.2,0.7,32.50%,37.50%,8.50%,8.50%,6.40%,2.10%,34.00%,6.4
Goga Bitadze,IND,50,0.4,6.50%,1.64,0.7,0.3,0.3,87.50%,93.80%,22.70%,13.60%,22.70%,9.10%,77.30%,97.8
Ignas Brazdeikis,ORL,42,1,18.20%,0.9,0.9,0.3,0.8,39.40%,45.50%,10.00%,7.50%,10.00%,0.00%,42.50%,14.6
Miles McBride,NYK,13,0.8,18.90%,0.9,0.7,0.2,0.6,37.50%,37.50%,20.00%,10.00%,10.00%,10.00%,40.00%,17.8
Isaiah Livers,DET,19,0.8,13.50%,2.33,1.8,0.6,0.6,91.70%,133.30%,13.30%,6.70%,13.30%,0.00%,86.70%,100
Thomas Bryant,WAS,27,0.9,13.50%,1.4,1.3,0.5,0.7,68.40%,73.70%,24.00%,12.00%,20.00%,12.00%,64.00%,91.4
Jusuf Nurkic,POR,56,0.5,3.20%,1.25,0.6,0.2,0.4,54.50%,61.40%,21.40%,7.10%,14.30%,7.10%,57.10%,75.1
Mike Muscala,OKC,43,0.7,11.20%,1.09,0.8,0.3,0.7,44.80%,58.60%,3.10%,6.30%,3.10%,0.00%,43.80%,45.3
Sterling Brown,DAL,49,0.9,22.70%,0.83,0.7,0.3,0.8,35.10%,43.20%,4.80%,9.50%,2.40%,2.40%,33.30%,8.8
Marvin Bagley III,DET,18,1.4,10.30%,1.36,1.9,0.8,1.1,70.00%,70.00%,28.00%,0.00%,28.00%,8.00%,72.00%,87.4
Terry Taylor,IND,33,1,12.10%,1.06,1,0.5,0.7,62.50%,62.50%,9.40%,15.60%,9.40%,0.00%,53.10%,38.4
Kent Bazemore,LAL,39,0.8,18.80%,1.06,0.9,0.3,0.6,44.00%,56.00%,9.40%,12.50%,6.30%,0.00%,43.80%,38.4
Trey Lyles,SAC,24,1.2,12.90%,1.14,1.4,0.5,1,56.50%,67.40%,6.90%,17.20%,6.90%,3.40%,48.30%,51.8
Santi Aldama,MEM,32,0.9,18.40%,1.14,1,0.4,0.6,60.00%,65.00%,13.80%,17.20%,13.80%,0.00%,55.20%,51.8
Trey Burke,DAL,42,0.8,13.10%,1,0.8,0.3,0.6,51.90%,59.30%,3.00%,15.20%,3.00%,0.00%,45.50%,25.8
David Duke Jr.,BKN,22,1.6,28.30%,0.92,1.5,0.7,1.5,45.50%,48.50%,5.60%,5.60%,5.60%,2.80%,44.40%,16.9
Onyeka Okongwu,ATL,48,0.5,7.00%,1.46,0.7,0.3,0.4,78.90%,78.90%,13.60%,4.50%,13.60%,4.50%,77.30%,93.5
Skylar Mays,ATL,19,0.7,18.80%,1,1,0.3,0.5,60.00%,60.00%,7.70%,23.10%,7.70%,7.70%,46.20%,31.4
Serge Ibaka,LAC,35,0.7,9.60%,1.39,0.9,0.3,0.5,68.80%,81.30%,17.40%,17.40%,8.70%,4.30%,60.90%,91
Cam Reddish,NYK,15,1.7,26.90%,1.28,2.1,0.5,0.8,66.70%,79.20%,28.00%,24.00%,24.00%,0.00%,60.00%,78.6
James Bouknight,CHA,30,1.2,22.00%,0.87,1.1,0.4,1.1,34.40%,40.60%,10.80%,5.40%,8.10%,2.70%,37.80%,12
Steven Adams,MEM,76,0.4,5.80%,0.94,0.4,0.2,0.3,75.00%,75.00%,20.60%,29.40%,20.60%,8.80%,47.10%,19.2
Josh Okogie,MIN,49,0.8,25.70%,0.84,0.7,0.2,0.5,42.30%,44.20%,18.40%,15.80%,18.40%,2.60%,42.10%,9.7
Michael Porter Jr.,DEN,9,3.3,25.40%,1.03,3.4,1.4,2.9,50.00%,55.80%,6.70%,13.30%,6.70%,6.70%,43.30%,32.9
Romeo Langford,BOS,44,0.8,15.80%,0.88,0.7,0.3,0.7,37.90%,44.80%,11.80%,5.90%,8.80%,2.90%,41.20%,13.3
Vit Krejci,OKC,30,1.2,17.00%,0.86,1,0.4,1,41.40%,48.30%,2.90%,14.30%,2.90%,0.00%,37.10%,10.7
T.J. McConnell,IND,27,1.4,15.80%,0.77,1.1,0.5,1,46.40%,48.20%,7.70%,23.10%,2.60%,2.60%,38.50%,5.8
Andre Drummond,BKN,24,0.7,6.40%,1.71,1.2,0.5,0.6,92.90%,92.90%,23.50%,0.00%,23.50%,5.90%,94.10%,99
D.J. Augustin,LAL,21,1,21.20%,1.38,1.4,0.5,1,50.00%,72.50%,0.00%,4.80%,0.00%,0.00%,47.60%,89.8
Thanasis Antetokounmpo,MIL,35,0.4,12.00%,0.93,0.4,0.1,0.3,50.00%,50.00%,14.30%,14.30%,0.00%,0.00%,50.00%,18.8
Khem Birch,TOR,55,0.4,8.50%,1.32,0.5,0.2,0.3,68.80%,68.80%,31.80%,9.10%,31.80%,13.60%,68.20%,82.5
Malachi Flynn,TOR,44,0.7,14.10%,1,0.7,0.3,0.6,46.20%,53.80%,3.40%,6.90%,3.40%,0.00%,44.80%,25.8
LaMarcus Aldridge,BKN,47,0.5,4.60%,1.12,0.6,0.3,0.4,65.00%,67.50%,12.00%,16.00%,12.00%,8.00%,52.00%,49.7
Justise Winslow,LAC,37,1.2,23.20%,0.61,0.8,0.3,0.7,40.00%,40.00%,21.70%,23.90%,19.60%,0.00%,39.10%,1.6
Omer Yurtseven,MIA,56,0.4,7.00%,1.23,0.5,0.2,0.3,73.30%,73.30%,22.70%,13.60%,22.70%,4.50%,68.20%,70.5
Jock Landale,SAS,54,0.4,9.10%,1.17,0.5,0.2,0.4,54.50%,59.10%,4.30%,4.30%,4.30%,4.30%,52.20%,58.3
Elijah Hughes,POR,22,1.2,22.20%,1.04,1.2,0.5,1,43.50%,58.70%,0.00%,11.50%,0.00%,0.00%,38.50%,33.3
Justise Winslow,POR,11,2.5,19.60%,1,2.5,1,1.8,55.00%,55.00%,18.50%,14.80%,18.50%,7.40%,48.10%,25.8
Bryn Forbes,DEN,35,0.8,10.00%,0.96,0.8,0.3,0.7,36.00%,48.00%,7.10%,7.10%,7.10%,3.60%,35.70%,22.1
Marvin Bagley III,SAC,30,1.1,11.20%,0.84,0.9,0.3,0.7,40.90%,43.20%,18.80%,18.80%,18.80%,6.30%,40.60%,10.2
Anthony Gill,WAS,44,0.4,11.90%,1.44,0.6,0.2,0.3,69.20%,76.90%,27.80%,5.60%,27.80%,5.60%,66.70%,92.6
D.J. Augustin,HOU,34,0.7,12.30%,1.08,0.8,0.3,0.5,56.30%,71.90%,8.30%,25.00%,0.00%,0.00%,45.80%,42.7
Ish Smith,CHA,37,1.2,19.20%,0.59,0.7,0.3,0.9,34.30%,34.30%,4.50%,18.20%,4.50%,2.30%,29.50%,1.4
Rodney Hood,MIL,39,0.4,9.70%,1.79,0.6,0.2,0.3,69.20%,92.30%,7.10%,0.00%,7.10%,0.00%,71.40%,99.4
Juancho Hernangomez,UTA,16,1.2,21.30%,1.32,1.6,0.6,0.8,69.20%,80.80%,15.80%,15.80%,15.80%,0.00%,63.20%,82
Andre Iguodala,GSW,31,0.7,13.90%,1.14,0.8,0.3,0.5,71.40%,75.00%,9.10%,27.30%,9.10%,0.00%,54.50%,51.5
Isaiah Joe,PHI,55,0.4,11.80%,1,0.4,0.1,0.3,42.10%,52.60%,12.50%,12.50%,12.50%,4.20%,41.70%,25.8
Aaron Holiday,PHX,22,1.1,14.50%,1,1.1,0.3,0.7,43.80%,50.00%,20.80%,16.70%,16.70%,4.20%,45.80%,25.8
Goran Dragic,BKN,16,2,20.00%,0.75,1.5,0.6,1.1,50.00%,52.80%,12.50%,34.40%,12.50%,3.10%,34.40%,4.8
Kris Dunn,POR,14,2.3,22.50%,0.75,1.7,0.7,1.6,43.50%,43.50%,6.30%,21.90%,6.30%,0.00%,37.50%,4.8
Larry Nance Jr.,POR,37,0.4,5.70%,1.64,0.6,0.2,0.3,75.00%,87.50%,14.30%,7.10%,14.30%,7.10%,71.40%,98
Justin Anderson,IND,13,1.2,15.30%,1.53,1.8,0.6,1.1,57.10%,71.40%,13.30%,0.00%,13.30%,6.70%,60.00%,96.6
Brook Lopez,MIL,13,1.5,12.40%,1.21,1.8,0.7,1.5,47.40%,60.50%,0.00%,0.00%,0.00%,0.00%,47.40%,66.5
Lindell Wigginton,MIL,19,1.1,22.70%,1.15,1.2,0.3,0.7,42.90%,53.60%,35.00%,0.00%,30.00%,5.00%,55.00%,55.2
Isaiah Thomas,CHA,17,1.3,16.10%,1.05,1.4,0.4,1.1,36.80%,50.00%,9.10%,4.50%,9.10%,0.00%,40.90%,34.5
Trent Forrest,UTA,60,0.4,10.30%,1,0.4,0.2,0.3,62.50%,62.50%,13.00%,21.70%,13.00%,4.30%,52.20%,25.8
Patrick Williams,CHI,17,1.4,17.60%,0.96,1.4,0.4,0.7,58.30%,66.70%,20.80%,29.20%,20.80%,0.00%,45.80%,21.6
Brandon Goodwin,CLE,36,0.9,15.30%,0.74,0.6,0.2,0.6,38.10%,40.50%,19.40%,16.10%,19.40%,3.20%,38.70%,4.2
Jaylen Hoard,OKC,7,1.9,12.30%,1.69,3.1,1.1,1.6,72.70%,81.80%,23.10%,7.70%,23.10%,15.40%,69.20%,98.4
Trevor Ariza,LAL,24,0.8,16.10%,1.16,0.9,0.3,0.6,46.70%,63.30%,15.80%,5.30%,10.50%,0.00%,47.40%,56.3
Drew Eubanks,POR,22,0.9,7.40%,1.1,1,0.5,0.8,58.80%,61.80%,5.00%,10.00%,5.00%,0.00%,55.00%,45.9
Alex Len,SAC,39,0.5,8.50%,1.05,0.6,0.2,0.4,53.30%,53.30%,23.80%,9.50%,23.80%,4.80%,57.10%,34.9
Larry Nance Jr.,NOP,9,1.3,19.00%,1.75,2.3,1,1.1,90.00%,95.00%,8.30%,8.30%,8.30%,0.00%,83.30%,99.2
Jevon Carter,MIL,20,0.8,17.60%,1.31,1.1,0.4,0.7,57.10%,75.00%,0.00%,12.50%,0.00%,0.00%,50.00%,81.6
Braxton Key,DET,9,2.1,22.60%,1.11,2.3,1,1.4,69.20%,73.10%,10.50%,21.10%,10.50%,0.00%,57.90%,47
Mitchell Robinson,NYK,72,0.2,3.10%,1.33,0.3,0.1,0.1,80.00%,80.00%,26.70%,6.70%,20.00%,0.00%,80.00%,85.1
Vlatko Cancar,DEN,15,1.1,28.10%,1.25,1.3,0.5,0.8,66.70%,70.80%,12.50%,12.50%,12.50%,0.00%,62.50%,75.1
Josh Jackson,SAC,12,1.8,31.30%,0.95,1.7,0.5,1.1,46.20%,46.20%,28.60%,19.00%,28.60%,9.50%,47.60%,20.8
Danuel House Jr.,HOU,16,1.6,24.80%,0.8,1.3,0.4,1.1,33.30%,44.40%,8.00%,20.00%,8.00%,0.00%,32.00%,6.8
Daishen Nix,HOU,24,1.1,25.50%,0.74,0.8,0.3,0.5,50.00%,54.20%,18.50%,37.00%,18.50%,0.00%,37.00%,4
Reggie Perry,POR,9,1.4,13.80%,1.46,2.1,1,1.1,90.00%,90.00%,15.40%,15.40%,15.40%,7.70%,76.90%,94
Marquese Chriss,DAL,34,0.4,8.40%,1.36,0.6,0.2,0.3,70.00%,75.00%,21.40%,7.10%,21.40%,0.00%,71.40%,86.9
Norman Powell,LAC,5,2.8,16.30%,1.36,3.8,0.8,1.4,57.10%,71.40%,42.90%,7.10%,42.90%,0.00%,71.40%,86.9
Tony Bradley,CHI,52,0.2,7.80%,1.33,0.3,0.2,0.2,72.70%,72.70%,0.00%,8.30%,0.00%,0.00%,66.70%,85.3
Damian Jones,SAC,56,0.3,4.50%,1.12,0.3,0.1,0.2,46.20%,46.20%,29.40%,5.90%,29.40%,11.80%,52.90%,49.5
Rajon Rondo,CLE,21,0.9,12.10%,1.06,0.9,0.3,0.5,54.50%,63.60%,16.70%,22.20%,0.00%,0.00%,50.00%,36.9
Andre Drummond,PHI,49,0.4,5.10%,1.06,0.4,0.2,0.3,69.20%,69.20%,11.10%,22.20%,11.10%,5.60%,55.60%,36.9
Victor Oladipo,MIA,8,2.5,20.60%,0.95,2.4,0.9,1.8,50.00%,57.10%,10.00%,25.00%,10.00%,5.00%,40.00%,20.5
Elfrid Payton,PHX,51,0.5,11.90%,0.68,0.4,0.2,0.5,39.10%,39.10%,7.10%,14.30%,7.10%,3.60%,35.70%,2.6
Devin Cannady,ORL,5,2,19.20%,1.8,3.6,1.2,2,60.00%,90.00%,0.00%,0.00%,0.00%,0.00%,60.00%,99.6
Zach Collins,SAS,28,0.4,5.20%,1.5,0.6,0.2,0.3,71.40%,78.60%,41.70%,8.30%,25.00%,8.30%,75.00%,95.8
Alfonzo McKinnie,CHI,17,0.8,19.40%,1.29,1.1,0.4,0.8,53.80%,65.40%,7.10%,0.00%,7.10%,0.00%,57.10%,79.5
Drew Eubanks,SAS,50,0.3,5.80%,1.29,0.4,0.1,0.2,87.50%,87.50%,21.40%,35.70%,21.40%,14.30%,57.10%,79.5
Admiral Schofield,ORL,38,0.4,9.80%,1.2,0.5,0.2,0.4,50.00%,64.30%,0.00%,6.70%,0.00%,0.00%,46.70%,64.8
Taj Gibson,NYK,52,0.3,6.80%,1.2,0.3,0.1,0.3,46.20%,53.80%,13.30%,0.00%,13.30%,0.00%,53.30%,64.8
Davis Bertans,WAS,34,0.6,11.30%,0.82,0.5,0.2,0.6,36.80%,47.40%,0.00%,13.60%,0.00%,0.00%,31.80%,7.8
Brad Wanamaker,IND,22,1.1,23.30%,0.75,0.8,0.2,0.7,33.30%,33.30%,20.80%,25.00%,16.70%,8.30%,33.30%,4.8
Donte DiVincenzo,MIL,17,1.6,17.60%,0.64,1.1,0.2,1.1,22.20%,30.60%,14.30%,21.40%,3.60%,0.00%,28.60%,2
Olivier Sarr,OKC,22,0.6,10.30%,1.21,0.8,0.2,0.5,50.00%,65.00%,14.30%,14.30%,7.10%,0.00%,50.00%,68.3
Georgios Kalaitzakis,OKC,4,3.8,18.80%,1.13,4.3,1.5,2.5,60.00%,60.00%,26.70%,13.30%,26.70%,6.70%,53.30%,50.9
Daniel Theis,HOU,26,0.6,7.00%,1.06,0.7,0.3,0.5,61.50%,65.40%,0.00%,18.80%,0.00%,0.00%,50.00%,38.4
Jeremy Lamb,SAC,17,1.1,12.90%,0.94,1,0.3,0.9,33.30%,36.70%,22.20%,0.00%,11.10%,5.60%,44.40%,19.6
DeMarcus Cousins,DEN,31,0.6,6.00%,0.9,0.5,0.1,0.4,36.40%,45.50%,21.10%,26.30%,21.10%,5.30%,36.80%,14.4
Keljin Blevins,POR,31,0.9,21.80%,0.59,0.5,0.2,0.7,26.10%,34.80%,3.40%,17.20%,0.00%,0.00%,24.10%,1.2
Cody Zeller,POR,27,0.4,8.40%,1.46,0.6,0.2,0.3,66.70%,66.70%,18.20%,0.00%,18.20%,0.00%,72.70%,93.5
Frank Kaminsky,PHX,9,1.4,16.50%,1.23,1.8,0.7,1.3,50.00%,58.30%,7.70%,0.00%,7.70%,0.00%,53.80%,71.1
DeMarcus Cousins,MIL,17,0.8,9.50%,1.14,0.9,0.4,0.6,60.00%,60.00%,28.60%,21.40%,28.60%,21.40%,50.00%,52.2
Jalen Smith,PHX,29,0.5,8.20%,1.07,0.6,0.2,0.4,41.70%,45.80%,33.30%,0.00%,20.00%,13.30%,46.70%,39.5
Ish Smith,WAS,28,0.7,6.60%,0.84,0.6,0.2,0.5,46.20%,53.80%,5.30%,26.30%,0.00%,0.00%,36.80%,9.7
Tomas Satoransky,NOP,32,0.6,13.60%,0.84,0.5,0.2,0.3,50.00%,50.00%,26.30%,26.30%,26.30%,5.30%,47.40%,9.7
DeAndre Jordan,LAL,32,0.3,8.90%,1.36,0.5,0.2,0.3,77.80%,77.80%,9.10%,9.10%,9.10%,0.00%,72.70%,88.5
Moses Brown,CLE,14,0.8,13.80%,1.36,1.1,0.4,0.5,71.40%,71.40%,36.40%,0.00%,36.40%,0.00%,81.80%,88.5
Bismack Biyombo,PHX,36,0.3,5.90%,1.25,0.4,0.2,0.3,70.00%,70.00%,8.30%,8.30%,8.30%,0.00%,66.70%,75.1
Tristan Thompson,SAC,30,0.4,6.30%,1.15,0.5,0.2,0.2,83.30%,83.30%,30.80%,23.10%,30.80%,0.00%,69.20%,55.5
Javonte Smart,MIL,13,1.2,27.30%,1,1.2,0.5,1,46.20%,50.00%,6.70%,6.70%,6.70%,0.00%,46.70%,25.8
Gary Clark,NOP,37,0.5,16.20%,0.88,0.4,0.1,0.4,35.70%,53.60%,0.00%,17.60%,0.00%,0.00%,29.40%,13.3
KZ Okpala,MIA,21,0.6,16.70%,1.08,0.7,0.2,0.4,44.40%,44.40%,23.10%,7.70%,23.10%,0.00%,53.80%,41.5
Dwight Howard,LAL,60,0.2,3.90%,1.08,0.2,0.1,0.1,50.00%,50.00%,30.80%,15.40%,30.80%,7.70%,53.80%,41.5
Rajon Rondo,LAL,18,0.8,14.20%,0.93,0.8,0.3,0.7,41.70%,58.30%,0.00%,20.00%,0.00%,0.00%,33.30%,18.6
Tomas Satoransky,WAS,22,0.8,15.30%,0.78,0.6,0.3,0.6,53.80%,53.80%,0.00%,27.80%,0.00%,0.00%,38.90%,6
Jamorko Pickett,DET,13,0.8,17.90%,1.3,1,0.3,0.6,50.00%,75.00%,10.00%,10.00%,10.00%,0.00%,50.00%,80.4
Wenyen Gabriel,LAL,19,0.6,8.70%,1.18,0.7,0.2,0.4,57.10%,64.30%,27.30%,9.10%,27.30%,0.00%,54.50%,61
Daniel Theis,BOS,21,0.6,8.60%,1.08,0.6,0.3,0.5,54.50%,59.10%,0.00%,8.30%,0.00%,0.00%,50.00%,42.7
Matt Thomas,CHI,40,0.5,12.00%,0.72,0.3,0.1,0.4,13.30%,20.00%,16.70%,0.00%,0.00%,0.00%,27.80%,3.2
Xavier Moon,LAC,10,1.2,20.70%,1,1.2,0.5,0.9,55.60%,55.60%,8.30%,16.70%,8.30%,0.00%,50.00%,25.8
Serge Ibaka,MIL,19,0.6,10.20%,0.92,0.6,0.3,0.6,45.50%,50.00%,0.00%,8.30%,0.00%,0.00%,41.70%,16.9
Hassani Gravett,ORL,8,1.5,25.00%,0.92,1.4,0.4,1.1,33.30%,50.00%,8.30%,16.70%,8.30%,0.00%,33.30%,16.9
Semi Ojeleye,MIL,20,0.7,17.30%,0.79,0.6,0.2,0.6,25.00%,37.50%,7.10%,7.10%,7.10%,0.00%,28.60%,6.2
Killian Tillie,MEM,36,0.4,11.10%,0.69,0.3,0.1,0.4,30.80%,30.80%,12.50%,6.30%,12.50%,0.00%,37.50%,2.8
Chris Chiozza,GSW,34,0.6,16.80%,0.58,0.3,0.1,0.4,28.60%,35.70%,5.30%,26.30%,5.30%,5.30%,21.10%,1
P.J. Dozier,DEN,18,1.2,17.60%,0.52,0.6,0.2,0.8,20.00%,23.30%,9.50%,19.00%,9.50%,0.00%,23.80%,0.8
Malcolm Hill,CHI,16,0.6,19.60%,1,0.6,0.3,0.6,44.40%,50.00%,10.00%,0.00%,10.00%,0.00%,50.00%,25.8
Justin Robinson,MIL,17,0.6,16.20%,0.82,0.5,0.2,0.6,40.00%,45.00%,0.00%,9.10%,0.00%,0.00%,36.40%,7.8
Abdel Nader,PHX,14,0.8,21.60%,0.82,0.6,0.2,0.6,33.30%,33.30%,18.20%,0.00%,18.20%,0.00%,45.50%,7.8
Nickeil Alexander-Walker,UTA,14,0.9,20.00%,0.67,0.6,0.1,0.8,18.20%,18.20%,25.00%,0.00%,25.00%,16.70%,25.00%,2.4
Tony Snell,POR,38,0.3,11.90%,0.62,0.2,0.1,0.3,33.30%,33.30%,0.00%,7.70%,0.00%,0.00%,30.80%,1.8
Armoni Brooks,TOR,13,0.9,27.90%,0.5,0.5,0.2,0.8,18.20%,27.30%,0.00%,8.30%,0.00%,0.00%,16.70%,0.6
Isaiah Thomas,LAL,4,3.3,26.50%,0.46,1.5,0.3,2.5,10.00%,15.00%,15.40%,7.70%,15.40%,0.00%,23.10%,0.4
Mychal Mulder,ORL,15,0.7,14.50%,0.46,0.3,0.1,0.7,20.00%,25.00%,0.00%,9.10%,0.00%,0.00%,18.20%,0.2